timestamp_utc,overall_available,cheapest_price,vast_available,vast_price,lambda_available,lambda_price,runpod_available,runpod_price
2026-07-16 00:56:37,0,,0,,0,,0,
2026-07-16 03:19:03,0,,0,,0,,0,
2026-07-16 11:52:51,0,,0,,0,,0,
2026-07-16 12:07:22,0,,0,,0,,0,
2026-07-16 15:22:11,1,5.002,1,5.002,0,,0,
2026-07-16 19:43:33,1,5.002,1,5.002,0,,0,
2026-07-16 23:12:00,1,5.002,1,5.002,0,,0,
2026-07-17 02:08:52,1,5.127,1,5.127,0,,1,6.94
2026-07-17 02:09:18,1,5.127,1,5.127,0,,1,6.94
2026-07-17 02:10:16,1,5.127,1,5.127,0,,1,6.94
2026-07-17 02:19:30,1,5.127,1,5.127,0,,1,6.94
2026-07-17 02:20:14,1,5.127,1,5.127,0,,1,6.94
2026-07-17 02:29:09,1,5.127,1,5.127,0,,1,6.94
2026-07-17 02:30:19,1,5.127,1,5.127,0,,1,6.94
2026-07-17 02:40:16,1,5.127,1,5.127,0,,1,6.94
2026-07-17 02:50:14,1,5.127,1,5.127,0,,1,6.94
2026-07-17 03:00:21,1,5.127,1,5.127,0,,1,6.94
2026-07-17 03:10:14,1,5.127,1,5.127,0,,1,6.94
2026-07-17 03:20:15,1,5.127,1,5.127,0,,1,6.94
2026-07-17 03:30:18,1,5.127,1,5.127,0,,1,6.94
2026-07-17 03:40:11,1,5.127,1,5.127,0,,1,6.94
2026-07-17 03:50:13,1,5.127,1,5.127,0,,1,6.94
2026-07-17 04:00:17,1,5.127,1,5.127,0,,1,6.94
2026-07-17 04:10:19,1,5.127,1,5.127,0,,1,6.94
2026-07-17 04:20:12,1,5.127,1,5.127,0,,1,6.94
2026-07-17 04:30:14,1,5.127,1,5.127,0,,1,6.94
2026-07-17 04:40:13,1,5.127,1,5.127,0,,1,6.94
2026-07-17 04:50:13,1,5.127,1,5.127,0,,1,6.94
2026-07-17 05:00:19,1,5.127,1,5.127,0,,1,6.94
2026-07-17 05:10:16,1,5.127,1,5.127,0,,0,
2026-07-17 05:20:13,1,5.127,1,5.127,0,,0,
2026-07-17 05:30:16,1,5.127,1,5.127,0,,1,6.94
2026-07-17 05:40:16,1,5.127,1,5.127,0,,1,6.94
2026-07-17 05:50:14,1,5.127,1,5.127,0,,1,6.94
2026-07-17 06:00:19,1,5.127,1,5.127,0,,1,6.94
2026-07-17 06:10:15,1,5.127,1,5.127,0,,1,6.94
2026-07-17 06:20:15,1,5.127,1,5.127,0,,0,
2026-07-17 06:30:15,1,5.127,1,5.127,0,,0,
2026-07-17 06:40:16,1,5.127,1,5.127,0,,1,6.94
2026-07-17 06:50:15,1,5.127,1,5.127,0,,1,6.94
2026-07-17 07:00:20,1,5.127,1,5.127,0,,1,6.94
2026-07-17 07:10:13,1,5.127,1,5.127,0,,1,6.94
2026-07-17 07:20:15,1,5.127,1,5.127,0,,1,6.94
2026-07-17 07:30:16,1,5.127,1,5.127,0,,1,6.94
2026-07-17 07:31:02,1,5.127,1,5.127,0,,1,6.94
2026-07-17 07:40:16,1,5.127,1,5.127,0,,1,6.94
2026-07-17 07:50:14,1,5.127,1,5.127,0,,1,6.94
2026-07-17 08:00:18,1,5.127,1,5.127,0,,1,6.94
2026-07-17 08:10:12,1,5.127,1,5.127,0,,1,6.94
2026-07-17 08:20:14,1,5.127,1,5.127,0,,1,6.94
2026-07-17 08:30:21,1,5.127,1,5.127,0,,1,6.94
2026-07-17 08:40:14,1,5.127,1,5.127,0,,1,6.94
2026-07-17 08:50:14,1,5.127,1,5.127,0,,1,6.94
2026-07-17 09:00:19,1,5.127,1,5.127,0,,1,6.94
2026-07-17 09:10:13,1,5.127,1,5.127,0,,0,
2026-07-17 09:20:13,1,5.127,1,5.127,0,,0,
2026-07-17 09:30:15,1,5.127,1,5.127,0,,1,6.94
2026-07-17 09:40:14,1,5.127,1,5.127,0,,1,6.94
2026-07-17 09:50:12,1,5.127,1,5.127,0,,1,6.94
2026-07-17 10:00:20,1,5.127,1,5.127,0,,1,6.94
2026-07-17 10:10:13,1,5.127,1,5.127,0,,1,6.94
2026-07-17 10:20:13,1,5.127,1,5.127,0,,1,6.94
2026-07-17 10:30:17,1,5.127,1,5.127,0,,1,6.94
2026-07-17 10:33:50,1,6.251,1,6.251,0,,1,6.94
2026-07-17 10:40:12,1,6.251,1,6.251,0,,1,6.94
2026-07-17 10:50:14,1,6.251,1,6.251,0,,1,6.94
2026-07-17 11:00:18,1,6.251,1,6.251,0,,1,6.94
2026-07-17 11:10:14,1,6.251,1,6.251,0,,1,6.94
2026-07-17 11:20:14,1,6.251,1,6.251,0,,1,6.94
2026-07-17 11:30:14,1,6.251,1,6.251,0,,0,
2026-07-17 11:40:14,1,6.251,1,6.251,0,,1,6.94
2026-07-17 11:50:17,1,6.251,1,6.251,0,,1,6.94
2026-07-17 12:00:04,1,6.251,1,6.251,0,,1,6.94
2026-07-17 12:10:14,1,6.251,1,6.251,0,,1,6.94
2026-07-17 12:20:12,1,6.251,1,6.251,0,,1,6.94
2026-07-17 12:30:21,1,6.251,1,6.251,0,,1,6.94
2026-07-17 12:40:14,1,6.251,1,6.251,0,,1,6.94
2026-07-17 12:50:12,1,6.251,1,6.251,0,,0,
2026-07-17 13:00:22,1,6.251,1,6.251,0,,1,6.94
2026-07-17 13:10:13,1,6.251,1,6.251,0,,0,
2026-07-17 13:20:14,1,6.251,1,6.251,0,,0,
2026-07-17 13:30:16,1,6.251,1,6.251,0,,0,
2026-07-17 13:40:15,1,6.251,1,6.251,0,,0,
2026-07-17 13:50:16,1,6.251,1,6.251,0,,1,6.94
2026-07-17 14:00:24,1,6.251,1,6.251,0,,0,
2026-07-17 14:10:14,1,6.251,1,6.251,0,,0,
2026-07-17 14:20:15,1,6.251,1,6.251,0,,0,
2026-07-17 14:30:19,1,6.251,1,6.251,0,,0,
2026-07-17 14:40:16,1,6.251,1,6.251,0,,0,
2026-07-17 14:50:12,1,6.251,1,6.251,0,,0,
2026-07-17 15:00:29,1,6.251,1,6.251,0,,0,
2026-07-17 15:10:18,1,6.251,1,6.251,0,,0,
2026-07-17 15:20:25,1,6.251,1,6.251,0,,0,
2026-07-17 15:30:16,1,6.251,1,6.251,0,,0,
2026-07-17 15:40:13,1,6.251,1,6.251,0,,0,
2026-07-17 15:50:16,1,6.251,1,6.251,0,,0,
2026-07-17 16:00:24,1,6.251,1,6.251,0,,0,
2026-07-17 16:10:18,1,6.251,1,6.251,0,,0,
2026-07-17 16:20:16,1,6.251,1,6.251,0,,0,
2026-07-17 16:30:15,1,6.251,1,6.251,0,,0,
2026-07-17 16:38:23,1,6.251,1,6.251,0,,0,
2026-07-17 16:40:15,1,6.251,1,6.251,0,,0,
2026-07-17 16:50:16,1,6.251,1,6.251,0,,0,
2026-07-17 17:00:20,1,6.251,1,6.251,0,,0,
2026-07-17 17:10:16,1,6.251,1,6.251,0,,0,
2026-07-17 17:20:17,1,6.25,1,6.25,0,,0,
2026-07-17 17:30:15,1,6.25,1,6.25,0,,0,
2026-07-17 17:40:14,1,6.25,1,6.25,0,,0,
2026-07-17 17:50:16,1,6.25,1,6.25,0,,0,
2026-07-17 18:00:18,1,6.25,1,6.25,0,,0,
2026-07-17 18:10:13,1,6.25,1,6.25,0,,0,
2026-07-17 18:20:13,1,6.25,1,6.25,0,,0,
2026-07-17 18:30:20,1,6.25,1,6.25,0,,0,
2026-07-17 18:40:17,1,6.25,1,6.25,0,,0,
2026-07-17 18:50:16,1,6.25,1,6.25,0,,0,
2026-07-17 19:00:21,1,6.25,1,6.25,0,,0,
2026-07-17 19:10:14,1,6.25,1,6.25,0,,0,
2026-07-17 19:20:15,1,6.25,1,6.25,0,,0,
2026-07-17 19:30:15,1,6.25,1,6.25,0,,1,6.94
2026-07-17 19:40:16,1,6.25,1,6.25,0,,0,
2026-07-17 19:50:17,1,6.25,1,6.25,0,,0,
2026-07-17 20:00:20,1,6.25,1,6.25,0,,0,
2026-07-17 20:10:16,1,6.25,1,6.25,0,,0,
2026-07-17 20:15:01,1,6.25,1,6.25,0,,0,
2026-07-17 20:20:15,1,6.25,1,6.25,0,,0,
2026-07-17 20:31:37,1,6.25,1,6.25,0,,1,6.94
2026-07-17 20:40:13,1,6.25,1,6.25,0,,0,
2026-07-17 20:50:12,1,6.25,1,6.25,0,,0,
2026-07-17 21:00:18,1,6.25,1,6.25,0,,0,
2026-07-17 21:10:14,1,6.25,1,6.25,0,,0,
2026-07-17 21:20:13,1,6.25,1,6.25,0,,0,
2026-07-17 21:30:15,1,6.25,1,6.25,0,,0,
2026-07-17 21:40:14,1,6.25,1,6.25,0,,0,
2026-07-17 21:50:16,1,6.25,1,6.25,0,,1,6.94
2026-07-17 22:00:21,1,6.25,1,6.25,0,,1,6.94
2026-07-17 22:10:14,1,6.25,1,6.25,0,,1,6.94
2026-07-17 22:20:18,1,6.25,1,6.25,0,,1,6.94
2026-07-17 22:30:15,1,6.25,1,6.25,0,,1,6.94
2026-07-17 22:40:15,1,6.25,1,6.25,0,,1,6.94
2026-07-17 22:50:17,1,6.25,1,6.25,0,,0,
2026-07-17 23:00:22,1,6.25,1,6.25,0,,0,
2026-07-17 23:10:16,1,6.25,1,6.25,0,,0,
2026-07-17 23:12:33,1,6.25,1,6.25,0,,0,
2026-07-17 23:20:15,1,6.25,1,6.25,0,,0,
2026-07-17 23:30:17,1,6.25,1,6.25,0,,0,
2026-07-17 23:40:14,1,6.25,1,6.25,0,,0,
2026-07-17 23:50:15,1,6.25,1,6.25,0,,0,
2026-07-18 00:00:20,1,6.25,1,6.25,0,,0,
2026-07-18 00:10:16,1,6.25,1,6.25,0,,0,
2026-07-18 00:20:13,1,6.25,1,6.25,0,,0,
2026-07-18 00:30:17,1,6.25,1,6.25,0,,0,
2026-07-18 00:40:16,1,6.25,1,6.25,0,,0,
2026-07-18 00:50:13,1,6.25,1,6.25,0,,0,
2026-07-18 01:00:21,1,6.25,1,6.25,0,,0,
2026-07-18 01:10:12,1,6.25,1,6.25,0,,0,
2026-07-18 01:20:13,1,6.25,1,6.25,0,,0,
2026-07-18 01:30:13,1,6.25,1,6.25,0,,0,
2026-07-18 01:40:13,1,6.25,1,6.25,0,,0,
2026-07-18 01:50:12,1,6.25,1,6.25,0,,0,
2026-07-18 02:00:23,1,6.25,1,6.25,0,,0,
2026-07-18 02:10:14,1,6.25,1,6.25,0,,0,
2026-07-18 02:20:11,1,6.25,1,6.25,0,,0,
2026-07-18 02:30:13,1,6.25,1,6.25,0,,1,6.94
2026-07-18 02:40:12,1,6.25,1,6.25,0,,1,6.94
2026-07-18 02:50:12,1,6.25,1,6.25,0,,1,6.94
2026-07-18 03:00:16,1,6.25,1,6.25,0,,1,6.94
2026-07-18 03:10:13,1,6.25,1,6.25,0,,1,6.94
2026-07-18 03:20:13,1,6.25,1,6.25,0,,1,6.94
2026-07-18 03:30:16,1,6.25,1,6.25,0,,1,6.94
2026-07-18 03:40:14,1,6.25,1,6.25,0,,1,6.94
2026-07-18 03:50:15,1,6.25,1,6.25,0,,1,6.94
2026-07-18 04:00:18,1,6.25,1,6.25,0,,1,6.94
2026-07-18 04:10:12,1,6.25,1,6.25,0,,1,6.94
2026-07-18 04:20:12,1,6.25,1,6.25,0,,0,
2026-07-18 04:30:15,1,6.25,1,6.25,0,,0,
2026-07-18 04:40:14,1,6.25,1,6.25,0,,0,
2026-07-18 04:50:13,1,5.625,1,5.625,0,,0,
2026-07-18 05:00:23,1,5.625,1,5.625,0,,0,
2026-07-18 05:12:07,1,5.625,1,5.625,0,,0,
2026-07-18 05:20:16,1,5.625,1,5.625,0,,0,
2026-07-18 05:30:14,1,5.625,1,5.625,0,,0,
2026-07-18 05:40:58,1,5.625,1,5.625,0,,0,
2026-07-18 05:50:13,1,5.625,1,5.625,0,,0,
2026-07-18 06:00:18,1,5.625,1,5.625,0,,0,
2026-07-18 06:10:14,1,5.626,1,5.626,0,,0,
2026-07-18 06:20:11,1,5.626,1,5.626,0,,0,
2026-07-18 06:30:17,1,5.626,1,5.626,0,,0,
2026-07-18 06:31:58,1,5.626,1,5.626,0,,0,
2026-07-18 06:40:11,1,5.626,1,5.626,0,,0,
2026-07-18 06:50:14,1,5.626,1,5.626,0,,0,
2026-07-18 07:00:17,1,5.626,1,5.626,0,,0,
2026-07-18 07:10:10,1,5.626,1,5.626,0,,0,
2026-07-18 07:20:12,1,5.626,1,5.626,0,,0,
2026-07-18 07:30:17,1,5.626,1,5.626,0,,0,
2026-07-18 07:40:12,1,5.626,1,5.626,0,,0,
2026-07-18 07:50:14,1,5.626,1,5.626,0,,0,
2026-07-18 08:00:16,1,5.626,1,5.626,0,,0,
2026-07-18 08:10:12,1,5.626,1,5.626,0,,0,
2026-07-18 08:20:11,1,5.626,1,5.626,0,,0,
2026-07-18 08:31:33,1,7.501,1,7.501,0,,0,
2026-07-18 08:40:10,1,5.626,1,5.626,0,,0,
2026-07-18 08:50:11,1,7.501,1,7.501,0,,0,
2026-07-18 09:00:20,1,7.501,1,7.501,0,,0,
2026-07-18 09:10:15,1,7.501,1,7.501,0,,0,
2026-07-18 09:20:13,1,7.501,1,7.501,0,,0,
2026-07-18 09:30:17,1,7.501,1,7.501,0,,0,
2026-07-18 09:41:39,1,7.501,1,7.501,0,,0,
2026-07-18 09:50:14,1,7.501,1,7.501,0,,0,
2026-07-18 10:00:16,1,7.501,1,7.501,0,,0,
2026-07-18 10:10:12,1,7.501,1,7.501,0,,0,
2026-07-18 10:21:56,1,7.501,1,7.501,0,,0,
2026-07-18 10:30:15,1,7.501,1,7.501,0,,0,
2026-07-18 10:41:54,1,7.501,1,7.501,0,,0,
2026-07-18 10:48:53,1,6.94,1,7.501,0,,1,6.94
2026-07-18 10:50:11,1,6.94,1,7.501,0,,1,6.94
2026-07-18 11:02:01,1,6.94,1,7.501,0,,1,6.94
2026-07-18 11:10:15,1,6.94,1,7.501,0,,1,6.94
2026-07-18 11:20:13,1,6.94,1,7.501,0,,1,6.94
2026-07-18 11:30:16,1,6.94,1,7.501,0,,1,6.94
2026-07-18 11:40:13,1,6.94,1,7.501,0,,1,6.94
2026-07-18 11:50:14,1,6.94,1,7.501,0,,1,6.94
2026-07-18 12:00:19,1,6.94,1,7.501,0,,1,6.94
2026-07-18 12:10:11,1,6.94,1,7.501,0,,1,6.94
2026-07-18 12:20:16,1,7.501,1,7.501,0,,0,
2026-07-18 12:32:32,1,7.501,1,7.501,0,,0,
2026-07-18 12:40:13,1,7.501,1,7.501,0,,0,
2026-07-18 12:50:15,1,7.501,1,7.501,0,,0,
2026-07-18 13:00:19,1,7.501,1,7.501,0,,0,
2026-07-18 13:10:15,1,7.501,1,7.501,0,,0,
2026-07-18 13:20:15,1,7.501,1,7.501,0,,0,
2026-07-18 13:30:18,1,7.501,1,7.501,0,,0,
2026-07-18 13:40:18,1,7.501,1,7.501,0,,0,
2026-07-18 13:50:14,1,7.501,1,7.501,0,,0,
2026-07-18 14:00:22,1,7.501,1,7.501,0,,0,
2026-07-18 14:10:12,1,7.501,1,7.501,0,,0,
2026-07-18 14:20:12,1,7.501,1,7.501,0,,0,
2026-07-18 14:30:15,1,7.501,1,7.501,0,,0,
2026-07-18 14:36:55,1,7.501,1,7.501,0,,0,
2026-07-18 14:41:10,1,7.501,1,7.501,0,,0,
2026-07-18 14:50:12,1,7.501,1,7.501,0,,0,
2026-07-18 15:00:18,1,7.501,1,7.501,0,,0,
2026-07-18 15:10:13,1,7.501,1,7.501,0,,0,
2026-07-18 15:20:11,1,7.501,1,7.501,0,,0,
2026-07-18 15:31:49,1,7.501,1,7.501,0,,0,
2026-07-18 15:40:12,1,7.501,1,7.501,0,,0,
2026-07-18 15:50:13,1,7.501,1,7.501,0,,0,
2026-07-18 16:00:16,1,7.501,1,7.501,0,,0,
2026-07-18 16:10:11,1,7.501,1,7.501,0,,0,
2026-07-18 16:20:15,1,7.501,1,7.501,0,,0,
2026-07-18 16:30:14,1,7.501,1,7.501,0,,0,
2026-07-18 16:40:11,1,7.501,1,7.501,0,,0,
2026-07-18 16:50:13,1,7.501,1,7.501,0,,0,
2026-07-18 17:00:14,1,7.501,1,7.501,0,,0,
2026-07-18 17:10:12,1,5.001,1,5.001,0,,0,
2026-07-18 17:20:13,1,5.001,1,5.001,0,,0,
2026-07-18 17:31:51,1,5.001,1,5.001,0,,0,
2026-07-18 17:40:12,1,5.001,1,5.001,0,,0,
2026-07-18 17:43:28,1,5.001,1,5.001,0,,0,
2026-07-18 17:50:11,1,5.001,1,5.001,0,,0,
2026-07-18 18:00:19,1,5.001,1,5.001,0,,0,
2026-07-18 18:10:15,1,5.001,1,5.001,0,,0,
2026-07-18 18:20:16,1,5.001,1,5.001,0,,0,
2026-07-18 18:31:57,1,5.001,1,5.001,0,,0,
2026-07-18 18:40:15,1,5.625,1,5.625,0,,0,
2026-07-18 18:50:11,1,5.626,1,5.626,0,,0,
2026-07-18 19:00:15,1,5.626,1,5.626,0,,0,
2026-07-18 19:10:11,1,5.626,1,5.626,0,,0,
2026-07-18 19:20:13,1,5.626,1,5.626,0,,0,
2026-07-18 19:30:13,1,5.626,1,5.626,0,,0,
2026-07-18 19:40:13,1,5.626,1,5.626,0,,0,
2026-07-18 19:50:11,1,5.626,1,5.626,0,,0,
2026-07-18 20:01:47,1,5.626,1,5.626,0,,0,
2026-07-18 20:10:14,1,5.626,1,5.626,0,,0,
2026-07-18 20:20:14,1,5.626,1,5.626,0,,0,
2026-07-18 20:27:21,1,5.626,1,5.626,0,,0,
2026-07-18 20:31:50,1,5.626,1,5.626,0,,0,
2026-07-18 20:40:13,1,5.626,1,5.626,0,,0,
2026-07-18 20:51:48,1,5.626,1,5.626,0,,0,
2026-07-18 21:00:24,1,5.626,1,5.626,0,,0,
2026-07-18 21:10:14,1,5.626,1,5.626,0,,0,
2026-07-18 21:20:13,1,5.626,1,5.626,0,,0,
2026-07-18 21:31:43,1,5.626,1,5.626,0,,0,
2026-07-18 21:40:16,1,5.626,1,5.626,0,,0,
2026-07-18 21:50:13,1,5.626,1,5.626,0,,0,
2026-07-18 22:00:19,1,5.626,1,5.626,0,,0,
2026-07-18 22:10:13,1,5.626,1,5.626,0,,0,
2026-07-18 22:20:11,1,5.626,1,5.626,0,,0,
2026-07-18 22:31:44,1,5.626,1,5.626,0,,0,
2026-07-18 22:41:33,1,5.626,1,5.626,0,,0,
2026-07-18 22:50:16,1,5.626,1,5.626,0,,0,
2026-07-18 23:00:17,1,5.626,1,5.626,0,,0,
2026-07-18 23:11:42,1,5.626,1,5.626,0,,0,
2026-07-18 23:20:48,1,5.626,1,5.626,0,,0,
2026-07-18 23:31:56,1,5.626,1,5.626,0,,0,
2026-07-18 23:36:43,1,5.626,1,5.626,0,,0,
2026-07-18 23:40:15,1,5.626,1,5.626,0,,0,
2026-07-18 23:50:13,1,5.626,1,5.626,0,,0,
2026-07-19 00:00:20,1,5.626,1,5.626,0,,0,
2026-07-19 00:10:12,1,5.626,1,5.626,0,,0,
2026-07-19 00:20:12,1,5.626,1,5.626,0,,0,
2026-07-19 00:30:20,1,5.626,1,5.626,0,,0,
2026-07-19 00:40:13,1,5.626,1,5.626,0,,0,
2026-07-19 00:50:14,1,5.626,1,5.626,0,,0,
2026-07-19 01:02:01,1,5.626,1,5.626,0,,0,
2026-07-19 01:10:15,1,5.626,1,5.626,0,,0,
2026-07-19 01:20:17,1,5.626,1,5.626,0,,0,
2026-07-19 01:30:14,1,5.626,1,5.626,0,,0,
2026-07-19 01:40:11,1,5.626,1,5.626,0,,0,
2026-07-19 01:50:14,1,5.626,1,5.626,0,,0,
2026-07-19 02:00:20,1,5.626,1,5.626,0,,0,
2026-07-19 02:10:17,1,5.626,1,5.626,0,,0,
2026-07-19 02:20:11,1,5.626,1,5.626,0,,0,
2026-07-19 02:30:16,1,5.626,1,5.626,0,,0,
2026-07-19 02:40:12,1,5.626,1,5.626,0,,0,
2026-07-19 02:50:11,1,5.626,1,5.626,0,,0,
2026-07-19 03:00:20,1,5.626,1,5.626,0,,0,
2026-07-19 03:11:39,1,5.626,1,5.626,0,,1,6.94
2026-07-19 03:21:15,1,5.626,1,5.626,0,,1,6.94
2026-07-19 03:30:14,1,5.626,1,5.626,0,,1,6.94
2026-07-19 03:40:13,1,5.626,1,5.626,0,,1,6.94
2026-07-19 03:50:13,1,5.626,1,5.626,0,,1,6.94
2026-07-19 04:02:23,1,5.626,1,5.626,0,,1,6.94
2026-07-19 04:10:15,1,4.376,1,4.376,0,,1,6.94
2026-07-19 04:22:40,1,5.626,1,5.626,0,,1,6.94
2026-07-19 04:30:18,1,5.626,1,5.626,0,,1,6.94
2026-07-19 04:40:13,1,5.626,1,5.626,0,,1,6.94
2026-07-19 04:50:13,1,5.626,1,5.626,0,,1,6.94
2026-07-19 05:02:06,1,5.626,1,5.626,0,,0,
2026-07-19 05:10:20,1,5.626,1,5.626,0,,0,
2026-07-19 05:23:54,1,5.626,1,5.626,0,,0,
2026-07-19 05:33:47,1,5.626,1,5.626,0,,0,
2026-07-19 05:42:21,1,5.625,1,5.625,0,,0,
2026-07-19 05:50:11,1,5.626,1,5.626,0,,0,
2026-07-19 06:00:22,1,5.626,1,5.626,0,,0,
2026-07-19 06:11:43,1,5.626,1,5.626,0,,0,
2026-07-19 06:20:13,1,5.626,1,5.626,0,,0,
2026-07-19 06:30:16,1,5.626,1,5.626,0,,1,6.94
2026-07-19 06:40:11,1,5.626,1,5.626,0,,1,6.94
2026-07-19 06:50:15,1,5.626,1,5.626,0,,0,
2026-07-19 07:00:15,1,5.626,1,5.626,0,,0,
2026-07-19 07:10:13,1,5.626,1,5.626,0,,0,
2026-07-19 07:20:14,1,5.626,1,5.626,0,,1,6.94
2026-07-19 07:30:16,1,5.626,1,5.626,0,,0,
2026-07-19 07:41:29,1,5.626,1,5.626,0,,0,
2026-07-19 07:48:34,1,5.626,1,5.626,0,,0,
2026-07-19 07:50:13,1,5.626,1,5.626,0,,0,
2026-07-19 08:02:17,1,5.626,1,5.626,0,,0,
2026-07-19 08:10:13,1,5.626,1,5.626,0,,0,
2026-07-19 08:20:15,1,5.626,1,5.626,0,,0,
2026-07-19 08:30:12,1,5.626,1,5.626,0,,0,
2026-07-19 08:40:13,1,5.626,1,5.626,0,,1,6.94
2026-07-19 08:50:13,1,5.626,1,5.626,0,,1,6.94
2026-07-19 09:00:19,1,5.626,1,5.626,0,,1,6.94
2026-07-19 09:10:14,1,5.626,1,5.626,0,,1,6.94
2026-07-19 09:20:11,1,5.626,1,5.626,0,,1,6.94
2026-07-19 09:30:15,1,5.626,1,5.626,0,,1,6.94
2026-07-19 09:42:09,1,5.626,1,5.626,0,,1,6.94
2026-07-19 09:50:13,1,5.626,1,5.626,0,,1,6.94
2026-07-19 10:02:03,1,5.626,1,5.626,0,,1,6.94
2026-07-19 10:10:16,1,5.626,1,5.626,0,,1,6.94
2026-07-19 10:20:11,1,5.626,1,5.626,0,,1,6.94
2026-07-19 10:30:15,1,5.626,1,5.626,0,,1,6.94
2026-07-19 10:40:11,1,5.626,1,5.626,0,,0,
2026-07-19 10:50:13,1,5.626,1,5.626,0,,0,
2026-07-19 11:00:19,1,5.626,1,5.626,0,,0,
2026-07-19 11:10:14,1,5.626,1,5.626,0,,0,
2026-07-19 11:20:19,1,5.626,1,5.626,0,,0,
2026-07-19 11:30:15,1,5.626,1,5.626,0,,0,
2026-07-19 11:39:20,1,5.626,1,5.626,0,,0,
2026-07-19 11:40:12,1,5.626,1,5.626,0,,0,
2026-07-19 11:50:11,1,5.626,1,5.626,0,,0,
2026-07-19 12:00:20,1,5.626,1,5.626,0,,1,6.94
2026-07-19 12:10:12,1,5.626,1,5.626,0,,0,
2026-07-19 12:20:11,1,5.626,1,5.626,0,,0,
2026-07-19 12:31:48,1,5.626,1,5.626,0,,0,
2026-07-19 12:40:14,1,5.626,1,5.626,0,,1,6.94
2026-07-19 12:50:13,1,6.876,1,6.876,0,,0,
2026-07-19 13:00:20,1,5.626,1,5.626,0,,0,
2026-07-19 13:10:14,1,5.626,1,5.626,0,,0,
2026-07-19 13:20:15,1,5.626,1,5.626,0,,1,6.94
2026-07-19 13:30:15,1,5.626,1,5.626,0,,0,
2026-07-19 13:40:14,1,5.626,1,5.626,0,,0,
2026-07-19 13:50:14,1,5.626,1,5.626,0,,0,
2026-07-19 14:02:03,1,5.626,1,5.626,0,,0,
2026-07-19 14:11:29,1,6.876,1,6.876,0,,1,6.94
2026-07-19 14:20:11,1,5.626,1,5.626,0,,1,6.94
2026-07-19 14:30:14,1,5.626,1,5.626,0,,1,6.94
2026-07-19 14:40:12,1,5.626,1,5.626,0,,0,
2026-07-19 14:44:33,1,5.626,1,5.626,0,,1,6.94
2026-07-19 14:50:13,1,5.626,1,5.626,0,,1,6.94
2026-07-19 15:00:16,1,5.626,1,5.626,0,,1,6.94
2026-07-19 15:10:15,1,5.626,1,5.626,0,,1,6.94
2026-07-19 15:20:13,1,6.876,1,6.876,0,,1,6.94
2026-07-19 15:31:49,1,6.876,1,6.876,0,,1,6.94
2026-07-19 15:40:13,1,5.626,1,5.626,0,,1,6.94
2026-07-19 15:50:15,1,6.876,1,6.876,0,,1,6.94
2026-07-19 16:00:19,1,5.626,1,5.626,0,,1,6.94
2026-07-19 16:10:16,1,6.876,1,6.876,0,,0,
2026-07-19 16:20:14,1,5.626,1,5.626,0,,0,
2026-07-19 16:30:13,1,5.626,1,5.626,0,,0,
2026-07-19 16:40:12,1,5.626,1,5.626,0,,0,
2026-07-19 16:50:13,1,5.626,1,5.626,0,,0,
2026-07-19 17:00:15,1,5.626,1,5.626,0,,0,
2026-07-19 17:10:11,1,5.626,1,5.626,0,,0,
2026-07-19 17:20:12,1,5.626,1,5.626,0,,1,6.94
2026-07-19 17:30:14,1,5.626,1,5.626,0,,1,6.94
2026-07-19 17:40:12,1,5.626,1,5.626,0,,1,6.94
2026-07-19 17:50:13,1,5.626,1,5.626,0,,1,6.94
2026-07-19 18:00:17,1,5.626,1,5.626,0,,1,6.94
2026-07-19 18:06:59,1,5.626,1,5.626,0,,0,
2026-07-19 18:10:13,1,5.626,1,5.626,0,,0,
2026-07-19 18:20:13,1,5.626,1,5.626,0,,0,
2026-07-19 18:31:53,1,5.626,1,5.626,0,,0,
2026-07-19 18:40:15,1,5.626,1,5.626,0,,0,
2026-07-19 18:50:26,1,5.626,1,5.626,0,,0,
2026-07-19 18:54:08,1,5.626,1,5.626,0,,0,
2026-07-19 19:00:20,1,5.626,1,5.626,0,,0,
2026-07-19 19:10:14,1,5.626,1,5.626,0,,0,
2026-07-19 19:20:14,1,5.626,1,5.626,0,,0,
2026-07-19 19:30:17,1,5.626,1,5.626,0,,0,
2026-07-19 19:40:14,1,5.626,1,5.626,0,,0,
2026-07-19 19:50:21,1,5.626,1,5.626,0,,0,
2026-07-19 20:00:19,1,5.626,1,5.626,0,,1,6.94
2026-07-19 20:10:16,1,5.626,1,5.626,0,,1,6.94
2026-07-19 20:20:11,1,5.626,1,5.626,0,,1,6.94
2026-07-19 20:30:13,1,5.626,1,5.626,0,,1,6.94
2026-07-19 20:34:06,1,5.626,1,5.626,0,,1,6.94
2026-07-19 20:41:44,1,5.626,1,5.626,0,,1,6.94
2026-07-19 20:50:14,1,5.626,1,5.626,0,,1,6.94
2026-07-19 21:01:53,1,5.625,1,5.625,0,,1,6.94
2026-07-19 21:10:13,1,5.001,1,5.001,0,,1,6.94
2026-07-19 21:20:13,1,5.001,1,5.001,0,,1,6.94
2026-07-19 21:31:53,1,5.626,1,5.626,0,,1,6.94
2026-07-19 21:40:12,1,5.626,1,5.626,0,,1,6.94
2026-07-19 21:50:11,1,5.001,1,5.001,0,,1,6.94
2026-07-19 22:00:15,1,5.001,1,5.001,0,,1,6.94
2026-07-19 22:10:12,1,5.001,1,5.001,0,,1,6.94
2026-07-19 22:20:15,1,5.001,1,5.001,0,,1,6.94
2026-07-19 22:30:15,1,5.001,1,5.001,0,,1,6.94
2026-07-19 22:40:37,1,5.001,1,5.001,0,,1,6.94
2026-07-19 22:50:10,1,5.001,1,5.001,0,,1,6.94
2026-07-19 23:01:53,1,5.626,1,5.626,0,,1,6.94
2026-07-19 23:10:12,1,5.001,1,5.001,0,,1,6.94
2026-07-19 23:20:16,1,5.001,1,5.001,0,,1,6.94
2026-07-19 23:30:19,1,5.001,1,5.001,0,,1,6.94
2026-07-19 23:40:12,1,5.001,1,5.001,0,,0,
2026-07-19 23:42:16,1,5.626,1,5.626,0,,0,
2026-07-19 23:50:13,1,5.626,1,5.626,0,,0,
2026-07-20 00:00:19,1,5.001,1,5.001,0,,0,
2026-07-20 01:10:19,1,5.626,1,5.626,0,,0,
2026-07-20 01:30:16,1,5.626,1,5.626,0,,0,
2026-07-20 01:40:22,1,5.626,1,5.626,0,,0,
2026-07-20 01:50:17,1,5.626,1,5.626,0,,0,
2026-07-20 02:00:23,1,5.626,1,5.626,0,,0,
2026-07-20 02:08:49,1,5.626,1,5.626,0,,0,
2026-07-20 02:10:15,1,5.626,1,5.626,0,,0,
2026-07-20 02:20:12,1,5.626,1,5.626,0,,0,
2026-07-20 02:30:13,1,5.626,1,5.626,0,,1,6.94
2026-07-20 02:40:11,1,5.626,1,5.626,0,,1,6.94
2026-07-20 02:50:16,1,5.626,1,5.626,0,,1,6.94
2026-07-20 03:00:20,1,5.626,1,5.626,0,,1,6.94
2026-07-20 03:10:13,1,5.626,1,5.626,0,,1,6.94
2026-07-20 03:20:15,1,5.626,1,5.626,0,,1,6.94
2026-07-20 03:30:13,1,5.626,1,5.626,0,,1,6.94
2026-07-20 03:40:16,1,5.626,1,5.626,0,,1,6.94
2026-07-20 03:50:13,1,5.626,1,5.626,0,,1,6.94
2026-07-20 04:00:18,1,5.626,1,5.626,0,,1,6.94
2026-07-20 04:10:11,1,5.626,1,5.626,0,,1,6.94
2026-07-20 04:21:38,1,5.626,1,5.626,0,,1,6.94
2026-07-20 04:33:13,1,5.626,1,5.626,0,,1,6.94
2026-07-20 04:40:13,1,5.626,1,5.626,0,,1,6.94
2026-07-20 04:50:12,1,5.626,1,5.626,0,,0,
2026-07-20 05:00:20,1,5.626,1,5.626,0,,0,
2026-07-20 05:10:12,1,5.626,1,5.626,0,,0,
2026-07-20 05:20:11,1,5.626,1,5.626,0,,0,
2026-07-20 05:30:18,1,5.625,1,5.625,0,,0,
2026-07-20 05:47:34,1,5.626,1,5.626,0,,0,
2026-07-20 05:50:16,1,5.626,1,5.626,0,,0,
2026-07-20 06:00:18,1,5.626,1,5.626,0,,0,
2026-07-20 06:11:59,1,5.626,1,5.626,0,,0,
2026-07-20 06:20:13,1,5.626,1,5.626,0,,0,
2026-07-20 06:30:18,1,5.626,1,5.626,0,,1,6.94
2026-07-20 06:40:16,1,5.626,1,5.626,0,,1,6.94
2026-07-20 06:50:11,1,5.626,1,5.626,0,,1,6.94
2026-07-20 07:00:21,1,5.626,1,5.626,0,,1,6.94
2026-07-20 07:10:12,1,5.626,1,5.626,0,,1,6.94
2026-07-20 07:20:11,1,5.626,1,5.626,0,,0,
2026-07-20 07:30:15,1,5.626,1,5.626,0,,0,
2026-07-20 07:40:13,1,5.626,1,5.626,0,,0,
2026-07-20 07:50:12,1,5.626,1,5.626,0,,0,
2026-07-20 08:00:21,1,5.626,1,5.626,0,,0,
2026-07-20 08:10:14,1,5.626,1,5.626,0,,0,
2026-07-20 08:20:12,1,5.626,1,5.626,0,,0,
2026-07-20 08:30:19,1,5.626,1,5.626,0,,0,
2026-07-20 08:40:14,1,5.626,1,5.626,0,,0,
2026-07-20 08:50:15,1,5.626,1,5.626,0,,0,
2026-07-20 09:00:19,1,5.626,1,5.626,0,,0,
2026-07-20 09:10:12,1,5.626,1,5.626,0,,1,6.94
2026-07-20 09:20:16,1,5.626,1,5.626,0,,1,6.94
2026-07-20 09:30:14,1,5.626,1,5.626,0,,0,
2026-07-20 09:40:19,1,5.626,1,5.626,0,,0,
2026-07-20 09:50:14,1,5.626,1,5.626,0,,0,
2026-07-20 10:00:22,1,5.626,1,5.626,0,,0,
2026-07-20 10:10:14,1,5.626,1,5.626,0,,0,
2026-07-20 10:20:13,1,5.626,1,5.626,0,,0,
2026-07-20 10:30:18,1,5.626,1,5.626,0,,0,
2026-07-20 10:40:11,1,5.626,1,5.626,0,,0,
2026-07-20 10:50:14,1,5.626,1,5.626,0,,1,6.94
2026-07-20 11:00:21,1,5.626,1,5.626,0,,1,6.94
2026-07-20 11:10:12,1,5.626,1,5.626,0,,1,6.94
2026-07-20 11:20:14,1,5.626,1,5.626,0,,1,6.94
2026-07-20 11:30:16,1,5.626,1,5.626,0,,1,6.94
2026-07-20 11:40:13,1,5.626,1,5.626,0,,1,6.94
2026-07-20 11:50:13,1,5.626,1,5.626,0,,1,6.94
2026-07-20 12:00:20,1,5.626,1,5.626,0,,1,6.94
2026-07-20 12:10:15,1,5.626,1,5.626,0,,1,6.94
2026-07-20 12:20:17,1,5.626,1,5.626,0,,1,6.94
2026-07-20 12:30:17,1,5.626,1,5.626,0,,1,6.94
2026-07-20 12:40:14,1,5.626,1,5.626,0,,1,6.94
2026-07-20 12:50:13,1,5.626,1,5.626,0,,1,6.94
2026-07-20 13:00:26,1,5.626,1,5.626,0,,1,6.94
2026-07-20 13:10:13,1,5.626,1,5.626,0,,1,6.94
2026-07-20 13:20:16,1,5.626,1,5.626,0,,1,6.94
2026-07-20 13:30:16,1,5.626,1,5.626,0,,1,6.94
2026-07-20 13:40:15,1,5.626,1,5.626,0,,1,6.94
2026-07-20 13:50:17,1,5.626,1,5.626,0,,1,6.94
2026-07-20 14:00:22,1,5.626,1,5.626,0,,1,6.94
2026-07-20 14:10:18,1,5.626,1,5.626,0,,1,6.94
2026-07-20 14:20:15,1,5.626,1,5.626,0,,1,6.94
2026-07-20 14:30:19,1,5.626,1,5.626,0,,1,6.94
2026-07-20 14:40:12,1,5.626,1,5.626,0,,0,
2026-07-20 14:50:15,1,5.626,1,5.626,0,,0,
2026-07-20 15:00:25,1,5.626,1,5.626,0,,0,
2026-07-20 15:10:14,1,5.626,1,5.626,0,,0,
2026-07-20 15:20:18,1,5.626,1,5.626,0,,0,
2026-07-20 15:30:16,1,5.626,1,5.626,0,,0,
2026-07-20 15:40:18,1,5.626,1,5.626,0,,0,
2026-07-20 15:50:16,1,5.626,1,5.626,0,,0,
2026-07-20 16:00:22,1,5.626,1,5.626,0,,0,
2026-07-20 16:10:16,1,5.626,1,5.626,0,,0,
2026-07-20 16:16:14,1,5.626,1,5.626,0,,0,
2026-07-20 16:20:14,1,5.626,1,5.626,0,,0,
2026-07-20 16:30:16,1,5.626,1,5.626,0,,0,
2026-07-20 16:40:12,1,5.626,1,5.626,0,,0,
2026-07-20 16:50:12,1,5.626,1,5.626,0,,0,
2026-07-20 17:00:25,1,5.626,1,5.626,0,,0,
2026-07-20 17:10:16,1,5.626,1,5.626,0,,0,
2026-07-20 17:20:12,1,5.626,1,5.626,0,,0,
2026-07-20 17:30:14,1,5.626,1,5.626,0,,1,6.94
2026-07-20 17:40:15,1,5.626,1,5.626,0,,0,
2026-07-20 17:50:14,1,5.626,1,5.626,0,,0,
2026-07-20 18:00:30,1,5.626,1,5.626,0,,0,
2026-07-20 18:10:13,1,5.626,1,5.626,0,,0,
2026-07-20 18:20:14,1,8.751,1,8.751,0,,0,
2026-07-20 18:30:14,1,6.94,1,8.751,0,,1,6.94
2026-07-20 18:40:14,1,6.94,1,8.438,0,,1,6.94
2026-07-20 18:50:15,1,8.751,1,8.751,0,,0,
2026-07-20 19:00:21,1,8.751,1,8.751,0,,0,
2026-07-20 19:10:15,1,8.751,1,8.751,0,,0,
2026-07-20 19:20:12,1,8.751,1,8.751,0,,0,
2026-07-20 19:30:15,1,8.751,1,8.751,0,,0,
2026-07-20 19:40:15,1,6.94,1,8.438,0,,1,6.94
2026-07-20 19:50:17,1,6.94,1,8.751,0,,1,6.94
2026-07-20 20:00:26,1,6.94,1,8.751,0,,1,6.94
2026-07-20 20:10:17,1,5.626,1,5.626,0,,1,6.94
2026-07-20 20:20:14,1,5.626,1,5.626,0,,1,6.94
2026-07-20 20:30:21,1,5.626,1,5.626,0,,1,6.94
2026-07-20 20:40:13,1,5.626,1,5.626,0,,0,
2026-07-20 20:50:13,1,5.626,1,5.626,0,,0,
2026-07-20 20:51:16,1,5.626,1,5.626,0,,0,
2026-07-20 21:00:23,1,5.626,1,5.626,0,,0,
2026-07-20 21:10:14,1,5.626,1,5.626,0,,0,
2026-07-20 21:20:12,1,5.626,1,5.626,0,,0,
2026-07-20 21:30:17,1,5.626,1,5.626,0,,0,
2026-07-20 21:40:11,1,5.626,1,5.626,0,,1,6.94
2026-07-20 21:50:14,1,5.626,1,5.626,0,,1,6.94
2026-07-20 22:00:19,1,5.626,1,5.626,0,,1,6.94
2026-07-20 22:10:16,1,5.626,1,5.626,0,,1,6.94
2026-07-20 22:20:14,1,5.626,1,5.626,0,,1,6.94
2026-07-20 22:30:17,1,5.626,1,5.626,0,,0,
2026-07-20 22:40:11,1,5.626,1,5.626,0,,0,
2026-07-20 22:50:13,1,5.626,1,5.626,0,,0,
2026-07-20 23:00:17,1,5.626,1,5.626,0,,1,6.94
2026-07-20 23:10:15,1,5.626,1,5.626,0,,1,6.94
2026-07-20 23:20:16,1,5.626,1,5.626,0,,1,6.94
2026-07-20 23:30:20,1,5.626,1,5.626,0,,1,6.94
2026-07-20 23:40:11,1,5.626,1,5.626,0,,1,6.94
2026-07-20 23:50:22,1,5.626,1,5.626,0,,1,6.94
2026-07-21 00:00:19,1,5.626,1,5.626,0,,1,6.94
2026-07-21 00:10:16,1,5.626,1,5.626,0,,1,6.94
2026-07-21 00:15:33,1,5.626,1,5.626,0,,1,6.94
2026-07-21 00:20:11,1,5.626,1,5.626,0,,1,6.94
2026-07-21 00:30:16,1,5.626,1,5.626,0,,1,6.94
2026-07-21 00:40:21,1,5.626,1,5.626,0,,1,6.94
2026-07-21 00:50:15,1,5.626,1,5.626,0,,1,6.94
2026-07-21 01:00:19,1,5.626,1,5.626,0,,1,6.94
2026-07-21 01:10:11,1,5.626,1,5.626,0,,1,6.94
2026-07-21 01:20:15,1,6.94,1,8.751,0,,1,6.94
2026-07-21 01:30:17,1,6.94,1,8.751,0,,1,6.94
2026-07-21 01:40:19,1,6.94,1,8.751,0,,1,6.94
2026-07-21 01:50:11,1,6.94,1,8.751,0,,1,6.94
2026-07-21 02:00:22,1,6.94,1,8.751,0,,1,6.94
2026-07-21 02:10:17,1,6.94,1,8.751,0,,1,6.94
2026-07-21 02:20:15,1,5.626,1,5.626,0,,1,6.94
2026-07-21 02:30:20,1,5.626,1,5.626,0,,1,6.94
2026-07-21 02:40:13,1,5.626,1,5.626,0,,1,6.94
2026-07-21 02:50:14,1,5.626,1,5.626,0,,1,6.94
2026-07-21 03:00:23,1,5.626,1,5.626,0,,1,6.94
2026-07-21 03:10:15,1,5.626,1,5.626,0,,1,6.94
2026-07-21 03:20:13,1,5.626,1,5.626,0,,1,6.94
2026-07-21 03:30:16,1,5.626,1,5.626,0,,1,6.94
2026-07-21 03:40:11,1,5.626,1,5.626,0,,1,6.94
2026-07-21 03:50:11,1,5.626,1,5.626,0,,1,6.94
2026-07-21 04:00:21,1,5.626,1,5.626,0,,1,6.94
2026-07-21 04:10:12,1,5.626,1,5.626,0,,0,
2026-07-21 04:20:18,1,5.626,1,5.626,0,,0,
2026-07-21 04:30:13,1,5.626,1,5.626,0,,0,
2026-07-21 04:40:13,1,5.626,1,5.626,0,,0,
2026-07-21 04:50:12,1,5.626,1,5.626,0,,0,
2026-07-21 05:00:20,1,5.626,1,5.626,0,,0,
2026-07-21 05:10:12,1,5.626,1,5.626,0,,0,
2026-07-21 05:20:13,1,5.626,1,5.626,0,,0,
2026-07-21 05:30:13,1,5.626,1,5.626,0,,0,
2026-07-21 05:40:13,1,5.626,1,5.626,0,,0,
2026-07-21 05:50:11,1,5.626,1,5.626,0,,0,
2026-07-21 06:00:20,1,5.626,1,5.626,0,,0,
2026-07-21 06:10:12,1,5.626,1,5.626,0,,0,
2026-07-21 06:20:16,1,5.626,1,5.626,0,,0,
2026-07-21 06:30:20,1,5.626,1,5.626,0,,0,
2026-07-21 06:40:13,1,5.626,1,5.626,0,,0,
2026-07-21 06:50:16,1,5.626,1,5.626,0,,0,
2026-07-21 07:00:22,1,5.626,1,5.626,0,,0,
2026-07-21 07:10:14,1,5.626,1,5.626,0,,0,
2026-07-21 07:20:13,1,5.626,1,5.626,0,,0,
2026-07-21 07:30:17,1,5.626,1,5.626,0,,0,
2026-07-21 07:40:17,1,5.626,1,5.626,0,,0,
2026-07-21 07:50:14,1,5.626,1,5.626,0,,0,
2026-07-21 08:00:21,1,5.626,1,5.626,0,,0,
2026-07-21 08:10:12,1,5.626,1,5.626,0,,0,
2026-07-21 08:20:12,1,5.626,1,5.626,0,,1,6.94
2026-07-21 08:30:14,1,5.626,1,5.626,0,,1,6.94
2026-07-21 08:40:13,1,5.626,1,5.626,0,,1,6.94
2026-07-21 08:50:15,1,5.626,1,5.626,0,,1,6.94
2026-07-21 09:00:24,1,5.626,1,5.626,0,,0,
2026-07-21 09:10:13,1,5.626,1,5.626,0,,1,6.94
2026-07-21 09:20:15,1,5.626,1,5.626,0,,1,6.94
2026-07-21 09:30:17,1,5.626,1,5.626,0,,1,6.94
2026-07-21 09:40:12,1,5.626,1,5.626,0,,1,6.94
2026-07-21 09:50:16,1,5.626,1,5.626,0,,1,6.94
2026-07-21 10:00:26,1,5.626,1,5.626,0,,0,
2026-07-21 10:10:13,1,5.626,1,5.626,0,,1,6.94
2026-07-21 10:20:12,1,5.626,1,5.626,0,,1,6.94
2026-07-21 10:30:16,1,5.626,1,5.626,0,,1,6.94
2026-07-21 10:40:13,1,8.502,1,8.502,0,,0,
2026-07-21 10:50:12,1,6.94,1,8.751,0,,1,6.94
2026-07-21 11:00:21,1,8.751,1,8.751,0,,0,
2026-07-21 11:10:11,1,6.94,1,8.751,0,,1,6.94
2026-07-21 11:20:13,1,6.94,1,8.751,0,,1,6.94
2026-07-21 11:30:19,1,6.94,1,8.751,0,,1,6.94
2026-07-21 11:40:13,1,6.94,1,8.438,0,,1,6.94
2026-07-21 11:50:12,1,6.94,1,8.751,0,,1,6.94
2026-07-21 12:00:20,1,8.438,1,8.438,0,,0,
2026-07-21 12:10:13,1,8.502,1,8.502,0,,0,
2026-07-21 12:20:13,1,8.502,1,8.502,0,,0,
2026-07-21 12:30:19,1,8.502,1,8.502,0,,0,
2026-07-21 12:40:16,1,8.502,1,8.502,0,,0,
2026-07-21 12:50:14,1,8.751,1,8.751,0,,0,
2026-07-21 13:00:27,1,8.751,1,8.751,0,,0,
2026-07-21 13:10:18,1,8.438,1,8.438,0,,0,
2026-07-21 13:20:21,1,8.751,1,8.751,0,,0,
2026-07-21 13:30:17,1,8.751,1,8.751,0,,0,
2026-07-21 13:40:16,1,8.751,1,8.751,0,,0,
2026-07-21 13:50:14,1,8.751,1,8.751,0,,0,
2026-07-21 14:00:22,1,8.438,1,8.438,0,,0,
2026-07-21 14:10:17,1,8.751,1,8.751,0,,0,
2026-07-21 14:20:16,1,8.438,1,8.438,0,,0,
2026-07-21 14:30:20,1,8.751,1,8.751,0,,0,
2026-07-21 14:40:13,1,6.94,1,8.502,0,,1,6.94
2026-07-21 14:50:18,1,6.94,1,8.315,0,,1,6.94
2026-07-21 15:00:27,1,6.94,1,8.315,0,,1,6.94
2026-07-21 15:10:13,1,6.94,1,8.315,0,,1,6.94
2026-07-21 15:20:13,1,6.94,1,8.315,0,,1,6.94
2026-07-21 15:30:18,1,6.94,1,8.315,0,,1,6.94
2026-07-21 15:40:13,1,8.315,1,8.315,0,,0,
2026-07-21 15:50:13,1,8.315,1,8.315,0,,0,
2026-07-21 15:55:42,1,6.94,1,8.315,0,,1,6.94
2026-07-21 16:00:21,1,6.94,1,8.315,0,,1,6.94
2026-07-21 16:10:18,1,6.94,1,8.315,0,,1,6.94
2026-07-21 16:20:13,1,5.626,1,5.626,0,,1,6.94
2026-07-21 16:30:19,1,5.626,1,5.626,0,,0,
2026-07-21 16:40:15,1,5.626,1,5.626,0,,0,
2026-07-21 16:50:11,1,5.626,1,5.626,0,,0,
2026-07-21 17:00:22,1,5.626,1,5.626,0,,0,
2026-07-21 17:10:14,1,5.626,1,5.626,0,,0,
2026-07-21 17:20:16,1,8.315,1,8.315,0,,0,
2026-07-21 17:30:20,1,6.94,1,8.315,0,,1,6.94
2026-07-21 17:40:15,1,8.315,1,8.315,0,,0,
2026-07-21 17:50:13,1,8.315,1,8.315,0,,0,
2026-07-21 18:00:21,1,8.315,1,8.315,0,,0,
2026-07-21 18:10:13,1,8.315,1,8.315,0,,0,
2026-07-21 18:20:13,1,8.315,1,8.315,0,,0,
2026-07-21 18:30:20,1,8.315,1,8.315,0,,0,
2026-07-21 18:40:14,1,8.315,1,8.315,0,,0,
2026-07-21 18:50:16,1,8.315,1,8.315,0,,0,
2026-07-21 19:00:23,1,5.626,1,5.626,0,,0,
2026-07-21 19:10:15,1,5.626,1,5.626,0,,0,
2026-07-21 19:20:16,1,5.626,1,5.626,0,,0,
2026-07-21 19:30:19,1,5.626,1,5.626,0,,0,
2026-07-21 19:40:15,1,5.626,1,5.626,0,,0,
2026-07-21 19:50:16,1,5.626,1,5.626,0,,0,
2026-07-21 20:00:24,1,5.626,1,5.626,0,,0,
2026-07-21 20:10:15,1,5.626,1,5.626,0,,0,
2026-07-21 20:20:16,1,5.626,1,5.626,0,,0,
2026-07-21 20:30:23,1,5.626,1,5.626,0,,1,6.94
2026-07-21 20:39:31,1,5.626,1,5.626,0,,1,6.94
2026-07-21 20:40:14,1,5.626,1,5.626,0,,1,6.94
2026-07-21 20:50:13,1,5.626,1,5.626,0,,0,
2026-07-21 21:00:29,1,5.626,1,5.626,0,,0,
2026-07-21 21:10:15,1,5.626,1,5.626,0,,0,
2026-07-21 21:20:14,1,5.626,1,5.626,0,,0,
2026-07-21 21:30:17,1,5.626,1,5.626,0,,1,6.94
2026-07-21 21:40:14,1,5.626,1,5.626,0,,0,
2026-07-21 21:50:15,1,5.626,1,5.626,0,,1,6.94
2026-07-21 22:00:19,1,5.626,1,5.626,0,,0,
2026-07-21 22:10:11,1,5.626,1,5.626,0,,0,
2026-07-21 22:20:12,1,5.626,1,5.626,0,,0,
2026-07-21 22:30:20,1,5.626,1,5.626,0,,0,
2026-07-21 22:40:14,1,5.626,1,5.626,0,,0,
2026-07-21 22:50:12,1,5.626,1,5.626,0,,0,
2026-07-21 23:00:23,1,5.626,1,5.626,0,,0,
2026-07-21 23:10:11,1,5.626,1,5.626,0,,0,
2026-07-21 23:20:13,1,5.626,1,5.626,0,,0,
2026-07-21 23:30:16,1,5.626,1,5.626,0,,0,
2026-07-21 23:40:15,1,5.626,1,5.626,0,,0,
2026-07-21 23:43:58,1,5.626,1,5.626,0,,0,
2026-07-21 23:50:12,1,5.626,1,5.626,0,,0,
2026-07-22 00:00:19,1,5.626,1,5.626,0,,0,
2026-07-22 00:10:12,1,5.626,1,5.626,0,,0,
2026-07-22 00:20:14,1,5.626,1,5.626,0,,0,
2026-07-22 00:30:18,1,5.626,1,5.626,0,,0,
2026-07-22 00:40:20,1,5.626,1,5.626,0,,0,
2026-07-22 00:50:11,1,5.626,1,5.626,0,,0,
2026-07-22 01:00:20,1,5.626,1,5.626,0,,0,
2026-07-22 01:10:13,1,5.626,1,5.626,0,,0,
2026-07-22 01:20:19,1,5.626,1,5.626,0,,0,
2026-07-22 01:30:14,1,5.626,1,5.626,0,,0,
2026-07-22 01:40:17,1,5.626,1,5.626,0,,0,
2026-07-22 01:50:14,1,5.626,1,5.626,0,,0,
2026-07-22 02:00:19,1,5.626,1,5.626,0,,0,
2026-07-22 02:10:12,1,5.625,1,5.625,0,,0,
2026-07-22 02:20:11,1,5.625,1,5.625,0,,0,
2026-07-22 02:30:14,1,5.625,1,5.625,0,,0,
2026-07-22 02:40:11,1,5.625,1,5.625,0,,0,
2026-07-22 02:50:13,1,5.625,1,5.625,0,,0,
2026-07-22 03:00:19,1,5.625,1,5.625,0,,1,6.94
2026-07-22 03:10:13,1,5.625,1,5.625,0,,0,
2026-07-22 03:20:15,1,5.625,1,5.625,0,,0,
2026-07-22 03:30:15,1,5.625,1,5.625,0,,0,
2026-07-22 03:40:13,1,5.625,1,5.625,0,,1,6.94
2026-07-22 03:50:12,1,5.625,1,5.625,0,,0,
2026-07-22 04:00:20,1,5.625,1,5.625,0,,1,6.94
2026-07-22 04:10:17,1,5.625,1,5.625,0,,1,6.94
2026-07-22 04:20:13,1,5.625,1,5.625,0,,1,6.94
2026-07-22 04:30:19,1,5.625,1,5.625,0,,1,6.94
2026-07-22 04:40:11,1,5.625,1,5.625,0,,1,6.94
2026-07-22 04:50:14,1,5.625,1,5.625,0,,1,6.94
2026-07-22 05:00:20,1,5.625,1,5.625,0,,0,
2026-07-22 05:10:13,1,5.625,1,5.625,0,,0,
2026-07-22 05:20:15,1,5.625,1,5.625,0,,0,
2026-07-22 05:30:16,1,5.625,1,5.625,0,,0,
2026-07-22 05:40:14,1,5.625,1,5.625,0,,0,
2026-07-22 05:50:16,1,5.625,1,5.625,0,,0,
2026-07-22 06:00:27,1,5.625,1,5.625,0,,0,
2026-07-22 06:10:13,1,5.625,1,5.625,0,,1,6.94
2026-07-22 06:20:14,1,6.94,1,8.315,0,,1,6.94
2026-07-22 06:30:17,1,6.94,1,8.315,0,,1,6.94
2026-07-22 06:40:13,1,6.94,1,8.315,0,,1,6.94
2026-07-22 06:50:13,1,6.94,1,8.315,0,,1,6.94
2026-07-22 07:00:24,1,6.94,1,8.315,0,,1,6.94
2026-07-22 07:10:12,1,6.94,1,8.315,0,,1,6.94
2026-07-22 07:20:16,1,6.94,1,8.315,0,,1,6.94
2026-07-22 07:30:16,1,6.94,1,8.315,0,,1,6.94
2026-07-22 07:40:15,1,6.94,1,8.315,0,,1,6.94
2026-07-22 07:50:14,1,6.94,1,8.315,0,,1,6.94
2026-07-22 08:00:23,1,8.315,1,8.315,0,,0,
2026-07-22 08:01:04,1,8.315,1,8.315,0,,0,
2026-07-22 08:10:12,1,8.315,1,8.315,0,,0,
2026-07-22 08:20:12,1,8.315,1,8.315,0,,0,
2026-07-22 08:30:17,1,8.315,1,8.315,0,,0,
2026-07-22 08:40:12,1,8.315,1,8.315,0,,0,
2026-07-22 08:50:13,1,6.94,1,8.315,0,,1,6.94
2026-07-22 09:00:26,1,6.94,1,8.315,0,,1,6.94
2026-07-22 09:10:16,1,6.94,1,8.315,0,,1,6.94
2026-07-22 09:20:15,1,6.94,1,8.315,0,,1,6.94
2026-07-22 09:30:20,1,6.94,1,8.315,0,,1,6.94
2026-07-22 09:40:13,1,8.315,1,8.315,0,,0,
2026-07-22 09:50:14,1,8.315,1,8.315,0,,0,
2026-07-22 10:00:28,1,8.315,1,8.315,0,,0,
2026-07-22 10:10:11,1,8.315,1,8.315,0,,0,
2026-07-22 10:20:14,1,8.315,1,8.315,0,,0,
2026-07-22 10:30:17,1,8.315,1,8.315,0,,0,
2026-07-22 10:40:15,1,8.315,1,8.315,0,,0,
2026-07-22 10:50:13,1,8.315,1,8.315,0,,0,
2026-07-22 11:00:24,1,8.315,1,8.315,0,,0,
2026-07-22 11:10:16,1,8.315,1,8.315,0,,0,
2026-07-22 11:20:12,1,8.315,1,8.315,0,,0,
2026-07-22 11:30:14,1,8.315,1,8.315,0,,0,
2026-07-22 11:40:14,1,8.315,1,8.315,0,,0,
2026-07-22 11:50:15,1,8.315,1,8.315,0,,0,
2026-07-22 12:00:21,1,8.315,1,8.315,0,,0,
2026-07-22 12:10:15,1,6.875,1,6.875,0,,0,
2026-07-22 12:20:13,1,6.875,1,6.875,0,,0,
2026-07-22 12:30:23,1,6.875,1,6.875,0,,0,
2026-07-22 12:40:16,1,6.875,1,6.875,0,,0,
2026-07-22 12:50:25,1,6.875,1,6.875,0,,0,
2026-07-22 13:00:22,1,6.875,1,6.875,0,,0,
2026-07-22 13:10:15,1,6.875,1,6.875,0,,0,
2026-07-22 13:12:05,1,6.875,1,6.875,0,,0,
2026-07-22 13:20:15,1,6.875,1,6.875,0,,0,
2026-07-22 13:30:19,1,6.875,1,6.875,0,,0,
2026-07-22 13:40:14,1,6.875,1,6.875,0,,0,
2026-07-22 13:50:16,1,6.875,1,6.875,0,,0,
2026-07-22 14:00:28,1,6.875,1,6.875,0,,0,
2026-07-22 14:10:18,1,6.875,1,6.875,0,,0,
2026-07-22 14:20:13,1,6.875,1,6.875,0,,0,
2026-07-22 14:30:20,1,6.875,1,6.875,0,,0,
2026-07-22 14:40:18,1,6.875,1,6.875,0,,0,
2026-07-22 14:50:16,1,6.875,1,6.875,0,,0,
2026-07-22 15:00:26,1,6.875,1,6.875,0,,0,
2026-07-22 15:10:28,1,6.875,1,6.875,0,,0,
2026-07-22 15:20:14,1,6.875,1,6.875,0,,0,
2026-07-22 15:30:22,1,6.875,1,6.875,0,,0,
2026-07-22 15:40:16,1,6.875,1,6.875,0,,0,
2026-07-22 15:50:19,1,6.875,1,6.875,0,,0,
2026-07-22 16:00:21,1,6.875,1,6.875,0,,0,
2026-07-22 16:10:16,1,6.875,1,6.875,0,,0,
2026-07-22 16:20:13,1,6.875,1,6.875,0,,0,
2026-07-22 16:30:19,1,6.875,1,6.875,0,,1,6.94
2026-07-22 16:40:18,1,6.875,1,6.875,0,,1,6.94
2026-07-22 16:50:16,1,6.875,1,6.875,0,,1,6.94
2026-07-22 17:00:25,1,6.875,1,6.875,0,,1,6.94
2026-07-22 17:10:13,1,6.875,1,6.875,0,,0,
2026-07-22 17:20:14,1,6.875,1,6.875,0,,0,
2026-07-22 17:30:18,1,6.875,1,6.875,0,,0,
2026-07-22 17:40:12,1,6.875,1,6.875,0,,0,
2026-07-22 17:50:17,1,6.875,1,6.875,0,,1,6.94
2026-07-22 17:51:57,1,6.875,1,6.875,0,,1,6.94
2026-07-22 18:00:21,1,6.875,1,6.875,0,,0,
2026-07-22 18:10:16,1,6.875,1,6.875,0,,0,
2026-07-22 18:20:16,1,6.875,1,6.875,0,,0,
2026-07-22 18:30:18,1,6.875,1,6.875,0,,0,
2026-07-22 18:40:14,1,6.875,1,6.875,0,,0,
2026-07-22 18:50:17,1,6.875,1,6.875,0,,0,
2026-07-22 19:00:24,1,6.875,1,6.875,0,,0,
2026-07-22 19:10:13,1,6.875,1,6.875,0,,0,
2026-07-22 19:20:15,1,6.875,1,6.875,0,,0,
2026-07-22 19:30:19,1,6.875,1,6.875,0,,1,6.94
2026-07-22 19:40:14,1,6.875,1,6.875,0,,1,6.94
2026-07-22 19:50:14,1,6.875,1,6.875,0,,1,6.94
2026-07-22 20:00:23,1,6.875,1,6.875,0,,1,6.94
2026-07-22 20:10:12,1,6.875,1,6.875,0,,1,6.94
2026-07-22 20:20:14,1,6.875,1,6.875,0,,1,6.94
2026-07-22 20:30:18,1,6.875,1,6.875,0,,1,6.94
2026-07-22 20:40:18,1,6.875,1,6.875,0,,1,6.94
2026-07-22 20:50:14,1,6.875,1,6.875,0,,1,6.94
2026-07-22 21:00:25,1,6.875,1,6.875,0,,1,6.94
2026-07-22 21:10:16,1,6.875,1,6.875,0,,1,6.94
2026-07-22 21:20:14,1,6.875,1,6.875,0,,1,6.94
2026-07-22 21:30:17,1,6.875,1,6.875,0,,1,6.94
2026-07-22 21:40:17,1,6.875,1,6.875,0,,0,
2026-07-22 21:54:28,1,6.875,1,6.875,0,,0,
2026-07-22 22:00:34,1,6.875,1,6.875,0,,1,6.94
2026-07-22 22:10:13,1,6.875,1,6.875,0,,0,
2026-07-22 22:20:12,1,6.875,1,6.875,0,,1,6.94
2026-07-22 22:30:18,1,6.875,1,6.875,0,,1,6.94
2026-07-22 22:40:13,1,6.875,1,6.875,0,,1,6.94
2026-07-22 22:50:14,1,6.875,1,6.875,0,,1,6.94
2026-07-22 23:00:22,1,6.875,1,6.875,0,,1,6.94
2026-07-22 23:10:14,1,6.875,1,6.875,0,,1,6.94
2026-07-22 23:20:14,1,6.875,1,6.875,0,,1,6.94
2026-07-22 23:30:17,1,6.875,1,6.875,0,,1,6.94
2026-07-22 23:40:13,1,6.875,1,6.875,0,,1,6.94
2026-07-22 23:50:12,1,6.875,1,6.875,0,,1,6.94
2026-07-23 00:00:19,1,6.875,1,6.875,0,,1,6.94
2026-07-23 00:10:12,1,6.875,1,6.875,0,,1,6.94
2026-07-23 00:20:13,1,6.875,1,6.875,0,,1,6.94
2026-07-23 00:30:14,1,6.875,1,6.875,0,,1,6.94
2026-07-23 00:40:11,1,6.875,1,6.875,0,,1,6.94
2026-07-23 00:50:11,1,6.875,1,6.875,0,,1,6.94
2026-07-23 01:00:24,1,6.875,1,6.875,0,,1,6.94
2026-07-23 01:10:15,1,6.875,1,6.875,0,,1,6.94
2026-07-23 01:20:12,1,6.875,1,6.875,0,,1,6.94
2026-07-23 01:30:17,1,6.875,1,6.875,0,,1,6.94
2026-07-23 01:40:17,1,6.875,1,6.875,0,,1,6.94
2026-07-23 01:50:14,1,6.875,1,6.875,0,,1,6.94
2026-07-23 02:00:22,1,6.875,1,6.875,0,,1,6.94
2026-07-23 02:10:13,1,6.875,1,6.875,0,,1,6.94
2026-07-23 02:20:14,1,6.875,1,6.875,0,,1,6.94
2026-07-23 02:30:16,1,6.875,1,6.875,0,,1,6.94
2026-07-23 02:40:14,1,6.875,1,6.875,0,,1,6.94
2026-07-23 02:50:13,1,6.875,1,6.875,0,,1,6.94
2026-07-23 03:00:25,1,6.875,1,6.875,0,,1,6.94
2026-07-23 03:10:13,1,6.875,1,6.875,0,,1,6.94
2026-07-23 03:20:19,1,6.875,1,6.875,0,,1,6.94
2026-07-23 03:30:13,1,6.875,1,6.875,0,,1,6.94
2026-07-23 03:40:14,1,6.875,1,6.875,0,,1,6.94
2026-07-23 03:50:11,1,6.875,1,6.875,0,,1,6.94
2026-07-23 04:00:19,1,6.875,1,6.875,0,,1,6.94
2026-07-23 04:10:12,1,6.875,1,6.875,0,,1,6.94
2026-07-23 04:20:15,1,6.875,1,6.875,0,,1,6.94
2026-07-23 04:30:14,1,6.875,1,6.875,0,,1,6.94
2026-07-23 04:40:14,1,6.875,1,6.875,0,,1,6.94
2026-07-23 04:50:12,1,6.875,1,6.875,0,,1,6.94
2026-07-23 05:00:22,1,6.875,1,6.875,0,,1,6.94
2026-07-23 05:10:11,1,6.875,1,6.875,0,,1,6.94
2026-07-23 05:20:13,1,6.875,1,6.875,0,,1,6.94
2026-07-23 05:30:15,1,6.875,1,6.875,0,,1,6.94
2026-07-23 05:40:14,1,6.875,1,6.875,0,,1,6.94
2026-07-23 05:50:11,1,6.875,1,6.875,0,,1,6.94
2026-07-23 06:00:22,1,6.875,1,6.875,0,,1,6.94
2026-07-23 06:10:12,1,6.875,1,6.875,0,,1,6.94
2026-07-23 06:20:14,1,6.875,1,6.875,0,,1,6.94
2026-07-23 06:30:18,1,6.875,1,6.875,0,,1,6.94
2026-07-23 06:40:13,1,6.875,1,6.875,0,,1,6.94
2026-07-23 06:46:04,1,6.875,1,6.875,0,,1,6.94
2026-07-23 06:50:15,1,6.875,1,6.875,0,,1,6.94
2026-07-23 07:00:22,1,6.875,1,6.875,0,,1,6.94
2026-07-23 07:10:16,1,6.875,1,6.875,0,,1,6.94
2026-07-23 07:20:14,1,6.875,1,6.875,0,,1,6.94
2026-07-23 07:30:16,1,6.875,1,6.875,0,,1,6.94
2026-07-23 07:40:14,1,6.875,1,6.875,0,,1,6.94
2026-07-23 07:50:13,1,6.875,1,6.875,0,,1,6.94
2026-07-23 08:00:24,1,6.875,1,6.875,0,,1,6.94
2026-07-23 08:10:11,1,6.875,1,6.875,0,,1,6.94
2026-07-23 08:20:12,1,6.875,1,6.875,0,,1,6.94
2026-07-23 08:30:17,1,6.875,1,6.875,0,,1,6.94
2026-07-23 08:40:14,1,6.875,1,6.875,0,,1,6.94
2026-07-23 08:50:38,1,6.25,1,6.25,0,,1,6.94
2026-07-23 09:00:23,1,6.25,1,6.25,0,,1,6.94
2026-07-23 09:10:14,1,6.25,1,6.25,0,,1,6.94
2026-07-23 09:20:13,1,6.25,1,6.25,0,,1,6.94
2026-07-23 09:30:22,1,6.25,1,6.25,0,,1,6.94
2026-07-23 09:40:16,1,6.25,1,6.25,0,,1,6.94
2026-07-23 09:50:12,1,6.25,1,6.25,0,,1,6.94
2026-07-23 10:00:25,1,6.25,1,6.25,0,,1,6.94
2026-07-23 10:10:12,1,6.25,1,6.25,0,,1,6.94
2026-07-23 10:20:15,1,6.25,1,6.25,0,,1,6.94
2026-07-23 10:30:18,1,6.25,1,6.25,0,,1,6.94
2026-07-23 10:40:14,1,6.25,1,6.25,0,,1,6.94
2026-07-23 10:50:16,1,6.25,1,6.25,0,,1,6.94
2026-07-23 11:00:24,1,6.25,1,6.25,0,,1,6.94
2026-07-23 11:10:13,1,6.25,1,6.25,0,,1,6.94
2026-07-23 11:20:13,1,6.25,1,6.25,0,,1,6.94
2026-07-23 11:30:16,1,6.25,1,6.25,0,,1,6.94
2026-07-23 11:40:11,1,6.25,1,6.25,0,,1,6.94
2026-07-23 11:50:12,1,6.25,1,6.25,0,,1,6.94
2026-07-23 12:00:27,1,6.25,1,6.25,0,,1,6.94
2026-07-23 12:10:14,1,6.25,1,6.25,0,,1,6.94
2026-07-23 12:14:31,1,6.25,1,6.25,0,,1,6.94
2026-07-23 12:20:14,1,6.25,1,6.25,0,,1,6.94
2026-07-23 12:30:19,1,6.25,1,6.25,0,,1,6.94
2026-07-23 12:40:13,1,6.25,1,6.25,0,,1,6.94
2026-07-23 12:50:17,1,6.25,1,6.25,0,,1,6.94
2026-07-23 13:00:24,1,6.25,1,6.25,0,,1,6.94
2026-07-23 13:10:12,1,6.25,1,6.25,0,,1,6.94
2026-07-23 13:20:19,1,6.25,1,6.25,0,,1,6.94
2026-07-23 13:30:21,1,6.25,1,6.25,0,,1,6.94
2026-07-23 13:40:15,1,6.25,1,6.25,0,,1,6.94
2026-07-23 13:50:15,1,6.25,1,6.25,0,,1,6.94
2026-07-23 14:00:26,1,6.25,1,6.25,0,,1,6.94
2026-07-23 14:10:15,1,6.25,1,6.25,0,,1,6.94
2026-07-23 14:20:13,1,6.25,1,6.25,0,,1,6.94
2026-07-23 14:30:20,1,6.25,1,6.25,0,,1,6.94
2026-07-23 14:40:15,1,6.25,1,6.25,0,,1,6.94
2026-07-23 14:50:16,1,6.25,1,6.25,0,,0,
2026-07-23 15:00:30,1,6.25,1,6.25,0,,1,6.94
2026-07-23 15:10:16,1,6.25,1,6.25,0,,1,6.94
2026-07-23 15:20:14,1,6.25,1,6.25,0,,1,6.94
2026-07-23 15:30:20,1,6.25,1,6.25,0,,0,
2026-07-23 15:40:17,1,6.25,1,6.25,0,,0,
2026-07-23 15:50:15,1,6.25,1,6.25,0,,0,
2026-07-23 16:00:21,1,6.251,1,6.251,0,,0,
2026-07-23 16:10:18,1,6.251,1,6.251,0,,0,
2026-07-23 16:20:13,1,6.251,1,6.251,0,,1,6.94
2026-07-23 16:30:15,1,6.251,1,6.251,0,,0,
2026-07-23 16:40:13,1,6.251,1,6.251,0,,1,6.94
2026-07-23 16:50:15,1,6.251,1,6.251,0,,0,
2026-07-23 17:00:22,1,6.251,1,6.251,0,,0,
2026-07-23 17:05:32,1,6.251,1,6.251,0,,0,
2026-07-23 17:10:23,1,6.251,1,6.251,0,,0,
2026-07-23 17:20:12,1,6.251,1,6.251,0,,0,
2026-07-23 17:30:21,1,6.251,1,6.251,0,,0,
2026-07-23 17:40:12,1,6.251,1,6.251,0,,1,6.94
2026-07-23 17:50:12,1,6.251,1,6.251,0,,1,6.94
2026-07-23 18:00:24,1,6.251,1,6.251,0,,,
2026-07-23 18:10:13,1,6.251,1,6.251,0,,1,6.94
2026-07-23 18:20:15,1,6.251,1,6.251,0,,1,6.94
2026-07-23 18:30:18,1,6.251,1,6.251,0,,1,6.94
2026-07-23 18:40:14,1,6.251,1,6.251,0,,0,
2026-07-23 18:50:14,1,6.251,1,6.251,0,,1,6.94
2026-07-23 19:00:21,1,6.251,1,6.251,0,,1,6.94
2026-07-23 19:10:16,1,6.251,1,6.251,0,,1,6.94
2026-07-23 19:20:14,1,6.251,1,6.251,0,,0,
2026-07-23 19:30:20,1,6.251,1,6.251,0,,1,6.94
2026-07-23 19:40:12,1,6.251,1,6.251,0,,0,
2026-07-23 19:50:12,1,6.251,1,6.251,0,,0,
2026-07-23 20:00:22,1,6.251,1,6.251,0,,0,
2026-07-23 20:10:15,1,6.251,1,6.251,0,,0,
2026-07-23 20:20:12,1,6.251,1,6.251,0,,0,
2026-07-23 20:30:17,1,6.251,1,6.251,0,,0,
2026-07-23 20:40:15,1,6.251,1,6.251,0,,0,
2026-07-23 20:42:35,1,6.251,1,6.251,0,,0,
2026-07-23 20:50:15,1,6.251,1,6.251,0,,1,6.94
2026-07-23 21:00:22,1,6.251,1,6.251,0,,1,6.94
2026-07-23 21:10:14,1,6.251,1,6.251,0,,1,6.94
2026-07-23 21:20:18,1,6.251,1,6.251,0,,1,6.94
2026-07-23 21:30:17,1,6.251,1,6.251,0,,0,
2026-07-23 21:40:13,1,6.251,1,6.251,0,,1,6.94
2026-07-23 21:50:14,1,6.251,1,6.251,0,,1,6.94
2026-07-23 22:00:20,1,6.251,1,6.251,0,,1,6.94
2026-07-23 22:10:15,1,6.251,1,6.251,0,,1,6.94
2026-07-23 22:20:20,1,6.251,1,6.251,0,,1,6.94
2026-07-23 22:30:16,1,6.251,1,6.251,0,,1,6.94
2026-07-23 22:40:20,1,6.251,1,6.251,0,,1,6.94
2026-07-23 22:50:12,1,6.251,1,6.251,0,,1,6.94
2026-07-23 23:00:21,1,6.251,1,6.251,0,,1,6.94
2026-07-23 23:10:15,1,6.251,1,6.251,0,,1,6.94
2026-07-23 23:20:14,1,6.251,1,6.251,0,,1,6.94
2026-07-23 23:30:13,1,6.251,1,6.251,0,,1,6.94
2026-07-23 23:40:18,1,6.251,1,6.251,0,,1,6.94
2026-07-23 23:50:12,1,6.251,1,6.251,0,,1,6.94
2026-07-24 00:00:20,1,6.251,1,6.251,0,,1,6.94
2026-07-24 00:10:15,1,6.251,1,6.251,0,,1,6.94
2026-07-24 00:12:09,1,6.251,1,6.251,0,,1,6.94
2026-07-24 00:20:12,1,6.251,1,6.251,0,,1,6.94
2026-07-24 00:30:15,1,6.251,1,6.251,0,,1,6.94
2026-07-24 00:40:11,1,6.251,1,6.251,0,,1,6.94
2026-07-24 00:50:11,1,6.251,1,6.251,0,,1,6.94
2026-07-24 01:00:20,1,6.251,1,6.251,0,,1,6.94
2026-07-24 01:10:12,1,6.251,1,6.251,0,,1,6.94
2026-07-24 01:20:13,1,6.251,1,6.251,0,,1,6.94
2026-07-24 01:30:13,1,6.251,1,6.251,0,,1,6.94
2026-07-24 01:40:13,1,6.251,1,6.251,0,,1,6.94
2026-07-24 01:50:14,1,6.251,1,6.251,0,,1,6.94
2026-07-24 02:00:19,1,6.251,1,6.251,0,,1,6.94
2026-07-24 02:10:12,1,6.251,1,6.251,0,,1,6.94
2026-07-24 02:20:13,1,6.251,1,6.251,0,,1,6.94
2026-07-24 02:30:16,1,6.251,1,6.251,0,,1,6.94
2026-07-24 02:40:14,1,6.251,1,6.251,0,,1,6.94
2026-07-24 02:50:17,1,6.251,1,6.251,0,,1,6.94
2026-07-24 03:00:18,1,6.251,1,6.251,0,,1,6.94
2026-07-24 03:10:13,1,6.251,1,6.251,0,,1,6.94
2026-07-24 03:20:13,1,6.251,1,6.251,0,,1,6.94
2026-07-24 03:30:16,1,6.251,1,6.251,0,,1,6.94
2026-07-24 03:40:14,1,6.251,1,6.251,0,,1,6.94
2026-07-24 03:50:13,1,6.251,1,6.251,0,,1,6.94
2026-07-24 04:00:19,1,6.251,1,6.251,0,,1,6.94
2026-07-24 04:10:13,1,6.251,1,6.251,0,,1,6.94
2026-07-24 04:20:12,1,6.251,1,6.251,0,,1,6.94
2026-07-24 04:30:18,1,6.251,1,6.251,0,,1,6.94
2026-07-24 04:40:14,1,6.251,1,6.251,0,,1,6.94
2026-07-24 04:50:14,1,6.251,1,6.251,0,,1,6.94
2026-07-24 05:00:20,1,6.251,1,6.251,0,,1,6.94
2026-07-24 05:10:14,1,6.251,1,6.251,0,,1,6.94
2026-07-24 05:20:17,1,6.251,1,6.251,0,,1,6.94
2026-07-24 05:30:17,1,6.251,1,6.251,0,,1,6.94
2026-07-24 05:40:11,1,6.251,1,6.251,0,,1,6.94
2026-07-24 05:50:16,1,6.251,1,6.251,0,,1,6.94
2026-07-24 06:00:20,1,6.251,1,6.251,0,,1,6.94
2026-07-24 06:10:13,1,6.251,1,6.251,0,,1,6.94
2026-07-24 06:20:14,1,6.251,1,6.251,0,,1,6.94
2026-07-24 06:30:15,1,6.251,1,6.251,0,,1,6.94
2026-07-24 06:40:13,1,6.251,1,6.251,0,,1,6.94
2026-07-24 06:50:15,1,6.251,1,6.251,0,,1,6.94
2026-07-24 07:00:21,1,6.251,1,6.251,0,,1,6.94
2026-07-24 07:10:15,1,6.251,1,6.251,0,,1,6.94
2026-07-24 07:20:14,1,6.251,1,6.251,0,,1,6.94
2026-07-24 07:30:18,1,6.251,1,6.251,0,,1,6.94
2026-07-24 07:40:13,1,6.251,1,6.251,0,,1,6.94
2026-07-24 07:50:15,1,6.251,1,6.251,0,,1,6.94
2026-07-24 08:00:21,1,6.251,1,6.251,0,,1,6.94
2026-07-24 08:10:13,1,6.251,1,6.251,0,,1,6.94
2026-07-24 08:20:17,1,6.251,1,6.251,0,,1,6.94
2026-07-24 08:30:14,1,6.251,1,6.251,0,,1,6.94
2026-07-24 08:40:14,1,6.251,1,6.251,0,,1,6.94
2026-07-24 08:50:13,1,6.251,1,6.251,0,,1,6.94
2026-07-24 09:00:30,1,6.251,1,6.251,0,,1,6.94
2026-07-24 09:10:25,1,6.251,1,6.251,0,,1,6.94
2026-07-24 09:13:33,1,6.251,1,6.251,0,,1,6.94
2026-07-24 09:20:18,1,6.251,1,6.251,0,,1,6.94
2026-07-24 09:30:14,1,6.251,1,6.251,0,,1,6.94
2026-07-24 09:40:15,1,6.251,1,6.251,0,,1,6.94
2026-07-24 09:50:11,1,6.251,1,6.251,0,,1,6.94
2026-07-24 10:00:24,1,6.251,1,6.251,0,,1,6.94
2026-07-24 10:10:15,1,6.251,1,6.251,0,,1,6.94
2026-07-24 10:20:16,1,6.251,1,6.251,0,,1,6.94
2026-07-24 10:30:21,1,6.251,1,6.251,0,,1,6.94
2026-07-24 10:40:13,1,6.251,1,6.251,0,,1,6.94
2026-07-24 10:50:11,1,6.251,1,6.251,0,,1,6.94
2026-07-24 11:00:32,1,6.251,1,6.251,,,1,6.94
2026-07-24 11:10:15,1,6.251,1,6.251,0,,1,6.94
2026-07-24 11:20:12,1,6.251,1,6.251,0,,1,6.94
2026-07-24 11:30:16,1,6.251,1,6.251,0,,1,6.94
2026-07-24 11:40:13,1,6.251,1,6.251,0,,1,6.94
2026-07-24 11:50:13,1,6.251,1,6.251,0,,1,6.94
2026-07-24 12:00:21,1,6.251,1,6.251,0,,1,6.94
2026-07-24 12:10:14,1,6.251,1,6.251,0,,1,6.94
2026-07-24 12:20:14,1,6.251,1,6.251,0,,1,6.94
2026-07-24 12:30:22,1,6.251,1,6.251,0,,1,6.94
2026-07-24 12:40:17,1,6.251,1,6.251,0,,1,6.94
2026-07-24 12:50:14,1,6.251,1,6.251,0,,1,6.94
2026-07-24 13:00:25,1,6.251,1,6.251,0,,1,6.94
2026-07-24 13:10:12,1,6.251,1,6.251,0,,1,6.94
2026-07-24 13:20:12,1,6.251,1,6.251,0,,1,6.94
2026-07-24 13:30:22,1,6.251,1,6.251,0,,1,6.94
2026-07-24 13:40:14,1,6.251,1,6.251,0,,1,6.94
2026-07-24 13:50:11,1,6.251,1,6.251,0,,1,6.94
2026-07-24 14:00:22,1,6.251,1,6.251,0,,1,6.94
2026-07-24 14:10:14,1,6.251,1,6.251,0,,1,6.94
2026-07-24 14:20:17,1,6.251,1,6.251,0,,1,6.94
2026-07-24 14:30:22,1,6.251,1,6.251,0,,1,6.94
2026-07-24 14:40:13,1,6.251,1,6.251,0,,1,6.94
2026-07-24 14:50:12,1,6.251,1,6.251,0,,1,6.94
2026-07-24 15:00:22,1,6.251,1,6.251,0,,1,6.94
2026-07-24 15:10:13,1,6.251,1,6.251,0,,1,6.94
2026-07-24 15:15:22,1,6.251,1,6.251,0,,1,6.94
2026-07-24 15:20:17,1,6.251,1,6.251,0,,1,6.94
2026-07-24 15:30:16,1,6.251,1,6.251,0,,1,6.94
2026-07-24 15:40:15,1,6.251,1,6.251,0,,0,
2026-07-24 15:50:14,1,6.251,1,6.251,0,,1,6.94
2026-07-24 16:00:50,1,6.251,1,6.251,0,,1,6.94
2026-07-24 16:36:07,1,6.251,1,6.251,0,,1,6.94
2026-07-24 16:40:14,1,6.251,1,6.251,0,,1,6.94
2026-07-24 16:50:15,1,6.251,1,6.251,0,,1,6.94
2026-07-24 17:00:25,1,6.251,1,6.251,0,,1,6.94
2026-07-24 17:10:14,1,6.251,1,6.251,0,,1,6.94
2026-07-24 17:20:14,1,6.251,1,6.251,0,,1,6.94
2026-07-24 17:30:15,1,6.94,1,8.751,0,,1,6.94
2026-07-24 17:40:14,1,6.94,1,8.751,0,,1,6.94
2026-07-24 17:50:11,1,6.94,1,8.751,0,,1,6.94
2026-07-24 18:10:14,1,6.94,1,8.751,0,,1,6.94
2026-07-24 18:20:11,1,6.94,1,8.438,0,,1,6.94
2026-07-24 18:30:18,1,6.94,1,8.438,0,,1,6.94
2026-07-24 18:40:14,1,6.94,1,8.438,0,,1,6.94
2026-07-24 18:50:14,1,6.94,1,8.438,0,,1,6.94
2026-07-24 19:00:20,1,6.94,1,8.438,0,,1,6.94
2026-07-24 19:10:12,1,6.94,1,8.438,0,,1,6.94
2026-07-24 19:20:12,1,6.94,1,8.438,0,,1,6.94
2026-07-24 19:30:23,1,6.94,1,8.438,0,,1,6.94
2026-07-24 19:40:14,1,6.94,1,8.438,0,,1,6.94
2026-07-24 19:50:12,1,6.94,1,8.438,0,,1,6.94
2026-07-24 20:00:27,1,6.94,1,8.438,0,,1,6.94
2026-07-24 20:04:32,1,6.94,1,8.438,0,,1,6.94
2026-07-24 20:10:17,1,6.94,1,8.438,0,,1,6.94
2026-07-24 20:20:12,1,6.94,1,8.438,0,,1,6.94
2026-07-24 20:30:16,1,6.94,1,8.438,0,,1,6.94
2026-07-24 20:40:14,1,6.94,1,8.438,0,,1,6.94
2026-07-24 20:50:13,1,6.94,1,8.438,0,,1,6.94
2026-07-24 21:00:21,1,6.94,1,8.438,0,,1,6.94
2026-07-24 21:10:15,1,6.94,1,8.438,0,,1,6.94
2026-07-24 21:20:12,1,6.94,1,8.438,0,,1,6.94
2026-07-24 21:30:15,1,6.94,1,8.438,0,,1,6.94
2026-07-24 21:40:11,1,6.94,1,8.438,0,,1,6.94
2026-07-24 21:50:18,1,6.94,1,8.438,0,,1,6.94
2026-07-24 22:00:20,1,6.94,1,8.438,0,,1,6.94
2026-07-24 22:10:11,1,6.94,1,8.751,0,,1,6.94
2026-07-24 22:20:16,1,6.94,1,8.751,0,,1,6.94
2026-07-24 22:30:15,1,6.94,1,8.438,0,,1,6.94
2026-07-24 22:40:12,1,6.94,1,8.438,0,,1,6.94
2026-07-24 22:50:13,1,6.94,1,8.438,0,,1,6.94
2026-07-24 23:00:22,1,6.94,1,8.438,0,,1,6.94
2026-07-24 23:10:20,1,6.94,1,8.751,0,,1,6.94
2026-07-24 23:20:12,1,6.94,1,8.751,0,,1,6.94
2026-07-24 23:30:18,1,6.251,1,6.251,0,,1,6.94
2026-07-24 23:40:14,1,6.251,1,6.251,0,,1,6.94
2026-07-24 23:44:42,1,6.251,1,6.251,0,,1,6.94
2026-07-24 23:50:13,1,6.251,1,6.251,0,,1,6.94
2026-07-25 00:00:21,1,6.251,1,6.251,0,,1,6.94
2026-07-25 00:10:12,1,6.251,1,6.251,0,,1,6.94
2026-07-25 00:20:13,1,6.251,1,6.251,0,,1,6.94
2026-07-25 00:30:15,1,6.251,1,6.251,0,,1,6.94
2026-07-25 00:40:12,1,6.251,1,6.251,0,,1,6.94
2026-07-25 00:50:12,1,6.251,1,6.251,0,,1,6.94
2026-07-25 01:02:34,1,6.251,1,6.251,0,,1,6.94
2026-07-25 01:10:13,1,6.251,1,6.251,0,,1,6.94
2026-07-25 01:20:41,1,6.251,1,6.251,0,,1,6.94
2026-07-25 01:30:18,1,6.251,1,6.251,0,,1,6.94
2026-07-25 01:40:15,1,6.251,1,6.251,0,,1,6.94
2026-07-25 01:50:10,1,6.251,1,6.251,0,,1,6.94
2026-07-25 02:00:27,1,6.251,1,6.251,0,,1,6.94
2026-07-25 02:10:14,1,6.251,1,6.251,0,,1,6.94
2026-07-25 02:20:12,1,6.251,1,6.251,0,,1,6.94
2026-07-25 02:30:19,1,6.251,1,6.251,0,,1,6.94
2026-07-25 02:40:16,1,6.25,1,6.25,0,,1,6.94
2026-07-25 02:50:14,1,6.25,1,6.25,0,,1,6.94
2026-07-25 03:00:18,1,6.25,1,6.25,0,,1,6.94
2026-07-25 03:10:12,1,6.25,1,6.25,0,,1,6.94
2026-07-25 03:20:18,1,6.25,1,6.25,0,,1,6.94
2026-07-25 03:30:20,1,6.25,1,6.25,0,,1,6.94
2026-07-25 03:40:11,1,6.25,1,6.25,0,,1,6.94
2026-07-25 03:50:14,1,6.25,1,6.25,0,,1,6.94
2026-07-25 04:02:07,1,6.25,1,6.25,0,,1,6.94
2026-07-25 04:11:42,1,6.25,1,6.25,0,,1,6.94
2026-07-25 04:20:14,1,6.25,1,6.25,0,,1,6.94
2026-07-25 04:30:16,1,6.25,1,6.25,0,,1,6.94
2026-07-25 04:40:11,1,6.25,1,6.25,0,,1,6.94
2026-07-25 04:52:45,1,6.25,1,6.25,0,,1,6.94
2026-07-25 05:00:23,1,6.25,1,6.25,0,,1,6.94
2026-07-25 05:10:10,1,6.25,1,6.25,0,,1,6.94
2026-07-25 05:21:43,1,6.25,1,6.25,0,,1,6.94
2026-07-25 05:30:13,1,6.25,1,6.25,0,,1,6.94
2026-07-25 05:40:15,1,6.25,1,6.25,0,,1,6.94
2026-07-25 05:50:11,1,6.25,1,6.25,0,,1,6.94
2026-07-25 06:02:27,1,6.25,1,6.25,0,,1,6.94
2026-07-25 06:10:13,1,6.25,1,6.25,0,,1,6.94
2026-07-25 06:20:18,1,5.625,1,5.625,0,,1,6.94
2026-07-25 06:35:49,1,5.625,1,5.625,0,,1,6.94
2026-07-25 06:40:14,1,5.625,1,5.625,0,,1,6.94
2026-07-25 06:50:17,1,5.625,1,5.625,0,,1,6.94
2026-07-25 07:00:23,1,5.625,1,5.625,0,,1,6.94
2026-07-25 07:10:14,1,5.625,1,5.625,0,,1,6.94
2026-07-25 07:20:15,1,5.625,1,5.625,0,,1,6.94
2026-07-25 07:30:16,1,5.625,1,5.625,0,,1,6.94
2026-07-25 07:33:38,1,5.625,1,5.625,0,,1,6.94
2026-07-25 07:40:18,1,5.625,1,5.625,0,,1,6.94
2026-07-25 07:51:38,1,5.625,1,5.625,0,,1,6.94
2026-07-25 08:00:20,1,5.625,1,5.625,0,,1,6.94
2026-07-25 08:10:11,1,5.625,1,5.625,0,,1,6.94
2026-07-25 08:20:15,1,5.625,1,5.625,0,,1,6.94
2026-07-25 08:31:59,1,5.625,1,5.625,0,,1,6.94
2026-07-25 08:40:14,1,5.625,1,5.625,0,,1,6.94
2026-07-25 08:50:13,1,5.625,1,5.625,0,,1,6.94
2026-07-25 09:03:30,1,5.625,1,5.625,0,,1,6.94
2026-07-25 09:10:17,1,5.625,1,5.625,0,,1,6.94
2026-07-25 09:20:13,1,5.625,1,5.625,0,,1,6.94
2026-07-25 09:30:19,1,5.625,1,5.625,0,,1,6.94
2026-07-25 09:42:05,1,5.625,1,5.625,0,,1,6.94
2026-07-25 09:51:29,1,5.625,1,5.625,0,,1,6.94
2026-07-25 10:02:27,1,5.625,1,5.625,0,,1,6.94
2026-07-25 10:10:13,1,5.625,1,5.625,0,,1,6.94
2026-07-25 10:20:11,1,5.625,1,5.625,0,,1,6.94
2026-07-25 10:30:15,1,5.625,1,5.625,0,,1,6.94
2026-07-25 10:40:15,1,5.625,1,5.625,0,,1,6.94
2026-07-25 10:50:14,1,5.625,1,5.625,0,,1,6.94
2026-07-25 11:02:27,1,5.625,1,5.625,0,,1,6.94
2026-07-25 11:10:12,1,5.625,1,5.625,0,,1,6.94
2026-07-25 11:20:14,1,6.94,,,0,,1,6.94
2026-07-25 11:30:15,1,5.625,1,5.625,0,,1,6.94
2026-07-25 11:40:13,1,5.625,1,5.625,0,,1,6.94
2026-07-25 11:47:57,1,5.625,1,5.625,0,,1,6.94
2026-07-25 11:50:12,1,5.625,1,5.625,0,,1,6.94
2026-07-25 12:02:04,1,5.625,1,5.625,0,,1,6.94
2026-07-25 12:10:11,1,5.625,1,5.625,0,,1,6.94
2026-07-25 12:20:12,1,5.625,1,5.625,0,,1,6.94
2026-07-25 12:30:16,1,5.625,1,5.625,0,,1,6.94
2026-07-25 12:40:17,1,5.625,1,5.625,0,,1,6.94
2026-07-25 12:50:13,1,5.625,1,5.625,0,,1,6.94
2026-07-25 13:00:24,1,5.625,1,5.625,0,,1,6.94
2026-07-25 13:10:14,1,5.625,1,5.625,0,,1,6.94
2026-07-25 13:20:14,1,5.625,1,5.625,0,,1,6.94
2026-07-25 13:30:19,1,5.625,1,5.625,0,,1,6.94
2026-07-25 13:40:14,1,5.625,1,5.625,0,,1,6.94
2026-07-25 13:50:14,1,5.625,1,5.625,0,,1,6.94
2026-07-25 14:00:18,1,5.625,1,5.625,0,,1,6.94
2026-07-25 14:10:12,1,5.625,1,5.625,0,,1,6.94
2026-07-25 14:20:14,1,5.626,1,5.626,0,,1,6.94
2026-07-25 14:30:15,1,5.626,1,5.626,0,,1,6.94
2026-07-25 14:41:36,1,5.626,1,5.626,0,,1,6.94
2026-07-25 14:50:11,1,5.626,1,5.626,0,,1,6.94
2026-07-25 15:00:21,1,5.626,1,5.626,0,,1,6.94
2026-07-25 15:10:16,1,5.626,1,5.626,0,,1,6.94
2026-07-25 15:20:16,1,5.626,1,5.626,0,,1,6.94
2026-07-25 15:30:17,1,5.626,1,5.626,0,,1,6.94
2026-07-25 15:40:13,1,5.626,1,5.626,0,,1,6.94
2026-07-25 15:45:28,1,5.626,1,5.626,0,,1,6.94
2026-07-25 15:50:19,1,5.626,1,5.626,0,,1,6.94
2026-07-25 16:00:16,1,6.94,1,8.751,0,,1,6.94
2026-07-25 16:10:13,1,6.94,1,8.751,0,,1,6.94
2026-07-25 16:20:12,1,6.94,1,8.751,0,,1,6.94
2026-07-25 16:30:17,1,6.94,1,8.751,0,,1,6.94
2026-07-25 16:40:14,1,6.94,1,8.751,0,,1,6.94
2026-07-25 16:50:12,1,5.626,1,5.626,0,,1,6.94
2026-07-25 17:00:20,1,5.626,1,5.626,0,,1,6.94
2026-07-25 17:10:13,1,5.626,1,5.626,0,,1,6.94
2026-07-25 17:20:13,1,5.626,1,5.626,0,,1,6.94
2026-07-25 17:31:53,1,5.626,1,5.626,0,,1,6.94
2026-07-25 17:40:15,1,5.626,1,5.626,0,,1,6.94
2026-07-25 17:50:13,1,5.626,1,5.626,0,,1,6.94
2026-07-25 18:00:20,1,5.626,1,5.626,0,,1,6.94
2026-07-25 18:10:12,1,5.626,1,5.626,0,,1,6.94
2026-07-25 18:20:14,1,5.626,1,5.626,0,,1,6.94
2026-07-25 18:31:49,1,5.626,1,5.626,0,,1,6.94
2026-07-25 18:40:13,1,5.626,1,5.626,0,,1,6.94
2026-07-25 18:50:12,1,5.626,1,5.626,0,,1,6.94
2026-07-25 19:00:17,1,5.626,1,5.626,0,,1,6.94
2026-07-25 19:10:14,1,5.626,1,5.626,0,,1,6.94
2026-07-25 19:20:13,1,5.626,1,5.626,0,,1,6.94
2026-07-25 19:30:14,1,5.626,1,5.626,0,,1,6.94
2026-07-25 19:40:13,1,5.626,1,5.626,0,,1,6.94
2026-07-25 19:50:47,1,5.626,1,5.626,0,,1,6.94
2026-07-25 20:00:22,1,5.626,1,5.626,0,,1,6.94
2026-07-25 20:02:26,1,5.626,1,5.626,0,,1,6.94
2026-07-25 20:10:12,1,5.626,1,5.626,0,,1,6.94
2026-07-25 20:20:15,1,5.626,1,5.626,0,,1,6.94
2026-07-25 20:31:46,1,5.626,1,5.626,0,,1,6.94
2026-07-25 20:40:14,1,5.626,1,5.626,0,,1,6.94
2026-07-25 20:50:15,1,5.626,1,5.626,0,,1,6.94
2026-07-25 21:00:21,1,5.626,1,5.626,0,,1,6.94
2026-07-25 21:10:20,1,5.626,1,5.626,0,,1,6.94
2026-07-25 21:20:12,1,5.626,1,5.626,0,,1,6.94
2026-07-25 21:30:14,1,5.626,1,5.626,0,,1,6.94
2026-07-25 21:40:12,1,5.626,1,5.626,0,,1,6.94
2026-07-25 21:50:14,1,5.626,1,5.626,0,,1,6.94
2026-07-25 22:00:18,1,5.626,1,5.626,0,,1,6.94
2026-07-25 22:10:16,1,5.626,1,5.626,0,,1,6.94
2026-07-25 22:20:13,1,5.626,1,5.626,0,,1,6.94
2026-07-25 22:31:55,1,5.626,1,5.626,0,,1,6.94
2026-07-25 22:40:12,1,5.626,1,5.626,0,,1,6.94
2026-07-25 22:50:14,1,5.626,1,5.626,0,,1,6.94
2026-07-25 23:01:52,1,6.94,,,0,,1,6.94
2026-07-25 23:10:12,1,5.626,1,5.626,0,,1,6.94
2026-07-25 23:20:14,1,5.626,1,5.626,0,,1,6.94
2026-07-25 23:32:09,1,5.626,1,5.626,0,,1,6.94
2026-07-25 23:40:14,1,5.626,1,5.626,0,,1,6.94
2026-07-25 23:43:41,1,5.626,1,5.626,0,,1,6.94
2026-07-25 23:50:13,1,5.626,1,5.626,0,,1,6.94
2026-07-26 00:00:20,1,5.626,1,5.626,0,,1,6.94
2026-07-26 00:10:15,1,5.626,1,5.626,0,,1,6.94
2026-07-26 00:20:15,1,5.626,1,5.626,0,,1,6.94
2026-07-26 00:31:56,1,5.626,1,5.626,0,,1,6.94
2026-07-26 00:40:15,1,5.626,1,5.626,0,,1,6.94
2026-07-26 00:50:11,1,5.626,1,5.626,0,,1,6.94
2026-07-26 01:00:22,1,5.626,1,5.626,0,,1,6.94
2026-07-26 01:10:16,1,5.626,1,5.626,0,,1,6.94
2026-07-26 01:20:14,1,6.94,,,0,,1,6.94
2026-07-26 01:30:14,1,5.626,1,5.626,0,,1,6.94
2026-07-26 01:40:12,1,5.626,1,5.626,0,,1,6.94
2026-07-26 01:50:13,1,5.626,1,5.626,0,,1,6.94
2026-07-26 02:00:19,1,5.626,1,5.626,0,,1,6.94
2026-07-26 02:10:13,1,5.626,1,5.626,0,,1,6.94
2026-07-26 02:20:13,1,5.626,1,5.626,0,,1,6.94
2026-07-26 02:30:13,1,5.626,1,5.626,0,,1,6.94
2026-07-26 02:40:16,1,5.626,1,5.626,0,,1,6.94
2026-07-26 02:50:11,1,5.626,1,5.626,0,,1,6.94
2026-07-26 03:00:16,1,5.626,1,5.626,0,,1,6.94
2026-07-26 03:10:16,1,5.626,1,5.626,0,,1,6.94
2026-07-26 03:20:12,1,5.626,1,5.626,0,,1,6.94
2026-07-26 03:31:48,1,5.626,1,5.626,0,,1,6.94
2026-07-26 03:40:13,1,5.626,1,5.626,0,,1,6.94
2026-07-26 03:50:13,1,5.626,1,5.626,0,,1,6.94
2026-07-26 04:02:12,1,5.626,1,5.626,0,,1,6.94
2026-07-26 04:10:13,1,5.626,1,5.626,0,,1,6.94
2026-07-26 04:21:47,1,5.626,1,5.626,0,,1,6.94
2026-07-26 04:30:15,1,5.625,1,5.625,0,,1,6.94
2026-07-26 04:40:11,1,5.625,1,5.625,0,,1,6.94
2026-07-26 04:50:13,1,5.625,1,5.625,0,,1,6.94
2026-07-26 05:00:21,1,5.625,1,5.625,0,,1,6.94
2026-07-26 05:10:14,1,5.625,1,5.625,0,,1,6.94
2026-07-26 05:21:46,1,5.625,1,5.625,0,,1,6.94
2026-07-26 05:32:00,1,5.625,1,5.625,0,,1,6.94
2026-07-26 05:40:17,1,5.625,1,5.625,0,,1,6.94
2026-07-26 05:51:35,1,5.625,1,5.625,0,,1,6.94
2026-07-26 06:00:25,1,5.625,1,5.625,0,,1,6.94
2026-07-26 06:11:13,1,5.625,1,5.625,0,,1,6.94
2026-07-26 06:21:24,1,5.625,1,5.625,0,,1,6.94
2026-07-26 06:30:15,1,5.625,1,5.625,0,,1,6.94
2026-07-26 06:40:13,1,5.625,1,5.625,0,,1,6.94
2026-07-26 06:50:57,1,5.625,1,5.625,0,,1,6.94
2026-07-26 07:00:18,1,5.625,1,5.625,0,,1,6.94
2026-07-26 07:11:06,1,5.625,1,5.625,0,,1,6.94
2026-07-26 07:20:14,1,5.625,1,5.625,0,,1,6.94
2026-07-26 07:30:18,1,5.625,1,5.625,0,,1,6.94
2026-07-26 07:40:15,1,5.625,1,5.625,0,,1,6.94
2026-07-26 07:50:12,1,5.625,1,5.625,0,,1,6.94
2026-07-26 07:58:38,1,5.625,1,5.625,0,,1,6.94
2026-07-26 08:00:19,1,5.625,1,5.625,0,,1,6.94
2026-07-26 08:10:14,1,5.625,1,5.625,0,,1,6.94
2026-07-26 08:20:15,1,5.625,1,5.625,0,,1,6.94
2026-07-26 08:30:15,1,5.625,1,5.625,0,,1,6.94
2026-07-26 08:40:15,1,5.625,1,5.625,0,,1,6.94
2026-07-26 08:50:13,1,5.626,1,5.626,0,,1,6.94
2026-07-26 09:01:17,1,6.94,,,0,,1,6.94
2026-07-26 09:10:13,1,5.626,1,5.626,0,,1,6.94
2026-07-26 09:20:16,1,5.626,1,5.626,0,,1,6.94
2026-07-26 09:32:01,1,5.626,1,5.626,0,,1,6.94
2026-07-26 09:40:12,1,5.626,1,5.626,0,,1,6.94
2026-07-26 09:51:38,1,5.626,1,5.626,0,,1,6.94
2026-07-26 10:03:28,1,5.626,1,5.626,0,,1,6.94
2026-07-26 10:10:13,1,5.626,1,5.626,0,,1,6.94
2026-07-26 10:20:15,1,5.626,1,5.626,0,,1,6.94
2026-07-26 10:31:05,1,5.626,1,5.626,0,,1,6.94
2026-07-26 10:41:42,1,5.626,1,5.626,0,,1,6.94
2026-07-26 10:50:16,1,5.626,1,5.626,0,,1,6.94
2026-07-26 11:00:18,1,5.626,1,5.626,0,,1,6.94
2026-07-26 11:10:15,1,5.626,1,5.626,0,,1,6.94
2026-07-26 11:20:15,1,5.626,1,5.626,0,,1,6.94
2026-07-26 11:30:17,1,5.626,1,5.626,0,,1,6.94
2026-07-26 11:41:08,1,5.626,1,5.626,0,,1,6.94
2026-07-26 11:48:58,1,5.626,1,5.626,0,,1,6.94
2026-07-26 11:51:19,1,5.626,1,5.626,0,,1,6.94
2026-07-26 12:00:19,1,5.626,1,5.626,0,,1,6.94
2026-07-26 12:10:16,1,5.626,1,5.626,0,,1,6.94
2026-07-26 12:20:12,1,5.626,1,5.626,0,,1,6.94
2026-07-26 12:30:15,1,5.626,1,5.626,0,,1,6.94
2026-07-26 12:40:11,1,5.626,1,5.626,0,,1,6.94
2026-07-26 12:50:12,1,5.625,1,5.625,0,,1,6.94
2026-07-26 13:00:18,1,5.625,1,5.625,0,,1,6.94
2026-07-26 13:10:13,1,5.625,1,5.625,0,,1,6.94
2026-07-26 13:20:13,1,5.625,1,5.625,0,,1,6.94
2026-07-26 13:30:14,1,5.626,1,5.626,0,,1,6.94
2026-07-26 13:40:16,1,5.626,1,5.626,0,,1,6.94
2026-07-26 13:50:13,1,5.626,1,5.626,0,,1,6.94
2026-07-26 14:02:12,1,5.626,1,5.626,0,,1,6.94
2026-07-26 14:10:17,1,5.626,1,5.626,0,,1,6.94
2026-07-26 14:20:14,1,5.626,1,5.626,0,,1,6.94
2026-07-26 14:30:17,1,5.626,1,5.626,0,,1,6.94
2026-07-26 14:41:34,1,5.626,1,5.626,0,,1,6.94
2026-07-26 14:50:12,1,5.626,1,5.626,0,,1,6.94
2026-07-26 15:01:48,1,5.626,1,5.626,0,,1,6.94
2026-07-26 15:10:15,1,5.626,1,5.626,0,,1,6.94
2026-07-26 15:20:18,1,5.626,1,5.626,0,,1,6.94
2026-07-26 15:32:26,1,5.626,1,5.626,0,,1,6.94
2026-07-26 15:40:15,1,5.626,1,5.626,0,,1,6.94
2026-07-26 15:44:23,1,5.626,1,5.626,0,,1,6.94
2026-07-26 15:50:12,1,5.626,1,5.626,0,,1,6.94
2026-07-26 16:00:22,1,5.626,1,5.626,0,,1,6.94
2026-07-26 16:10:13,1,5.626,1,5.626,0,,1,6.94
2026-07-26 16:20:13,1,5.626,1,5.626,0,,1,6.94
2026-07-26 16:30:16,1,5.626,1,5.626,0,,1,6.94
2026-07-26 16:40:12,1,5.626,1,5.626,0,,1,6.94
2026-07-26 16:50:14,1,5.626,1,5.626,0,,1,6.94
2026-07-26 17:10:15,1,5.626,1,5.626,0,,1,6.94
2026-07-26 17:20:12,1,5.626,1,5.626,0,,1,6.94
2026-07-26 17:30:13,1,6.94,1,7.814,0,,1,6.94
2026-07-26 17:40:11,1,6.94,1,7.814,0,,1,6.94
2026-07-26 17:50:13,1,6.94,1,7.814,0,,1,6.94
2026-07-26 18:00:21,1,6.94,1,7.814,0,,1,6.94
2026-07-26 18:10:15,1,6.94,1,7.814,0,,1,6.94
2026-07-26 18:20:14,1,6.94,1,7.814,0,,1,6.94
2026-07-26 18:30:14,1,6.94,1,7.814,0,,1,6.94
2026-07-26 18:40:13,1,6.94,1,7.814,0,,1,6.94
2026-07-26 18:50:13,1,6.94,1,7.814,0,,1,6.94
2026-07-26 19:00:16,1,6.94,1,7.814,0,,1,6.94
2026-07-26 19:10:11,1,6.94,1,7.814,0,,1,6.94
2026-07-26 19:20:14,1,6.94,1,7.814,0,,1,6.94
2026-07-26 19:30:13,1,6.94,1,7.814,0,,1,6.94
2026-07-26 19:40:11,1,6.94,1,7.814,0,,1,6.94
2026-07-26 19:50:15,1,6.94,1,7.814,0,,1,6.94
2026-07-26 20:00:16,1,6.94,1,7.814,0,,1,6.94
2026-07-26 20:10:16,1,6.94,1,7.814,0,,1,6.94
2026-07-26 20:20:13,1,6.94,1,7.814,0,,1,6.94
2026-07-26 20:32:08,1,6.94,1,7.814,0,,1,6.94
2026-07-26 20:40:15,1,6.94,1,7.814,0,,1,6.94
2026-07-26 20:50:11,1,6.94,1,7.814,0,,1,6.94
2026-07-26 21:01:57,1,6.94,1,7.814,0,,1,6.94
2026-07-26 21:10:12,1,6.94,1,7.814,0,,1,6.94
2026-07-26 21:20:14,1,6.94,1,7.814,0,,1,6.94
2026-07-26 21:30:16,1,6.94,1,7.814,0,,1,6.94
2026-07-26 21:40:15,1,6.94,1,7.814,0,,1,6.94
2026-07-26 21:50:14,1,6.94,1,7.814,0,,1,6.94
2026-07-26 22:00:15,1,6.94,1,7.814,0,,1,6.94
2026-07-26 22:10:15,1,6.94,1,7.814,0,,1,6.94
2026-07-26 22:20:14,1,6.94,1,7.814,0,,1,6.94
2026-07-26 22:32:00,1,6.94,1,7.814,0,,1,6.94
2026-07-26 22:40:10,1,6.94,1,7.814,0,,1,6.94
2026-07-26 22:50:13,1,6.94,1,7.814,0,,1,6.94
2026-07-26 23:02:04,1,6.94,1,7.814,0,,1,6.94
2026-07-26 23:10:15,1,6.94,1,7.814,0,,1,6.94
2026-07-26 23:20:12,1,6.94,1,7.814,0,,1,6.94
2026-07-26 23:30:14,1,5.626,1,5.626,0,,1,6.94
2026-07-26 23:40:12,1,5.626,1,5.626,0,,1,6.94
2026-07-26 23:40:59,1,5.626,1,5.626,0,,1,6.94
2026-07-26 23:50:11,1,5.626,1,5.626,0,,1,6.94
2026-07-27 00:00:19,1,6.94,1,7.814,0,,1,6.94
2026-07-27 00:10:13,1,6.94,1,7.814,0,,1,6.94
2026-07-27 00:20:13,1,6.94,1,7.814,0,,1,6.94
2026-07-27 00:32:23,1,6.94,1,7.814,0,,1,6.94
2026-07-27 00:40:14,1,6.94,1,7.814,0,,1,6.94
2026-07-27 00:50:15,1,6.94,1,7.814,0,,1,6.94
2026-07-27 01:00:20,1,6.94,1,7.814,0,,1,6.94
2026-07-27 01:10:14,1,6.94,1,7.814,0,,1,6.94
2026-07-27 01:20:11,1,6.94,1,7.814,0,,1,6.94
2026-07-27 01:30:19,1,6.94,1,7.814,0,,1,6.94
2026-07-27 01:40:12,1,6.94,1,7.814,0,,1,6.94
2026-07-27 01:50:13,1,6.94,1,7.814,0,,1,6.94
2026-07-27 02:00:22,1,6.94,1,7.814,0,,1,6.94
2026-07-27 02:10:11,1,6.94,1,7.814,0,,1,6.94
2026-07-27 02:20:14,1,6.94,1,7.814,0,,1,6.94
2026-07-27 02:30:20,1,6.94,1,7.814,0,,1,6.94
2026-07-27 02:40:15,1,6.94,1,7.814,0,,1,6.94
2026-07-27 02:50:25,1,6.94,1,7.814,0,,1,6.94
2026-07-27 03:00:20,1,6.94,,,0,,1,6.94
2026-07-27 03:11:34,1,6.94,1,7.814,0,,1,6.94
2026-07-27 03:20:14,1,6.94,1,7.814,0,,1,6.94
2026-07-27 03:30:15,1,6.94,1,7.814,0,,1,6.94
2026-07-27 03:40:17,1,6.94,1,7.814,0,,1,6.94
2026-07-27 03:50:12,1,6.94,1,7.814,0,,1,6.94
2026-07-27 04:00:17,1,6.94,1,7.814,0,,1,6.94
2026-07-27 04:10:16,1,6.94,1,7.814,0,,1,6.94
2026-07-27 04:20:12,1,6.94,1,7.814,0,,1,6.94
2026-07-27 04:31:50,1,6.94,1,7.814,0,,1,6.94
2026-07-27 04:40:12,1,6.94,1,7.814,0,,1,6.94
2026-07-27 04:50:11,1,6.94,1,7.814,0,,1,6.94
2026-07-27 05:00:22,1,6.94,1,7.814,0,,1,6.94
2026-07-27 05:10:11,1,6.94,1,7.814,0,,1,6.94
2026-07-27 05:20:17,1,6.94,1,7.814,0,,1,6.94
2026-07-27 05:30:17,1,6.94,1,7.814,0,,1,6.94
2026-07-27 05:40:14,1,6.94,1,7.814,0,,1,6.94
2026-07-27 05:50:13,1,6.94,1,7.814,0,,1,6.94
2026-07-27 06:00:20,1,6.94,1,7.814,0,,1,6.94
2026-07-27 06:10:11,1,6.94,1,7.814,0,,1,6.94
2026-07-27 06:20:13,1,6.94,1,7.814,0,,1,6.94
2026-07-27 06:30:15,1,6.94,1,7.814,0,,1,6.94
2026-07-27 06:40:13,1,6.94,1,7.814,0,,1,6.94
2026-07-27 06:50:12,1,6.94,1,7.814,0,,1,6.94
2026-07-27 07:00:37,1,6.94,1,7.814,0,,1,6.94
2026-07-27 07:10:15,1,6.94,1,7.814,0,,1,6.94
2026-07-27 07:20:13,1,6.94,1,7.814,0,,1,6.94
2026-07-27 07:30:18,1,6.94,,,0,,1,6.94
2026-07-27 07:40:12,1,6.94,1,7.814,0,,1,6.94
2026-07-27 07:50:15,1,6.94,1,7.814,0,,1,6.94
2026-07-27 08:00:24,1,6.94,1,7.814,0,,1,6.94
2026-07-27 08:10:12,1,6.94,1,7.814,0,,1,6.94
2026-07-27 08:20:14,1,6.94,1,7.814,0,,1,6.94
2026-07-27 08:30:19,1,6.94,1,7.814,0,,1,6.94
2026-07-27 08:40:11,1,6.94,1,7.814,0,,1,6.94
2026-07-27 08:50:14,1,6.94,1,7.814,0,,1,6.94
2026-07-27 09:00:25,1,6.94,1,7.814,0,,1,6.94
2026-07-27 09:10:16,1,6.94,1,7.814,0,,1,6.94
2026-07-27 09:20:15,1,6.94,1,7.814,0,,1,6.94
2026-07-27 09:30:19,1,6.94,1,7.814,0,,1,6.94
2026-07-27 09:40:13,1,6.94,1,7.814,0,,1,6.94
2026-07-27 09:50:12,1,6.94,1,7.814,0,,1,6.94
2026-07-27 10:00:22,1,6.94,1,7.814,0,,1,6.94
2026-07-27 10:10:15,1,6.94,1,7.814,0,,1,6.94
2026-07-27 10:20:16,1,6.94,1,7.814,0,,1,6.94
2026-07-27 10:30:17,1,6.94,1,7.814,0,,1,6.94
2026-07-27 10:40:13,1,6.94,1,7.814,0,,1,6.94
2026-07-27 10:50:15,1,6.94,1,7.814,0,,1,6.94
2026-07-27 11:00:20,1,6.94,1,7.814,0,,1,6.94
2026-07-27 11:10:15,1,6.94,1,7.814,0,,1,6.94
2026-07-27 11:20:12,1,6.94,1,7.814,0,,1,6.94
2026-07-27 11:30:13,1,6.94,1,7.814,0,,1,6.94
2026-07-27 11:40:13,1,6.94,1,7.814,0,,1,6.94
2026-07-27 11:50:11,1,6.94,1,7.814,0,,1,6.94
2026-07-27 12:00:20,1,6.94,1,7.814,0,,1,6.94
2026-07-27 12:01:28,1,6.94,1,7.814,0,,1,6.94
2026-07-27 12:10:13,1,6.94,1,7.814,0,,1,6.94
2026-07-27 12:20:11,1,6.94,1,7.814,0,,1,6.94
2026-07-27 12:30:23,1,6.94,1,7.814,0,,1,6.94
2026-07-27 12:40:18,1,6.94,1,7.814,0,,1,6.94
2026-07-27 12:50:16,1,6.94,1,7.814,0,,1,6.94
2026-07-27 13:00:27,1,6.94,1,7.814,0,,1,6.94
2026-07-27 13:10:21,1,6.94,1,7.814,0,,1,6.94
2026-07-27 13:20:16,1,6.94,,,0,,1,6.94
2026-07-27 13:30:16,1,6.94,1,7.814,0,,1,6.94
2026-07-27 13:40:14,1,6.94,1,7.814,0,,1,6.94
2026-07-27 13:50:12,1,6.94,1,7.814,0,,1,6.94
2026-07-27 14:00:25,1,6.94,1,7.814,0,,1,6.94
2026-07-27 14:10:14,1,6.94,1,7.814,0,,1,6.94
2026-07-27 14:20:15,1,6.94,1,7.814,0,,1,6.94
2026-07-27 14:30:19,1,6.94,1,7.814,0,,1,6.94
2026-07-27 14:40:16,1,6.94,1,7.814,0,,1,6.94
2026-07-27 14:50:25,1,6.94,1,7.814,0,,1,6.94
2026-07-27 15:00:20,1,6.94,1,7.814,0,,1,6.94
2026-07-27 15:10:15,1,6.94,1,7.814,0,,1,6.94
2026-07-27 15:20:16,1,6.94,1,7.814,0,,1,6.94
2026-07-27 15:30:17,1,6.94,1,7.814,0,,1,6.94
2026-07-27 15:40:16,1,6.94,1,7.814,0,,1,6.94
2026-07-27 15:50:13,1,6.94,1,7.814,0,,1,6.94
2026-07-27 16:00:27,1,6.94,1,7.814,0,,1,6.94
2026-07-27 16:10:19,1,6.94,1,7.814,0,,1,6.94
2026-07-27 16:20:14,1,6.94,1,7.814,0,,1,6.94
2026-07-27 16:30:26,1,6.94,1,7.814,0,,1,6.94
2026-07-27 16:40:14,1,6.94,1,7.814,0,,1,6.94
2026-07-27 16:50:21,1,6.94,1,7.814,0,,1,6.94
2026-07-27 17:00:33,1,6.94,1,7.814,0,,1,6.94
2026-07-27 17:10:14,1,6.94,1,7.814,0,,1,6.94
2026-07-27 17:20:13,1,6.94,1,7.814,0,,1,6.94
2026-07-27 17:30:18,1,6.94,1,7.814,0,,1,6.94
2026-07-27 17:40:14,1,6.94,1,7.814,0,,1,6.94
2026-07-27 17:50:22,1,6.94,1,8.751,0,,1,6.94
2026-07-27 18:00:23,1,6.94,1,7.814,0,,1,6.94
2026-07-27 18:01:15,1,6.94,1,7.814,0,,1,6.94
2026-07-27 18:10:15,1,6.94,1,7.814,0,,1,6.94
2026-07-27 18:20:19,1,6.94,1,7.814,0,,1,6.94
2026-07-27 18:30:26,1,6.94,1,7.814,0,,1,6.94
2026-07-27 18:40:18,1,6.94,1,7.814,0,,1,6.94
2026-07-27 18:50:18,1,6.94,1,7.814,0,,1,6.94
2026-07-27 19:00:30,1,6.94,1,7.501,0,,1,6.94
2026-07-27 19:10:19,1,6.94,1,7.501,0,,1,6.94
2026-07-27 19:20:13,1,6.94,1,7.501,0,,1,6.94
2026-07-27 19:30:15,1,6.94,1,7.501,0,,1,6.94
2026-07-27 19:40:19,1,6.94,1,7.501,0,,1,6.94
2026-07-27 19:50:19,1,6.94,1,7.501,0,,1,6.94
2026-07-27 20:00:21,1,6.94,1,8.751,0,,1,6.94
2026-07-27 20:10:12,1,6.94,1,7.501,0,,1,6.94
2026-07-27 20:20:19,1,6.94,1,7.501,0,,1,6.94
2026-07-27 20:30:16,1,6.94,1,7.501,0,,1,6.94
2026-07-27 20:40:20,1,6.94,1,7.501,0,,1,6.94
2026-07-27 20:50:13,1,6.94,1,7.501,0,,1,6.94
2026-07-27 21:00:24,1,6.94,1,7.501,0,,1,6.94
2026-07-27 21:10:17,1,6.94,1,7.501,0,,1,6.94
2026-07-27 21:20:15,1,6.94,1,7.501,0,,1,6.94
2026-07-27 21:30:16,1,6.94,1,8.751,0,,1,6.94
2026-07-27 21:40:16,1,6.94,1,7.501,0,,1,6.94
2026-07-27 21:50:14,1,6.94,1,8.751,0,,1,6.94
2026-07-27 21:53:07,1,6.94,1,7.501,0,,1,6.94
2026-07-27 22:00:25,1,6.94,1,7.501,0,,1,6.94
2026-07-27 22:10:18,1,6.94,1,7.501,0,,1,6.94
2026-07-27 22:20:14,1,6.94,1,7.501,0,,1,6.94
2026-07-27 22:30:16,1,6.94,1,7.501,0,,1,6.94
2026-07-27 22:40:13,1,6.94,1,7.501,0,,1,6.94
2026-07-27 22:50:19,1,6.94,1,7.501,0,,1,6.94
2026-07-27 23:00:23,1,6.94,1,7.501,0,,1,6.94
2026-07-27 23:10:13,1,6.94,1,7.501,0,,1,6.94
2026-07-27 23:20:15,1,6.94,1,7.501,0,,1,6.94
2026-07-27 23:30:17,1,6.94,1,7.501,0,,1,6.94
2026-07-27 23:40:12,1,6.94,1,7.501,0,,1,6.94
2026-07-27 23:50:19,1,6.94,1,7.501,0,,1,6.94
2026-07-28 00:00:27,1,6.94,1,8.751,0,,1,6.94
2026-07-28 00:10:19,1,6.94,1,7.501,0,,1,6.94
2026-07-28 00:20:12,1,6.94,1,8.751,0,,1,6.94
2026-07-28 00:30:13,1,6.94,1,7.501,0,,1,6.94
2026-07-28 00:40:17,1,6.25,1,6.25,0,,1,6.94
2026-07-28 00:50:18,1,6.25,1,6.25,0,,1,6.94
2026-07-28 01:00:29,1,6.25,1,6.25,0,,1,6.94
2026-07-28 01:10:11,1,6.25,1,6.25,0,,1,6.94
2026-07-28 01:20:15,1,6.25,1,6.25,0,,1,6.94
2026-07-28 01:30:22,1,6.25,1,6.25,0,,1,6.94
2026-07-28 01:40:21,1,6.25,1,6.25,0,,0,
2026-07-28 01:50:16,1,6.25,1,6.25,0,,0,
2026-07-28 02:00:28,1,6.25,1,6.25,0,,0,
2026-07-28 02:10:24,1,6.25,1,6.25,0,,1,6.94
2026-07-28 02:20:19,1,6.25,1,6.25,0,,1,6.94
2026-07-28 02:30:20,1,6.25,1,6.25,0,,1,6.94
2026-07-28 02:40:15,1,6.25,1,6.25,0,,1,6.94
2026-07-28 02:50:11,1,6.25,1,6.25,0,,1,6.94
2026-07-28 03:00:28,1,6.25,1,6.25,0,,1,6.94
2026-07-28 03:10:14,1,6.25,1,6.25,0,,1,6.94
2026-07-28 03:20:14,1,6.25,1,6.25,0,,1,6.94
2026-07-28 03:30:14,1,6.25,1,6.25,0,,1,6.94
2026-07-28 03:40:20,1,6.25,1,6.25,0,,1,6.94
2026-07-28 03:50:20,1,6.25,1,6.25,0,,1,6.94
2026-07-28 04:00:18,1,6.25,1,6.25,0,,1,6.94
2026-07-28 04:10:15,1,6.25,1,6.25,0,,1,6.94
2026-07-28 04:20:12,1,6.25,1,6.25,0,,1,6.94
2026-07-28 04:30:20,1,6.25,1,6.25,0,,1,6.94
2026-07-28 04:40:16,1,6.25,1,6.25,0,,1,6.94
2026-07-28 04:50:22,1,6.25,1,6.25,0,,1,6.94
2026-07-28 05:00:29,1,6.25,1,6.25,0,,1,6.94
2026-07-28 05:10:14,1,6.25,1,6.25,0,,1,6.94
2026-07-28 05:20:18,1,6.25,1,6.25,0,,1,6.94
2026-07-28 05:30:23,1,6.25,1,6.25,0,,1,6.94
2026-07-28 05:40:20,1,6.25,1,6.25,0,,1,6.94
2026-07-28 05:50:21,1,6.25,1,6.25,0,,1,6.94
2026-07-28 06:00:28,1,6.25,1,6.25,0,,1,6.94
2026-07-28 06:10:12,1,6.25,1,6.25,0,,1,6.94
2026-07-28 06:20:19,1,6.25,1,6.25,0,,1,6.94
2026-07-28 06:30:27,1,6.25,1,6.25,0,,1,6.94
2026-07-28 06:40:21,1,6.25,1,6.25,0,,0,
2026-07-28 06:50:21,1,6.25,1,6.25,0,,1,6.94
2026-07-28 07:00:22,1,6.25,1,6.25,0,,1,6.94
2026-07-28 07:10:27,1,6.25,1,6.25,0,,1,6.94
2026-07-28 07:20:18,1,6.25,1,6.25,0,,1,6.94
2026-07-28 07:30:24,1,6.25,1,6.25,0,,1,6.94
2026-07-28 07:40:15,1,6.25,1,6.25,0,,1,6.94
2026-07-28 07:47:55,1,6.25,1,6.25,0,,1,6.94
2026-07-28 07:50:23,1,6.25,1,6.25,0,,1,6.94
2026-07-28 08:00:21,1,6.25,1,6.25,0,,1,6.94
2026-07-28 08:10:20,1,6.25,1,6.25,0,,1,6.94
2026-07-28 08:20:21,1,6.25,1,6.25,0,,1,6.94
2026-07-28 08:30:24,1,6.25,1,6.25,0,,1,6.94
2026-07-28 08:40:16,1,6.25,1,6.25,0,,1,6.94
2026-07-28 08:50:16,1,6.25,1,6.25,0,,1,6.94
2026-07-28 09:00:20,1,6.25,1,6.25,0,,1,6.94
2026-07-28 09:10:21,1,6.25,1,6.25,0,,1,6.94
2026-07-28 09:20:20,1,6.25,1,6.25,0,,1,6.94
2026-07-28 09:30:25,1,6.25,1,6.25,0,,1,6.94
2026-07-28 09:40:12,1,6.94,1,7.502,0,,1,6.94
2026-07-28 09:50:18,1,6.25,1,6.25,0,,1,6.94
2026-07-28 10:00:25,1,6.25,1,6.25,0,,1,6.94
2026-07-28 10:10:14,1,6.25,1,6.25,0,,1,6.94
2026-07-28 10:20:14,1,6.25,1,6.25,0,,1,6.94
2026-07-28 10:30:22,1,6.25,1,6.25,0,,1,6.94
2026-07-28 10:40:21,1,6.25,1,6.25,0,,1,6.94
2026-07-28 10:50:19,1,6.25,1,6.25,0,,1,6.94
2026-07-28 11:00:21,1,6.25,1,6.25,0,,1,6.94
2026-07-28 11:10:18,1,6.25,1,6.25,0,,1,6.94
2026-07-28 11:20:20,1,6.25,1,6.25,0,,1,6.94
2026-07-28 11:30:16,1,6.25,1,6.25,0,,1,6.94
2026-07-28 11:40:14,1,6.25,1,6.25,0,,1,6.94
2026-07-28 11:50:16,1,6.25,1,6.25,0,,1,6.94
2026-07-28 12:00:23,1,6.94,1,8.751,0,,1,6.94
2026-07-28 12:10:16,1,6.94,1,8.751,0,,1,6.94
2026-07-28 12:20:21,1,6.94,1,7.502,0,,1,6.94
2026-07-28 12:30:17,1,6.25,1,6.25,0,,1,6.94
2026-07-28 12:40:12,1,6.25,1,6.25,0,,1,6.94
2026-07-28 12:50:20,1,6.25,1,6.25,0,,1,6.94
2026-07-28 13:00:28,1,6.25,1,6.25,0,,1,6.94
2026-07-28 13:10:21,1,6.25,1,6.25,0,,1,6.94
2026-07-28 13:20:14,1,6.25,1,6.25,0,,1,6.94
2026-07-28 13:22:18,1,6.25,1,6.25,0,,1,6.94
2026-07-28 13:30:21,1,6.25,1,6.25,0,,1,6.94
2026-07-28 13:40:20,1,6.25,1,6.25,0,,1,6.94
2026-07-28 13:50:21,1,6.25,1,6.25,0,,1,6.94
2026-07-28 14:00:24,1,6.25,1,6.25,0,,0,
2026-07-28 14:10:18,1,6.25,1,6.25,0,,0,
2026-07-28 14:20:21,1,6.25,1,6.25,0,,0,
2026-07-28 14:30:23,1,6.25,1,6.25,0,,0,
2026-07-28 14:40:21,1,6.25,1,6.25,0,,0,
2026-07-28 14:50:16,1,6.25,1,6.25,0,,0,
2026-07-28 15:00:29,1,6.25,1,6.25,0,,1,6.94
2026-07-28 15:10:26,1,6.25,1,6.25,0,,1,6.94
2026-07-28 15:20:16,1,6.25,1,6.25,0,,1,6.94
2026-07-28 15:30:17,1,6.25,1,6.25,0,,1,6.94
2026-07-28 15:40:16,1,6.25,1,6.25,0,,1,6.94
2026-07-28 15:50:16,1,6.25,1,6.25,0,,1,6.94
2026-07-28 16:00:26,1,6.25,1,6.25,0,,0,
2026-07-28 16:10:21,1,6.251,1,6.251,0,,0,
2026-07-28 16:20:13,1,6.25,1,6.25,0,,1,6.94
2026-07-28 16:30:21,1,6.25,1,6.25,0,,1,6.94
2026-07-28 16:40:16,1,6.25,1,6.25,0,,1,6.94
2026-07-28 16:50:15,1,6.25,1,6.25,0,,1,6.94
2026-07-28 17:00:26,1,6.94,,,0,,1,6.94
2026-07-28 17:10:23,1,6.25,1,6.25,0,,1,6.94
2026-07-28 17:20:21,1,6.25,1,6.25,0,,0,
2026-07-28 17:30:20,1,6.25,1,6.25,0,,1,6.94
2026-07-28 17:40:16,1,6.25,1,6.25,0,,0,
2026-07-28 17:50:16,1,6.25,1,6.25,0,,0,
2026-07-28 18:00:19,1,6.25,1,6.25,0,,1,6.94
2026-07-28 18:04:43,1,6.25,1,6.25,0,,0,
2026-07-28 18:10:17,1,7.502,1,7.502,0,,0,
2026-07-28 18:20:17,1,7.502,1,7.502,0,,0,
2026-07-28 18:30:19,1,6.94,1,7.502,0,,1,6.94
2026-07-28 18:40:16,1,6.94,1,7.502,0,,1,6.94
2026-07-28 18:50:18,1,6.94,1,7.502,0,,1,6.94
2026-07-28 19:00:20,1,6.94,1,7.502,0,,1,6.94
2026-07-28 19:10:18,1,6.94,1,7.502,0,,1,6.94
2026-07-28 19:20:14,1,6.94,1,7.501,0,,1,6.94
2026-07-28 19:30:20,1,6.94,1,7.501,0,,1,6.94
2026-07-28 19:40:19,1,6.94,1,7.501,0,,1,6.94
2026-07-28 19:50:20,1,6.94,1,7.501,0,,1,6.94
2026-07-28 20:00:22,1,6.94,1,7.501,0,,1,6.94
2026-07-28 20:10:21,1,6.94,1,7.501,0,,1,6.94
2026-07-28 20:20:14,1,6.94,1,7.501,0,,1,6.94
2026-07-28 20:30:16,1,6.94,1,8.751,0,,1,6.94
2026-07-28 20:40:13,1,6.94,1,7.502,0,,1,6.94
2026-07-28 20:50:14,1,6.94,1,7.502,0,,1,6.94
2026-07-28 21:00:19,1,6.94,1,7.502,0,,1,6.94
2026-07-28 21:10:15,1,6.25,1,6.25,0,,1,6.94
2026-07-28 21:20:15,1,6.94,1,7.502,0,,1,6.94
2026-07-28 21:30:16,1,8.751,1,8.751,0,,0,
2026-07-28 21:40:14,1,6.94,1,7.502,0,,1,6.94
2026-07-28 21:48:23,1,6.25,1,6.25,0,,1,6.94
2026-07-28 21:50:12,1,6.25,1,6.25,0,,1,6.94
2026-07-28 22:00:24,1,6.25,1,6.25,0,,1,6.94
2026-07-28 22:10:13,1,6.25,1,6.25,0,,1,6.94
2026-07-28 22:20:18,1,6.25,1,6.25,0,,1,6.94
2026-07-28 22:30:22,1,6.25,1,6.25,0,,1,6.94
2026-07-28 22:40:18,1,6.25,1,6.25,0,,1,6.94
2026-07-28 22:50:21,1,6.25,1,6.25,0,,1,6.94
2026-07-28 23:00:18,1,6.25,1,6.25,0,,1,6.94
2026-07-28 23:10:20,1,6.25,1,6.25,0,,1,6.94
2026-07-28 23:20:20,1,6.25,1,6.25,0,,1,6.94
2026-07-28 23:30:16,1,6.25,1,6.25,0,,1,6.94
2026-07-28 23:40:13,1,6.25,1,6.25,0,,1,6.94
2026-07-28 23:50:11,1,6.25,1,6.25,0,,1,6.94
2026-07-29 00:00:19,1,6.25,1,6.25,0,,1,6.94
2026-07-29 00:10:13,1,6.25,1,6.25,0,,1,6.94
2026-07-29 00:20:20,1,6.25,1,6.25,0,,1,6.94
2026-07-29 00:30:14,1,6.25,1,6.25,0,,1,6.94
2026-07-29 00:40:20,1,6.25,1,6.25,0,,1,6.94
2026-07-29 00:50:18,1,6.25,1,6.25,0,,1,6.94
2026-07-29 01:00:22,1,6.25,1,6.25,0,,1,6.94
2026-07-29 01:10:18,1,6.25,1,6.25,0,,1,6.94
2026-07-29 01:20:15,1,6.25,1,6.25,0,,1,6.94
2026-07-29 01:30:15,1,6.25,1,6.25,0,,1,6.94
2026-07-29 01:40:18,1,6.25,1,6.25,0,,1,6.94
2026-07-29 01:50:18,1,6.25,1,6.25,0,,1,6.94
2026-07-29 02:00:17,1,6.25,1,6.25,0,,1,6.94
2026-07-29 02:10:15,1,6.25,1,6.25,0,,1,6.94
2026-07-29 02:20:15,1,6.25,1,6.25,0,,1,6.94
2026-07-29 02:30:20,1,6.25,1,6.25,0,,1,6.94
2026-07-29 02:40:21,1,6.25,1,6.25,0,,1,6.94
2026-07-29 02:50:14,1,6.25,1,6.25,0,,0,
2026-07-29 03:00:25,1,6.25,1,6.25,0,,1,6.94
2026-07-29 03:10:14,1,6.25,1,6.25,0,,0,
2026-07-29 03:20:19,1,6.25,1,6.25,0,,0,
2026-07-29 03:30:16,1,6.25,1,6.25,0,,1,6.94
2026-07-29 03:40:16,1,6.25,1,6.25,0,,1,6.94
2026-07-29 03:50:16,1,6.25,1,6.25,0,,1,6.94
2026-07-29 04:00:17,1,6.25,1,6.25,0,,1,6.94
2026-07-29 04:10:15,1,6.25,1,6.25,0,,1,6.94
2026-07-29 04:20:15,1,6.25,1,6.25,0,,1,6.94
2026-07-29 04:30:20,1,6.25,1,6.25,0,,1,6.94
2026-07-29 04:40:13,1,6.25,1,6.25,0,,1,6.94
2026-07-29 04:50:13,1,6.25,1,6.25,0,,1,6.94
2026-07-29 05:00:18,1,6.25,1,6.25,0,,1,6.94
2026-07-29 05:10:14,1,6.25,1,6.25,0,,1,6.94
2026-07-29 05:20:13,1,6.25,1,6.25,0,,1,6.94
2026-07-29 05:30:17,1,6.25,1,6.25,0,,1,6.94
2026-07-29 05:40:14,1,6.25,1,6.25,0,,1,6.94
2026-07-29 05:50:13,1,6.25,1,6.25,0,,1,6.94
2026-07-29 06:00:21,1,6.25,1,6.25,0,,1,6.94
2026-07-29 06:10:22,1,6.25,1,6.25,0,,1,6.94
2026-07-29 06:20:17,1,6.25,1,6.25,0,,1,6.94
2026-07-29 06:30:22,1,6.25,1,6.25,0,,1,6.94
2026-07-29 06:40:20,1,6.25,1,6.25,0,,1,6.94
2026-07-29 06:50:18,1,6.25,1,6.25,0,,1,6.94
2026-07-29 07:00:22,1,6.25,1,6.25,0,,1,6.94
2026-07-29 07:10:13,1,6.25,1,6.25,0,,1,6.94
2026-07-29 07:20:19,1,6.25,1,6.25,0,,1,6.94
2026-07-29 07:30:22,1,6.25,1,6.25,0,,1,6.94
2026-07-29 07:40:18,1,6.25,1,6.25,0,,1,6.94
2026-07-29 07:50:21,1,6.25,1,6.25,0,,1,6.94
2026-07-29 08:00:27,1,6.25,1,6.25,0,,1,6.94
2026-07-29 08:01:24,1,6.25,1,6.25,0,,1,6.94
2026-07-29 08:10:13,1,6.25,1,6.25,0,,1,6.94
2026-07-29 08:20:12,1,6.25,1,6.25,0,,1,6.94
2026-07-29 08:30:17,1,6.25,1,6.25,0,,1,6.94
2026-07-29 08:40:21,1,6.25,1,6.25,0,,1,6.94
2026-07-29 08:50:12,1,6.94,1,7.502,0,,1,6.94
2026-07-29 09:00:25,1,6.25,1,6.25,0,,1,6.94
2026-07-29 09:10:15,1,6.94,1,7.502,0,,1,6.94
2026-07-29 09:20:14,1,6.25,1,6.25,0,,1,6.94
2026-07-29 09:30:21,1,6.94,1,7.502,0,,1,6.94
2026-07-29 09:40:15,1,6.94,1,7.502,0,,1,6.94
2026-07-29 09:50:13,1,6.94,1,7.502,0,,1,6.94
2026-07-29 10:00:19,1,6.94,1,7.502,0,,1,6.94
2026-07-29 10:10:16,1,6.94,1,7.502,0,,1,6.94
2026-07-29 10:20:22,1,6.94,1,7.502,0,,1,6.94
2026-07-29 10:30:15,1,6.94,1,7.502,0,,1,6.94
2026-07-29 10:40:15,1,6.94,1,7.502,0,,1,6.94
2026-07-29 10:50:14,1,6.25,1,6.25,0,,1,6.94
2026-07-29 11:00:24,1,6.25,1,6.25,0,,1,6.94
2026-07-29 11:10:21,1,6.25,1,6.25,0,,1,6.94
2026-07-29 11:20:13,1,6.25,1,6.25,0,,1,6.94
2026-07-29 11:30:22,1,6.25,1,6.25,0,,1,6.94
2026-07-29 11:40:16,1,6.25,1,6.25,0,,1,6.94
2026-07-29 11:50:13,1,6.25,1,6.25,0,,1,6.94
2026-07-29 12:00:28,1,6.25,1,6.25,0,,1,6.94
2026-07-29 12:10:24,1,6.25,1,6.25,0,,1,6.94
2026-07-29 12:20:15,1,6.25,1,6.25,0,,1,6.94
2026-07-29 12:30:17,1,6.25,1,6.25,0,,1,6.94
2026-07-29 12:40:20,1,6.25,1,6.25,0,,1,6.94
2026-07-29 12:50:22,1,6.25,1,6.25,0,,1,6.94
2026-07-29 13:00:25,1,6.25,1,6.25,0,,1,6.94
2026-07-29 13:10:14,1,6.25,1,6.25,0,,1,6.94
2026-07-29 13:20:20,1,6.25,1,6.25,0,,1,6.94
2026-07-29 13:30:27,1,6.25,1,6.25,0,,1,6.94
2026-07-29 13:40:15,1,6.25,1,6.25,0,,1,6.94
2026-07-29 13:50:21,1,6.25,1,6.25,0,,1,6.94
2026-07-29 14:00:22,1,6.25,1,6.25,0,,1,6.94
2026-07-29 14:10:16,1,6.25,1,6.25,0,,1,6.94
2026-07-29 14:20:22,1,6.25,1,6.25,0,,1,6.94
2026-07-29 14:30:25,1,6.25,1,6.25,0,,1,6.94
2026-07-29 14:40:14,1,6.25,1,6.25,0,,1,6.94
2026-07-29 14:50:20,1,6.25,1,6.25,0,,1,6.94
2026-07-29 15:00:22,1,6.25,1,6.25,0,,1,6.94
2026-07-29 15:10:15,1,5.625,1,5.625,0,,1,6.94
2026-07-29 15:20:13,1,5.625,1,5.625,0,,1,6.94
2026-07-29 15:30:18,1,5.625,1,5.625,0,,1,6.94
2026-07-29 15:34:58,1,5.625,1,5.625,0,,1,6.94
2026-07-29 15:40:21,1,5.625,1,5.625,0,,1,6.94
2026-07-29 15:50:21,1,5.625,1,5.625,0,,1,6.94
2026-07-29 16:00:23,1,5.625,1,5.625,0,,1,6.94
2026-07-29 16:10:31,1,5.625,1,5.625,0,,1,6.94
2026-07-29 16:20:17,1,5.625,1,5.625,0,,1,6.94
2026-07-29 16:30:25,1,5.625,1,5.625,0,,1,6.94
2026-07-29 16:40:20,1,5.625,1,5.625,0,,1,6.94
2026-07-29 16:50:15,1,5.625,1,5.625,0,,1,6.94
2026-07-29 17:00:23,1,5.625,1,5.625,0,,1,6.94
2026-07-29 17:10:13,1,5.626,1,5.626,0,,1,6.94
2026-07-29 17:20:14,1,5.626,1,5.626,0,,1,6.94
2026-07-29 17:30:16,1,5.626,1,5.626,0,,1,6.94
2026-07-29 17:40:14,1,5.626,1,5.626,0,,1,6.94
2026-07-29 17:50:15,1,5.626,1,5.626,0,,1,6.94
2026-07-29 18:00:19,1,5.626,1,5.626,0,,1,6.94
2026-07-29 18:10:21,1,5.626,1,5.626,0,,1,6.94
2026-07-29 18:20:12,1,5.626,1,5.626,0,,1,6.94
2026-07-29 18:30:17,1,5.626,1,5.626,0,,1,6.94
2026-07-29 18:40:18,1,5.626,1,5.626,0,,1,6.94
2026-07-29 18:44:15,1,5.626,1,5.626,0,,1,6.94
2026-07-29 18:50:16,1,5.626,1,5.626,0,,1,6.94
2026-07-29 19:00:21,1,5.626,1,5.626,0,,1,6.94
2026-07-29 19:10:16,1,5.626,1,5.626,0,,1,6.94
2026-07-29 19:20:16,1,5.626,1,5.626,0,,1,6.94
2026-07-29 19:30:18,1,5.626,1,5.626,0,,1,6.94
2026-07-29 19:40:21,1,5.626,1,5.626,0,,1,6.94
2026-07-29 19:50:14,1,5.626,1,5.626,0,,1,6.94
2026-07-29 20:00:19,1,5.626,1,5.626,0,,1,6.94
2026-07-29 20:10:12,1,5.626,1,5.626,0,,1,6.94
2026-07-29 20:20:12,1,5.626,1,5.626,0,,1,6.94
2026-07-29 20:30:14,1,5.626,1,5.626,0,,1,6.94
2026-07-29 20:40:18,1,5.626,1,5.626,0,,1,6.94
2026-07-29 20:50:14,1,5.626,1,5.626,0,,1,6.94
2026-07-29 21:00:19,1,5.626,1,5.626,0,,1,6.94
2026-07-29 21:10:12,1,5.626,1,5.626,0,,1,6.94
2026-07-29 21:20:13,1,5.626,1,5.626,0,,1,6.94
2026-07-29 21:30:20,1,5.626,1,5.626,0,,1,6.94
2026-07-29 21:40:12,1,5.626,1,5.626,0,,1,6.94
2026-07-29 21:42:51,1,5.626,1,5.626,0,,1,6.94
2026-07-29 21:50:12,1,5.626,1,5.626,0,,1,6.94
2026-07-29 22:00:18,1,5.626,1,5.626,0,,1,6.94
2026-07-29 22:10:23,1,5.626,1,5.626,0,,1,6.94
2026-07-29 22:20:17,1,5.626,1,5.626,0,,1,6.94
2026-07-29 22:30:15,1,5.626,1,5.626,0,,1,6.94
2026-07-29 22:40:17,1,5.626,1,5.626,0,,1,6.94
2026-07-29 22:50:15,1,5.626,1,5.626,0,,1,6.94
2026-07-29 23:00:29,1,5.626,1,5.626,0,,1,6.94
2026-07-29 23:10:14,1,5.626,1,5.626,0,,1,6.94
2026-07-29 23:20:15,1,5.626,1,5.626,0,,1,6.94
2026-07-29 23:30:17,1,5.626,1,5.626,0,,1,6.94
2026-07-29 23:40:14,1,5.626,1,5.626,0,,1,6.94
2026-07-29 23:50:13,1,5.626,1,5.626,0,,1,6.94
2026-07-30 00:00:16,1,5.626,1,5.626,0,,1,6.94
2026-07-30 00:10:15,1,5.626,1,5.626,0,,1,6.94
2026-07-30 00:20:19,1,5.626,1,5.626,0,,1,6.94
2026-07-30 00:30:15,1,5.626,1,5.626,0,,1,6.94
2026-07-30 00:40:13,1,5.626,1,5.626,0,,1,6.94
2026-07-30 00:50:14,1,5.626,1,5.626,0,,1,6.94
2026-07-30 01:00:24,1,5.626,1,5.626,0,,1,6.94
2026-07-30 01:10:20,1,5.626,1,5.626,0,,1,6.94
2026-07-30 01:20:11,1,5.626,1,5.626,0,,1,6.94
2026-07-30 01:30:14,1,5.626,1,5.626,0,,1,6.94
2026-07-30 01:40:19,1,5.626,1,5.626,0,,1,6.94
2026-07-30 01:50:14,1,5.626,1,5.626,0,,1,6.94
2026-07-30 02:00:16,1,5.626,1,5.626,0,,1,6.94
2026-07-30 02:10:11,1,5.626,1,5.626,0,,1,6.94
2026-07-30 02:20:11,1,5.626,1,5.626,0,,1,6.94
2026-07-30 02:30:26,1,5.626,1,5.626,0,,1,6.94
2026-07-30 02:40:12,1,5.626,1,5.626,0,,1,6.94
2026-07-30 02:50:14,1,5.626,1,5.626,0,,1,6.94
2026-07-30 03:00:30,1,5.626,1,5.626,0,,1,6.94
2026-07-30 03:10:11,1,5.626,1,5.626,0,,1,6.94
2026-07-30 03:20:15,1,5.626,1,5.626,0,,1,6.94
2026-07-30 03:30:13,1,5.626,1,5.626,0,,1,6.94
2026-07-30 03:40:15,1,5.626,1,5.626,0,,1,6.94
2026-07-30 03:50:12,1,5.626,1,5.626,0,,1,6.94
2026-07-30 04:00:17,1,5.626,1,5.626,0,,1,6.94
2026-07-30 04:10:20,1,5.626,1,5.626,0,,1,6.94
2026-07-30 04:20:12,1,5.626,1,5.626,0,,1,6.94
2026-07-30 04:30:16,1,5.626,1,5.626,0,,1,6.94
2026-07-30 04:40:13,1,5.626,1,5.626,0,,1,6.94
2026-07-30 04:50:13,1,5.626,1,5.626,0,,1,6.94
2026-07-30 05:00:17,1,5.626,1,5.626,0,,1,6.94
2026-07-30 05:10:16,1,5.626,1,5.626,0,,1,6.94
2026-07-30 05:20:14,1,5.626,1,5.626,0,,1,6.94
2026-07-30 05:30:18,1,5.626,1,5.626,0,,1,6.94
2026-07-30 05:40:14,1,5.626,1,5.626,0,,1,6.94
2026-07-30 05:50:20,1,5.626,1,5.626,0,,1,6.94
2026-07-30 06:00:19,1,5.626,1,5.626,0,,1,6.94
2026-07-30 06:10:13,1,5.626,1,5.626,0,,0,
2026-07-30 06:20:12,1,5.626,1,5.626,0,,0,
2026-07-30 06:30:18,1,5.626,1,5.626,0,,0,
2026-07-30 06:40:15,1,5.626,1,5.626,0,,0,
2026-07-30 06:50:21,1,5.626,1,5.626,0,,0,
2026-07-30 07:00:18,1,5.626,1,5.626,0,,0,
2026-07-30 07:10:21,1,5.626,1,5.626,0,,1,6.94
2026-07-30 07:20:23,1,5.626,1,5.626,0,,1,6.94
2026-07-30 07:30:23,1,5.626,1,5.626,0,,1,6.94
2026-07-30 07:40:20,1,5.626,1,5.626,0,,1,6.94
2026-07-30 07:41:20,1,5.626,1,5.626,0,,1,6.94
2026-07-30 07:50:12,1,5.626,1,5.626,0,,1,6.94
2026-07-30 08:00:17,1,5.626,1,5.626,0,,1,6.94
2026-07-30 08:10:12,1,5.626,1,5.626,0,,1,6.94
2026-07-30 08:20:12,1,5.626,1,5.626,0,,1,6.94
2026-07-30 08:30:23,1,5.626,1,5.626,0,,1,6.94
2026-07-30 08:40:22,1,5.626,1,5.626,0,,0,
2026-07-30 08:50:20,1,5.626,1,5.626,0,,0,
2026-07-30 09:00:19,1,5.626,1,5.626,0,,0,
2026-07-30 09:10:13,1,5.626,1,5.626,0,,1,6.94
2026-07-30 09:20:21,1,5.626,1,5.626,0,,1,6.94
2026-07-30 09:30:16,1,5.626,1,5.626,0,,1,6.94
2026-07-30 09:40:13,1,5.626,1,5.626,0,,1,6.94
2026-07-30 09:50:14,1,5.626,1,5.626,0,,1,6.94
2026-07-30 10:00:22,1,5.626,1,5.626,0,,1,6.94
2026-07-30 10:10:13,1,5.626,1,5.626,0,,0,
2026-07-30 10:20:24,1,5.626,1,5.626,0,,0,
2026-07-30 10:30:15,1,5.626,1,5.626,0,,0,
2026-07-30 10:40:12,1,5.626,1,5.626,0,,0,
2026-07-30 10:50:22,1,5.626,1,5.626,0,,0,
2026-07-30 11:00:20,1,5.626,1,5.626,0,,0,
2026-07-30 11:10:15,1,5.626,1,5.626,0,,0,
2026-07-30 11:20:24,1,5.626,1,5.626,0,,0,
2026-07-30 11:30:14,1,5.626,1,5.626,0,,0,
2026-07-30 11:40:19,1,5.626,1,5.626,0,,0,
2026-07-30 11:50:22,1,5.626,1,5.626,0,,0,
2026-07-30 12:00:18,1,5.626,1,5.626,0,,0,
2026-07-30 12:10:18,1,5.626,1,5.626,0,,0,
2026-07-30 12:20:15,1,5.626,1,5.626,0,,1,6.94
2026-07-30 12:30:15,1,5.626,1,5.626,0,,1,6.94
2026-07-30 12:40:15,1,5.626,1,5.626,0,,1,6.94
2026-07-30 12:50:20,1,5.626,1,5.626,0,,1,6.94
2026-07-30 13:00:28,1,5.626,1,5.626,0,,1,6.94
2026-07-30 13:10:14,1,5.626,1,5.626,0,,1,6.94
2026-07-30 13:17:20,1,5.626,1,5.626,0,,1,6.94
2026-07-30 13:20:13,1,5.626,1,5.626,0,,1,6.94
2026-07-30 13:30:15,1,5.626,1,5.626,0,,1,6.94
2026-07-30 13:40:14,1,5.626,1,5.626,0,,1,6.94
2026-07-30 13:50:19,1,5.626,1,5.626,0,,1,6.94
2026-07-30 14:00:25,1,5.626,1,5.626,0,,1,6.94
2026-07-30 14:10:19,1,5.626,1,5.626,0,,1,6.94
2026-07-30 14:20:24,1,5.626,1,5.626,0,,1,6.94
2026-07-30 14:30:19,1,5.626,1,5.626,0,,1,6.94
2026-07-30 14:40:24,1,5.625,1,5.625,0,,1,6.94
2026-07-30 14:50:24,1,5.625,1,5.625,0,,1,6.94
2026-07-30 15:00:18,1,5.625,1,5.625,0,,1,6.94
2026-07-30 15:10:20,1,5.625,1,5.625,0,,1,6.94
2026-07-30 15:20:20,1,5.625,1,5.625,0,,1,6.94
2026-07-30 15:30:24,1,5.625,1,5.625,0,,1,6.94
2026-07-30 15:40:21,1,5.625,1,5.625,0,,1,6.94
2026-07-30 15:50:15,1,5.625,1,5.625,0,,1,6.94
2026-07-30 16:00:18,1,6.94,0,,0,,1,6.94
2026-07-30 16:10:20,1,6.94,0,,0,,1,6.94
2026-07-30 16:20:13,1,6.94,0,,0,,1,6.94
2026-07-30 16:30:17,1,6.94,1,8.751,0,,1,6.94
2026-07-30 16:40:14,1,6.94,1,8.751,0,,1,6.94
2026-07-30 16:50:16,1,6.94,0,,0,,1,6.94
2026-07-30 17:00:17,1,6.94,0,,0,,1,6.94
2026-07-30 17:10:20,1,5.625,1,5.625,0,,1,6.94
2026-07-30 17:20:20,1,5.625,1,5.625,0,,1,6.94
2026-07-30 17:30:22,1,5.625,1,5.625,0,,1,6.94
2026-07-30 17:40:13,1,5.625,1,5.625,0,,1,6.94
2026-07-30 17:50:12,1,5.625,1,5.625,0,,1,6.94
2026-07-30 18:00:26,1,5.625,1,5.625,0,,1,6.94
2026-07-30 18:04:34,1,5.625,1,5.625,0,,1,6.94
2026-07-30 18:10:15,1,5.625,1,5.625,0,,1,6.94
2026-07-30 18:20:12,1,5.625,1,5.625,0,,1,6.94
2026-07-30 18:30:16,1,5.625,1,5.625,0,,1,6.94
2026-07-30 18:40:27,1,5.625,1,5.625,0,,1,6.94
2026-07-30 18:50:12,1,5.625,1,5.625,0,,1,6.94
2026-07-30 19:00:25,1,5.625,1,5.625,0,,1,6.94
2026-07-30 19:10:17,1,5.625,1,5.625,0,,1,6.94
2026-07-30 19:20:18,1,6.94,0,,0,,1,6.94
2026-07-30 19:30:16,1,6.94,0,,0,,1,6.94
2026-07-30 19:40:25,1,6.94,0,,0,,1,6.94
2026-07-30 19:50:18,0,,0,,0,,0,
2026-07-30 20:00:18,1,6.94,0,,0,,1,6.94
2026-07-30 20:10:13,1,6.94,0,,0,,1,6.94
2026-07-30 20:20:13,1,6.94,0,,0,,1,6.94
2026-07-30 20:30:22,1,6.94,0,,0,,1,6.94
2026-07-30 20:40:19,0,,0,,0,,0,
2026-07-30 20:50:16,0,,0,,0,,0,
2026-07-30 21:00:18,1,5.625,1,5.625,0,,0,
2026-07-30 21:10:13,1,5.626,1,5.626,0,,0,
2026-07-30 21:20:16,1,5.626,1,5.626,0,,0,
2026-07-30 21:30:16,1,5.626,1,5.626,0,,0,
2026-07-30 21:40:15,1,5.626,1,5.626,0,,0,
2026-07-30 21:50:11,1,5.626,1,5.626,0,,0,
2026-07-30 21:53:21,1,5.626,1,5.626,0,,0,
2026-07-30 22:08:09,1,5.626,1,5.626,0,,0,
2026-07-30 22:10:13,1,5.626,1,5.626,0,,0,
2026-07-30 22:20:14,1,5.626,1,5.626,0,,1,6.94
2026-07-30 22:30:17,1,5.626,1,5.626,0,,1,6.94
2026-07-30 22:40:22,1,5.626,1,5.626,0,,1,6.94
2026-07-30 22:50:11,1,5.626,1,5.626,0,,1,6.94
2026-07-30 23:00:18,1,5.626,1,5.626,0,,0,
2026-07-30 23:10:14,1,5.626,1,5.626,0,,0,
2026-07-30 23:20:14,1,5.626,1,5.626,0,,1,6.94
2026-07-30 23:30:14,1,5.626,1,5.626,0,,1,6.94
2026-07-30 23:40:22,1,5.626,1,5.626,0,,1,6.94
2026-07-30 23:50:16,1,5.626,1,5.626,0,,1,6.94
2026-07-31 00:00:16,1,5.626,1,5.626,0,,1,6.94
2026-07-31 00:10:11,1,5.626,1,5.626,0,,1,6.94
2026-07-31 00:20:14,1,5.626,1,5.626,0,,1,6.94
2026-07-31 00:30:20,1,5.626,1,5.626,0,,1,6.94
2026-07-31 00:40:19,1,5.626,1,5.626,0,,0,
2026-07-31 00:50:14,1,5.626,1,5.626,0,,0,
2026-07-31 01:00:18,1,5.626,1,5.626,0,,0,
2026-07-31 01:10:13,1,5.626,1,5.626,0,,1,6.94
2026-07-31 01:20:12,1,5.626,1,5.626,0,,1,6.94
2026-07-31 01:30:19,1,5.626,1,5.626,0,,1,6.94
2026-07-31 01:40:16,1,5.626,1,5.626,0,,1,6.94
2026-07-31 01:50:19,1,5.626,1,5.626,0,,1,6.94
2026-07-31 02:00:18,1,5.626,1,5.626,0,,1,6.94
2026-07-31 02:10:20,1,5.626,1,5.626,0,,1,6.94
2026-07-31 02:20:17,1,5.626,1,5.626,0,,1,6.94
2026-07-31 02:30:14,1,5.626,1,5.626,0,,1,6.94
2026-07-31 02:40:22,1,5.626,1,5.626,0,,1,6.94
2026-07-31 02:50:16,1,5.626,1,5.626,0,,0,
2026-07-31 03:00:25,1,5.626,1,5.626,0,,0,
2026-07-31 03:10:14,1,5.626,1,5.626,0,,0,
2026-07-31 03:20:19,1,5.626,1,5.626,0,,0,
2026-07-31 03:30:14,1,5.626,1,5.626,0,,0,
2026-07-31 03:40:13,1,5.626,1,5.626,0,,0,
2026-07-31 03:50:14,1,5.626,1,5.626,0,,0,
2026-07-31 04:00:18,1,5.626,1,5.626,0,,0,
2026-07-31 04:10:14,1,5.626,1,5.626,0,,0,
2026-07-31 04:20:13,1,5.625,1,5.625,0,,0,
2026-07-31 04:30:21,1,5.625,1,5.625,0,,0,
2026-07-31 04:40:17,1,5.625,1,5.625,0,,0,
2026-07-31 04:50:14,1,5.625,1,5.625,0,,0,
2026-07-31 05:00:17,1,5.625,1,5.625,0,,0,
2026-07-31 05:10:11,1,5.625,1,5.625,0,,1,6.94
2026-07-31 05:20:11,1,5.625,1,5.625,0,,1,6.94
2026-07-31 05:30:19,1,5.625,1,5.625,0,,1,6.94
2026-07-31 05:40:19,1,5.625,1,5.625,0,,1,6.94
2026-07-31 05:50:15,1,6.94,1,8.751,0,,1,6.94
2026-07-31 06:00:18,1,6.94,1,8.751,0,,1,6.94
2026-07-31 06:10:18,1,6.94,1,8.751,0,,1,6.94
2026-07-31 06:20:13,1,6.94,1,8.751,0,,1,6.94
2026-07-31 06:30:16,1,6.94,1,8.751,0,,1,6.94
2026-07-31 06:40:22,1,6.94,1,8.751,0,,1,6.94
2026-07-31 06:50:21,1,6.94,1,8.751,0,,1,6.94
2026-07-31 07:00:16,1,6.94,1,8.751,0,,1,6.94
2026-07-31 07:10:18,1,6.94,1,8.751,0,,1,6.94
2026-07-31 07:20:13,1,6.94,1,8.751,0,,1,6.94
2026-07-31 07:30:22,1,6.94,1,8.751,0,,1,6.94
2026-07-31 07:40:20,1,6.94,1,8.751,0,,1,6.94
2026-07-31 07:50:18,1,6.94,1,8.751,0,,1,6.94
2026-07-31 08:00:25,1,6.94,1,8.751,0,,1,6.94
2026-07-31 08:10:12,1,6.94,1,8.751,0,,1,6.94
2026-07-31 08:19:29,1,6.94,1,8.751,0,,1,6.94
2026-07-31 08:20:12,1,6.94,1,8.751,0,,1,6.94
2026-07-31 08:30:21,1,6.94,1,8.751,0,,1,6.94
2026-07-31 08:40:14,1,6.94,1,8.751,0,,1,6.94
2026-07-31 08:50:21,1,6.94,1,8.751,0,,1,6.94
2026-07-31 09:00:21,1,6.94,1,8.751,0,,1,6.94
2026-07-31 09:10:15,1,6.94,1,8.751,0,,1,6.94
2026-07-31 09:20:13,1,6.94,1,8.751,0,,1,6.94
2026-07-31 09:30:14,1,6.94,1,8.751,0,,1,6.94
2026-07-31 09:40:12,1,6.94,0,,0,,1,6.94
2026-07-31 09:50:21,1,6.94,0,,0,,1,6.94
2026-07-31 10:00:28,1,6.94,0,,0,,1,6.94
2026-07-31 10:10:14,1,6.94,0,,0,,1,6.94
2026-07-31 10:20:18,1,6.94,0,,0,,1,6.94
2026-07-31 10:30:17,1,6.94,0,,0,,1,6.94
2026-07-31 10:40:15,1,6.94,0,,0,,1,6.94
2026-07-31 10:50:20,1,6.94,0,,0,,1,6.94
2026-07-31 11:00:20,1,6.94,0,,0,,1,6.94
2026-07-31 11:10:19,1,6.94,0,,0,,1,6.94
2026-07-31 11:20:13,1,6.94,0,,0,,1,6.94
2026-07-31 11:30:21,1,6.94,0,,0,,1,6.94
2026-07-31 11:40:17,1,6.94,0,,0,,1,6.94
2026-07-31 11:50:16,1,6.94,0,,0,,1,6.94
2026-07-31 12:00:23,1,6.94,0,,0,,1,6.94
2026-07-31 12:10:15,1,6.94,1,8.751,0,,1,6.94
2026-07-31 12:20:13,1,6.94,1,8.751,0,,1,6.94
2026-07-31 12:30:16,1,6.94,1,8.751,0,,1,6.94
2026-07-31 12:40:11,1,6.94,1,8.751,0,,1,6.94
2026-07-31 12:50:19,1,6.94,1,8.751,0,,1,6.94
2026-07-31 13:00:26,1,6.94,1,8.751,0,,1,6.94
2026-07-31 13:10:15,1,6.94,1,8.751,0,,1,6.94
2026-07-31 13:20:23,1,6.94,1,8.751,0,,1,6.94
2026-07-31 13:30:18,1,6.94,1,8.751,0,,1,6.94
2026-07-31 13:40:23,1,6.94,1,8.751,0,,1,6.94
2026-07-31 13:50:12,1,6.94,1,8.751,0,,1,6.94
2026-07-31 14:00:19,1,8.751,1,8.751,0,,0,
2026-07-31 14:10:18,1,8.751,1,8.751,0,,0,
2026-07-31 14:20:20,1,8.751,1,8.751,0,,0,
2026-07-31 14:30:17,1,8.751,1,8.751,0,,0,
2026-07-31 14:40:14,1,8.751,1,8.751,0,,0,
2026-07-31 14:50:13,1,6.94,1,8.751,0,,1,6.94
2026-07-31 15:00:25,1,6.94,1,8.751,0,,1,6.94
2026-07-31 15:10:25,1,6.94,1,8.751,0,,1,6.94
2026-07-31 15:20:20,1,6.94,1,8.751,0,,1,6.94
2026-07-31 15:30:23,1,6.94,1,8.751,0,,1,6.94
2026-07-31 15:40:36,1,6.94,1,8.751,0,,1,6.94
2026-07-31 15:51:50,1,6.94,1,8.751,0,,1,6.94
2026-07-31 16:00:25,1,6.94,1,8.751,0,,1,6.94
2026-07-31 16:10:24,1,6.94,1,8.751,0,,1,6.94
2026-07-31 16:20:19,1,6.94,1,8.751,0,,1,6.94
2026-07-31 16:30:32,1,6.94,1,8.751,0,,1,6.94
2026-07-31 16:40:16,1,6.94,1,7.501,0,,1,6.94
2026-07-31 16:50:14,1,6.94,1,7.501,0,,1,6.94
2026-07-31 17:00:26,1,6.94,1,7.501,0,,1,6.94
2026-07-31 17:10:15,1,6.94,1,7.501,0,,1,6.94
2026-07-31 17:20:25,1,6.94,1,7.501,0,,1,6.94
2026-07-31 17:30:21,1,6.94,1,7.501,0,,1,6.94
2026-07-31 17:41:19,1,6.94,1,7.501,0,,1,6.94
2026-07-31 17:50:13,1,6.94,1,7.501,0,,1,6.94
2026-07-31 18:00:24,1,6.94,1,7.501,0,,1,6.94
2026-07-31 18:10:20,1,6.94,1,7.501,0,,1,6.94
2026-07-31 18:20:25,1,6.94,1,7.501,0,,1,6.94
2026-07-31 18:37:07,1,6.94,1,7.501,0,,1,6.94
2026-07-31 18:40:25,1,6.94,1,7.501,0,,1,6.94
2026-07-31 18:50:21,1,6.94,1,7.501,0,,1,6.94
2026-07-31 19:00:25,1,6.94,1,7.501,0,,1,6.94
2026-07-31 19:10:17,1,6.94,1,7.501,0,,1,6.94
2026-07-31 19:20:15,1,6.94,1,7.501,0,,1,6.94
2026-07-31 19:30:22,1,6.94,1,7.501,0,,1,6.94
2026-07-31 19:40:13,1,6.94,1,7.501,0,,1,6.94
2026-07-31 19:50:15,1,6.94,1,7.501,0,,1,6.94
2026-07-31 20:00:19,1,6.94,1,8.751,0,,1,6.94
2026-07-31 20:10:21,1,6.94,1,7.501,0,,1,6.94
2026-07-31 20:20:15,1,6.94,1,7.501,0,,1,6.94
2026-07-31 20:32:41,1,6.94,1,7.501,0,,1,6.94
2026-07-31 20:42:28,1,6.94,1,7.501,0,,1,6.94
2026-07-31 20:50:29,1,6.94,1,8.751,0,,1,6.94
2026-07-31 21:00:26,1,6.94,1,8.751,0,,1,6.94
2026-07-31 21:10:12,1,6.94,1,8.751,0,,1,6.94
2026-07-31 21:20:13,1,6.94,1,8.751,0,,1,6.94
2026-07-31 21:32:39,1,6.94,1,8.751,0,,1,6.94
2026-07-31 21:40:19,1,6.94,1,8.751,0,,1,6.94
2026-07-31 21:50:16,1,6.94,1,8.751,0,,1,6.94
2026-07-31 22:00:18,1,6.94,1,8.751,0,,1,6.94
2026-07-31 22:10:14,1,6.94,1,8.751,0,,1,6.94
2026-07-31 22:20:21,1,6.94,1,8.751,0,,1,6.94
2026-07-31 22:30:24,1,6.94,1,8.751,0,,1,6.94
2026-07-31 22:40:18,1,8.751,1,8.751,0,,0,
2026-07-31 22:50:12,1,6.94,1,8.751,0,,1,6.94
2026-07-31 23:00:20,1,6.94,1,8.751,0,,1,6.94
2026-07-31 23:10:20,1,6.94,1,8.751,0,,1,6.94
2026-07-31 23:20:19,1,6.94,1,7.501,0,,1,6.94
2026-07-31 23:30:16,1,6.94,1,7.501,0,,1,6.94
2026-07-31 23:40:15,1,6.94,1,7.501,0,,1,6.94
2026-07-31 23:50:15,1,6.94,1,7.501,0,,1,6.94
2026-08-01 00:00:26,1,6.94,1,7.501,0,,1,6.94
2026-08-01 00:10:14,1,6.94,1,7.501,0,,1,6.94
2026-08-01 00:20:20,1,6.94,1,7.501,0,,1,6.94
2026-08-01 00:31:52,1,6.94,1,7.501,0,,1,6.94
2026-08-01 00:40:17,1,6.94,1,7.501,0,,1,6.94
2026-08-01 00:50:13,1,6.94,1,7.501,0,,1,6.94
2026-08-01 01:02:41,1,6.94,1,7.501,0,,1,6.94
2026-08-01 01:14:15,1,6.94,1,7.501,0,,1,6.94
2026-08-01 01:20:16,1,6.94,1,7.501,0,,1,6.94
2026-08-01 01:30:16,1,6.94,1,7.501,0,,1,6.94
2026-08-01 01:40:11,1,6.94,1,7.501,0,,1,6.94
2026-08-01 01:50:13,1,6.94,1,7.501,0,,1,6.94
2026-08-01 02:02:32,1,6.94,1,7.501,0,,1,6.94
2026-08-01 02:10:17,1,6.94,1,7.501,0,,1,6.94
2026-08-01 02:20:11,1,6.94,1,7.501,0,,1,6.94
2026-08-01 02:30:16,1,6.94,1,7.501,0,,1,6.94
2026-08-01 02:40:22,1,6.94,1,7.501,0,,1,6.94
2026-08-01 02:50:17,1,6.94,1,7.501,0,,1,6.94
2026-08-01 03:00:18,1,6.94,1,7.501,0,,1,6.94
2026-08-01 03:10:11,1,6.94,1,7.501,0,,1,6.94
2026-08-01 03:20:20,1,6.94,1,7.501,0,,1,6.94
2026-08-01 03:32:51,1,6.94,1,7.501,0,,1,6.94
2026-08-01 03:40:21,1,6.94,1,7.501,0,,1,6.94
2026-08-01 03:50:20,1,6.94,1,7.501,0,,1,6.94
2026-08-01 04:02:21,1,6.94,1,7.501,0,,1,6.94
2026-08-01 04:10:18,1,6.94,1,7.501,0,,1,6.94
2026-08-01 04:20:14,1,6.94,1,7.501,0,,1,6.94
2026-08-01 04:30:20,1,6.94,1,7.501,0,,1,6.94
2026-08-01 04:40:18,1,6.94,1,7.501,0,,1,6.94
2026-08-01 04:50:12,1,6.94,1,7.501,0,,1,6.94
2026-08-01 05:02:14,1,6.94,1,7.501,0,,1,6.94
2026-08-01 05:10:13,1,6.94,1,7.501,0,,1,6.94
2026-08-01 05:20:14,1,6.94,1,7.501,0,,1,6.94
2026-08-01 05:32:24,1,6.94,1,7.501,0,,1,6.94
2026-08-01 05:40:12,1,6.94,1,7.501,0,,1,6.94
2026-08-01 05:50:17,1,6.94,1,7.501,0,,1,6.94
2026-08-01 06:00:28,1,6.94,1,7.501,0,,1,6.94
2026-08-01 06:12:00,1,6.94,1,7.501,0,,1,6.94
2026-08-01 06:20:12,1,6.94,1,7.501,0,,1,6.94
2026-08-01 06:30:22,1,6.94,1,7.501,0,,1,6.94
2026-08-01 06:42:34,1,6.94,1,7.501,0,,1,6.94
2026-08-01 06:50:14,1,6.94,1,7.501,0,,1,6.94
2026-08-01 07:00:18,1,6.94,1,7.501,0,,1,6.94
2026-08-01 07:10:16,1,6.94,1,7.501,0,,1,6.94
2026-08-01 07:20:21,1,6.94,1,7.501,0,,1,6.94
2026-08-01 07:30:17,1,6.94,1,7.501,0,,1,6.94
2026-08-01 07:40:12,1,6.94,1,7.501,0,,1,6.94
2026-08-01 07:50:16,1,6.94,1,7.501,0,,1,6.94
2026-08-01 08:00:17,1,6.94,1,7.501,0,,1,6.94
2026-08-01 08:10:18,1,6.94,1,7.501,0,,1,6.94
2026-08-01 08:20:14,1,6.94,1,7.501,0,,1,6.94
2026-08-01 08:30:15,1,6.94,1,7.501,0,,1,6.94
2026-08-01 08:41:52,1,6.94,1,7.501,0,,1,6.94
2026-08-01 08:50:14,1,6.94,1,7.501,0,,1,6.94
2026-08-01 09:00:26,1,6.94,1,7.501,0,,1,6.94
2026-08-01 09:10:16,1,6.94,1,7.501,0,,1,6.94
2026-08-01 09:20:15,1,6.94,1,7.501,0,,1,6.94
2026-08-01 09:30:16,1,6.94,1,7.501,0,,1,6.94
2026-08-01 09:40:14,1,6.94,1,7.501,0,,1,6.94
2026-08-01 09:52:46,1,6.94,1,7.501,0,,1,6.94
2026-08-01 10:03:06,1,6.94,1,7.501,0,,1,6.94
2026-08-01 10:10:14,1,6.94,1,7.501,0,,1,6.94
2026-08-01 10:21:32,1,6.94,1,7.501,0,,1,6.94
2026-08-01 10:30:16,1,6.94,1,7.501,0,,1,6.94
2026-08-01 10:40:15,1,6.94,1,7.501,0,,1,6.94
2026-08-01 10:50:13,1,6.94,1,7.501,0,,1,6.94
2026-08-01 11:00:16,1,6.94,1,7.501,0,,1,6.94
2026-08-01 11:11:45,1,6.94,1,7.501,0,,1,6.94
2026-08-01 11:30:18,1,6.94,1,7.501,0,,1,6.94
2026-08-01 11:40:36,1,6.94,1,7.501,0,,1,6.94
2026-08-01 11:50:13,1,6.94,1,7.501,0,,1,6.94
2026-08-01 12:00:25,1,6.94,1,7.501,0,,1,6.94
2026-08-01 12:10:14,1,6.94,1,7.501,0,,1,6.94
2026-08-01 12:13:43,1,6.94,1,7.501,0,,1,6.94
2026-08-01 12:20:13,1,6.94,1,7.501,0,,1,6.94
2026-08-01 12:30:15,1,6.94,1,7.501,0,,1,6.94
2026-08-01 12:42:13,1,6.94,1,7.501,0,,1,6.94
2026-08-01 12:50:15,1,6.94,1,7.501,0,,1,6.94
2026-08-01 13:00:18,1,6.94,1,7.501,0,,1,6.94
2026-08-01 13:10:14,1,6.94,1,7.501,0,,1,6.94
2026-08-01 13:20:13,1,6.94,1,7.501,0,,1,6.94
2026-08-01 13:30:17,1,6.94,1,7.501,0,,1,6.94
2026-08-01 13:40:18,1,6.94,1,7.501,0,,1,6.94
2026-08-01 13:50:13,1,6.94,1,7.501,0,,1,6.94
2026-08-01 14:00:17,1,6.94,1,7.501,0,,1,6.94
2026-08-01 14:11:49,1,6.94,1,7.501,0,,1,6.94
2026-08-01 14:20:20,1,6.94,1,7.501,0,,1,6.94
2026-08-01 14:30:22,1,6.94,1,7.501,0,,1,6.94
2026-08-01 14:40:14,1,6.94,1,7.501,0,,1,6.94
2026-08-01 14:50:14,1,6.94,1,7.501,0,,1,6.94
2026-08-01 15:00:23,1,6.94,1,7.501,0,,1,6.94
2026-08-01 15:10:25,1,6.94,1,7.501,0,,1,6.94
2026-08-01 15:20:19,1,6.94,1,7.501,0,,1,6.94
2026-08-01 15:32:08,1,6.94,1,7.501,0,,1,6.94
2026-08-01 15:40:15,1,6.94,1,7.501,0,,1,6.94
2026-08-01 15:46:48,1,6.94,1,7.501,0,,1,6.94
2026-08-01 15:50:13,1,6.94,1,7.501,0,,1,6.94
2026-08-01 16:00:17,1,6.94,1,7.501,0,,1,6.94
2026-08-01 16:10:14,1,6.94,1,7.501,0,,1,6.94
2026-08-01 16:20:19,1,6.94,1,7.501,0,,1,6.94
2026-08-01 16:31:43,1,6.94,1,7.501,0,,1,6.94
2026-08-01 16:40:13,1,6.94,1,7.501,0,,1,6.94
2026-08-01 16:50:15,1,6.94,1,7.501,0,,1,6.94
2026-08-01 17:00:17,1,6.94,1,7.501,0,,1,6.94
2026-08-01 17:10:12,1,6.94,1,7.501,0,,1,6.94
2026-08-01 17:20:20,1,6.94,1,7.501,0,,1,6.94
2026-08-01 17:32:46,1,6.94,1,7.501,0,,1,6.94
2026-08-01 17:42:52,1,6.94,1,7.501,0,,1,6.94
2026-08-01 17:50:17,1,6.94,1,7.501,0,,1,6.94
2026-08-01 18:02:27,1,6.94,1,7.501,0,,1,6.94
2026-08-01 18:10:16,1,6.94,1,7.501,0,,1,6.94
2026-08-01 18:20:13,1,6.94,1,7.501,0,,1,6.94
2026-08-01 18:30:22,1,6.94,1,7.501,0,,1,6.94
2026-08-01 18:40:18,1,6.94,1,7.501,0,,1,6.94
2026-08-01 18:50:12,1,6.94,1,7.501,0,,1,6.94
2026-08-01 19:00:19,1,6.94,1,7.501,0,,1,6.94
2026-08-01 19:10:13,1,6.94,1,7.501,0,,1,6.94
2026-08-01 19:20:15,1,6.94,1,7.501,0,,1,6.94
2026-08-01 19:30:17,1,6.94,1,7.501,0,,1,6.94
2026-08-01 19:40:16,1,6.94,1,7.501,0,,1,6.94
2026-08-01 19:50:14,1,6.94,1,7.501,0,,1,6.94
2026-08-01 20:00:23,1,6.94,1,7.501,0,,1,6.94
2026-08-01 20:02:26,1,6.94,1,7.501,0,,1,6.94
2026-08-01 20:10:15,1,6.94,1,7.501,0,,1,6.94
2026-08-01 20:20:21,1,6.94,1,7.501,0,,1,6.94
2026-08-01 20:30:15,1,6.94,1,7.501,0,,1,6.94
2026-08-01 20:41:34,1,6.94,1,7.501,0,,1,6.94
2026-08-01 20:53:11,1,6.94,1,7.501,0,,1,6.94
2026-08-01 21:02:21,1,6.94,1,7.501,0,,1,6.94
2026-08-01 21:10:16,1,6.94,1,7.501,0,,1,6.94
2026-08-01 21:20:20,1,6.94,1,7.501,0,,1,6.94
2026-08-01 21:32:38,1,6.94,1,7.501,0,,1,6.94
2026-08-01 21:43:43,1,6.94,1,7.501,0,,1,6.94
2026-08-01 21:53:10,1,6.94,1,7.501,0,,1,6.94
2026-08-01 22:03:35,1,6.94,1,7.501,0,,1,6.94
2026-08-01 22:10:13,1,6.94,1,7.501,0,,1,6.94
2026-08-01 22:20:21,1,6.94,1,7.501,0,,1,6.94
2026-08-01 22:33:00,1,6.94,1,7.501,0,,1,6.94
2026-08-01 22:46:44,1,6.94,1,7.501,0,,1,6.94
2026-08-01 22:54:43,1,6.94,1,7.501,0,,1,6.94
2026-08-01 23:02:48,1,6.94,1,7.501,0,,1,6.94
2026-08-01 23:16:41,1,6.94,1,7.501,0,,1,6.94
2026-08-01 23:20:18,1,6.94,1,7.501,0,,1,6.94
2026-08-01 23:32:39,1,6.94,1,7.501,0,,1,6.94
2026-08-01 23:38:19,1,6.94,1,7.501,0,,1,6.94
2026-08-01 23:40:14,1,6.94,1,7.501,0,,1,6.94
2026-08-01 23:50:13,1,6.94,1,7.501,0,,1,6.94
2026-08-02 00:00:17,1,6.94,1,7.501,0,,1,6.94
2026-08-02 00:10:14,1,6.94,1,7.501,0,,1,6.94
2026-08-02 00:20:14,1,6.94,1,7.501,0,,1,6.94
2026-08-02 00:32:06,1,6.94,1,7.501,0,,1,6.94
2026-08-02 00:43:11,1,6.94,1,7.501,0,,1,6.94
2026-08-02 00:50:17,1,6.94,1,7.501,0,,1,6.94
2026-08-02 01:02:47,1,6.94,1,7.501,0,,1,6.94
2026-08-02 01:10:15,1,6.94,1,7.501,0,,1,6.94
2026-08-02 01:23:36,1,6.94,1,7.501,0,,1,6.94
2026-08-02 01:30:15,1,6.94,1,7.501,0,,1,6.94
2026-08-02 01:40:14,1,6.94,1,7.501,0,,1,6.94
2026-08-02 01:50:21,1,6.94,1,7.501,0,,1,6.94
2026-08-02 02:00:20,1,6.94,1,7.501,0,,1,6.94
2026-08-02 02:10:15,1,6.94,1,7.501,0,,1,6.94
2026-08-02 02:20:13,1,6.94,1,7.501,0,,1,6.94
2026-08-02 02:32:04,1,6.94,1,7.501,0,,1,6.94
2026-08-02 02:40:14,1,6.94,1,7.501,0,,1,6.94
2026-08-02 02:50:17,1,6.94,1,7.501,0,,1,6.94
2026-08-02 03:00:17,1,6.94,1,7.501,0,,1,6.94
2026-08-02 03:11:35,1,6.94,1,7.501,0,,1,6.94
2026-08-02 03:20:14,1,6.94,1,7.501,0,,1,6.94
2026-08-02 03:34:13,1,6.94,1,7.501,0,,1,6.94
2026-08-02 03:40:17,1,6.94,1,7.501,0,,1,6.94
2026-08-02 03:52:50,1,6.94,1,7.501,0,,1,6.94
2026-08-02 04:03:31,1,6.94,1,7.501,0,,1,6.94
2026-08-02 04:17:06,1,6.94,1,7.501,0,,1,6.94
2026-08-02 04:29:49,1,6.94,1,7.501,0,,1,6.94
2026-08-02 04:49:24,1,6.94,1,7.501,0,,1,6.94
2026-08-02 04:54:53,1,6.94,1,7.501,0,,1,6.94
2026-08-02 05:04:36,1,6.94,1,7.501,0,,1,6.94
2026-08-02 05:18:49,1,6.94,1,7.501,0,,1,6.94
2026-08-02 05:41:26,1,6.94,1,7.501,0,,1,6.94
2026-08-02 05:50:15,1,6.94,1,7.501,0,,1,6.94
2026-08-02 06:00:18,1,6.94,1,7.501,0,,1,6.94
2026-08-02 06:18:57,1,6.94,1,7.501,0,,1,6.94
2026-08-02 06:21:21,1,6.94,1,7.501,0,,1,6.94
2026-08-02 06:30:15,1,6.94,1,7.501,0,,1,6.94
2026-08-02 06:40:13,1,6.94,1,7.501,0,,1,6.94
2026-08-02 06:51:44,1,6.94,1,7.501,0,,1,6.94
2026-08-02 07:00:18,1,6.94,1,7.501,0,,1,6.94
2026-08-02 07:10:14,1,6.94,1,7.501,0,,1,6.94
2026-08-02 07:20:21,1,6.94,1,7.501,0,,1,6.94
2026-08-02 07:30:16,1,6.94,1,7.501,0,,1,6.94
2026-08-02 07:40:14,1,6.94,1,7.501,0,,1,6.94
2026-08-02 07:50:14,1,6.94,1,7.501,0,,1,6.94
2026-08-02 07:53:03,1,6.94,1,7.501,0,,1,6.94
2026-08-02 08:00:18,1,6.94,1,7.501,0,,1,6.94
2026-08-02 08:10:19,1,6.94,1,7.501,0,,1,6.94
2026-08-02 08:20:13,1,6.94,1,7.501,0,,1,6.94
2026-08-02 08:30:17,1,6.94,1,7.501,0,,1,6.94
2026-08-02 08:40:15,1,6.94,1,7.501,0,,1,6.94
2026-08-02 08:50:20,1,6.94,1,7.501,0,,1,6.94
2026-08-02 09:00:17,1,6.94,1,7.501,0,,1,6.94
2026-08-02 09:10:14,1,6.94,1,7.501,0,,1,6.94
2026-08-02 09:20:13,1,6.94,1,7.501,0,,1,6.94
2026-08-02 09:30:16,1,6.94,1,7.501,0,,1,6.94
2026-08-02 09:40:14,1,6.94,1,7.501,0,,1,6.94
2026-08-02 09:50:15,1,6.94,1,7.501,0,,1,6.94
2026-08-02 10:00:24,1,6.94,1,7.501,0,,1,6.94
2026-08-02 10:10:11,1,6.94,1,7.501,0,,1,6.94
2026-08-02 10:20:12,1,6.94,1,7.501,0,,1,6.94
2026-08-02 10:30:17,1,6.94,1,7.501,0,,1,6.94
2026-08-02 10:40:18,1,6.94,1,7.501,0,,1,6.94
2026-08-02 10:50:13,1,6.94,1,7.501,0,,1,6.94
2026-08-02 11:00:18,1,6.94,1,7.501,0,,1,6.94
2026-08-02 11:10:14,1,6.94,1,7.501,0,,1,6.94
2026-08-02 11:20:12,1,6.94,1,7.501,0,,1,6.94
2026-08-02 11:30:14,1,6.94,1,7.501,0,,1,6.94
2026-08-02 11:40:13,1,6.94,1,7.501,0,,1,6.94
2026-08-02 11:45:14,1,6.94,1,7.501,0,,1,6.94
2026-08-02 11:50:11,1,6.94,1,7.501,0,,1,6.94
2026-08-02 12:00:19,1,6.94,1,7.501,0,,1,6.94
2026-08-02 12:10:14,1,6.94,1,7.501,0,,1,6.94
2026-08-02 12:20:13,1,6.94,1,7.501,0,,1,6.94
2026-08-02 12:30:15,1,6.94,1,7.501,0,,1,6.94
2026-08-02 12:40:11,1,6.94,1,7.501,0,,1,6.94
2026-08-02 12:50:13,1,6.751,1,6.751,0,,1,6.94
2026-08-02 13:00:17,1,6.94,1,8.438,0,,1,6.94
2026-08-02 13:10:14,1,6.94,1,8.438,0,,1,6.94
2026-08-02 13:20:13,1,6.94,1,8.439,0,,1,6.94
2026-08-02 13:30:16,1,6.94,1,8.439,0,,1,6.94
2026-08-02 13:40:14,1,6.94,1,8.439,0,,1,6.94
2026-08-02 13:50:12,1,6.94,1,8.438,0,,1,6.94
2026-08-02 14:00:21,1,6.94,1,8.438,0,,1,6.94
2026-08-02 14:10:17,1,6.94,1,8.438,0,,1,6.94
2026-08-02 14:20:14,1,6.94,1,8.438,0,,1,6.94
2026-08-02 14:30:16,1,6.94,1,8.438,0,,1,6.94
2026-08-02 14:40:11,1,6.94,1,8.438,0,,1,6.94
2026-08-02 14:50:12,1,6.94,1,8.438,0,,1,6.94
2026-08-02 15:00:26,1,6.94,1,8.438,0,,1,6.94
2026-08-02 15:10:20,1,6.94,1,8.438,0,,1,6.94
2026-08-02 15:20:14,1,6.94,1,8.438,0,,1,6.94
2026-08-02 15:32:31,1,6.94,1,8.438,0,,1,6.94
2026-08-02 15:40:13,1,6.94,1,8.438,0,,1,6.94
2026-08-02 15:43:40,1,6.94,1,8.438,0,,1,6.94
2026-08-02 15:50:15,1,6.94,1,8.438,0,,1,6.94
2026-08-02 16:02:41,1,6.94,1,8.438,0,,1,6.94
2026-08-02 16:10:20,1,6.94,1,8.438,0,,1,6.94
2026-08-02 16:20:20,1,6.94,1,8.438,0,,1,6.94
2026-08-02 16:30:20,1,6.94,1,8.438,0,,1,6.94
2026-08-02 16:40:14,1,6.94,1,8.438,0,,1,6.94
2026-08-02 16:50:14,1,6.94,1,8.438,0,,1,6.94
2026-08-02 17:00:26,1,6.94,1,8.438,0,,1,6.94
2026-08-02 17:10:11,1,6.94,1,8.438,0,,1,6.94
2026-08-02 17:20:19,1,6.94,1,8.438,0,,1,6.94
2026-08-02 17:30:21,1,6.94,1,8.438,0,,1,6.94
2026-08-02 17:40:12,1,6.94,1,8.438,0,,1,6.94
2026-08-02 17:50:12,1,6.94,1,8.438,0,,1,6.94
2026-08-02 18:00:18,1,6.94,1,8.438,0,,1,6.94
2026-08-02 18:10:12,1,6.94,1,8.438,0,,1,6.94
2026-08-02 18:20:14,1,6.94,1,8.438,0,,1,6.94
2026-08-02 18:30:21,1,6.94,1,8.438,0,,1,6.94
2026-08-02 18:40:14,1,6.94,1,8.438,0,,1,6.94
2026-08-02 18:50:18,1,6.94,1,8.438,0,,1,6.94
2026-08-02 19:00:17,1,6.94,1,8.438,0,,1,6.94
2026-08-02 19:10:15,1,6.94,1,8.438,0,,1,6.94
2026-08-02 19:20:17,1,6.94,1,8.438,0,,1,6.94
2026-08-02 19:30:17,1,6.94,1,8.438,0,,1,6.94
2026-08-02 19:40:20,1,6.94,1,8.438,0,,1,6.94
2026-08-02 19:50:17,1,6.94,1,8.438,0,,1,6.94
2026-08-02 20:00:24,1,6.94,1,8.438,0,,1,6.94
2026-08-02 20:01:34,1,6.94,1,8.438,0,,1,6.94
2026-08-02 20:10:22,1,6.94,1,8.438,0,,1,6.94
2026-08-02 20:20:12,1,6.94,1,8.438,0,,1,6.94
2026-08-02 20:30:22,1,6.94,1,8.438,0,,1,6.94
2026-08-02 20:40:14,1,6.94,1,8.438,0,,1,6.94
2026-08-02 20:50:11,1,6.94,1,8.438,0,,1,6.94
2026-08-02 21:00:18,1,6.94,1,8.438,0,,1,6.94
2026-08-02 21:10:13,1,6.94,1,8.438,0,,1,6.94
2026-08-02 21:20:12,1,6.94,1,8.438,0,,1,6.94
2026-08-02 21:30:15,1,6.94,1,8.438,0,,1,6.94
2026-08-02 21:40:15,1,6.94,1,8.438,0,,1,6.94
2026-08-02 21:50:13,1,6.94,1,8.438,0,,1,6.94
2026-08-02 22:00:25,1,6.94,1,8.438,0,,1,6.94
2026-08-02 22:10:19,1,6.94,1,8.439,0,,1,6.94
2026-08-02 22:18:16,1,6.94,1,8.439,0,,1,6.94
2026-08-02 22:20:12,1,6.94,1,8.439,0,,1,6.94
2026-08-02 22:30:14,1,6.94,1,8.439,0,,1,6.94
2026-08-02 22:40:19,1,6.94,1,8.439,0,,1,6.94
2026-08-02 22:50:13,1,6.94,1,8.438,0,,1,6.94
2026-08-02 23:00:21,1,6.94,1,8.439,0,,1,6.94
2026-08-02 23:10:14,1,6.94,1,8.439,0,,1,6.94
2026-08-02 23:20:18,1,6.94,1,8.439,0,,1,6.94
2026-08-02 23:30:22,1,6.94,1,8.439,0,,1,6.94
2026-08-02 23:40:14,1,6.94,1,8.439,0,,1,6.94
2026-08-02 23:50:12,1,6.94,1,8.439,0,,1,6.94
2026-08-03 00:00:17,1,6.94,1,8.439,0,,1,6.94
2026-08-03 00:10:15,1,6.94,1,8.439,0,,1,6.94
2026-08-03 00:20:13,1,6.94,0,,0,,1,6.94
2026-08-03 00:30:16,1,6.94,0,,0,,1,6.94
2026-08-03 00:40:14,1,6.94,0,,0,,1,6.94
2026-08-03 00:50:18,1,6.94,0,,0,,1,6.94
2026-08-03 01:00:21,1,6.94,0,,0,,1,6.94
2026-08-03 01:10:14,1,6.94,0,,0,,1,6.94
2026-08-03 01:20:13,1,6.94,1,8.439,0,,1,6.94
2026-08-03 01:30:15,1,6.94,1,8.439,0,,1,6.94
2026-08-03 01:40:15,1,6.94,1,8.439,0,,1,6.94
2026-08-03 01:50:18,1,6.94,1,8.439,0,,1,6.94
2026-08-03 02:00:19,1,6.94,1,8.439,0,,1,6.94
2026-08-03 02:10:14,1,6.94,1,8.439,0,,1,6.94
2026-08-03 02:20:12,1,6.94,1,8.439,0,,1,6.94
2026-08-03 02:30:18,1,6.94,1,8.439,0,,1,6.94
2026-08-03 02:40:13,1,6.94,1,8.439,0,,1,6.94
2026-08-03 02:50:18,1,6.94,1,8.439,0,,1,6.94
2026-08-03 03:00:18,1,6.94,1,8.439,0,,1,6.94
2026-08-03 03:10:13,1,8.438,1,8.438,0,,0,
2026-08-03 03:20:18,1,8.438,1,8.438,0,,0,
2026-08-03 03:30:15,1,6.94,1,8.438,0,,1,6.94
2026-08-03 03:40:15,1,6.94,1,8.438,0,,1,6.94
2026-08-03 03:50:12,1,6.94,1,8.438,0,,1,6.94
2026-08-03 04:00:16,1,6.94,1,8.438,0,,1,6.94
2026-08-03 04:10:14,1,6.94,1,8.438,0,,1,6.94
2026-08-03 04:20:22,1,6.94,1,8.438,0,,1,6.94
2026-08-03 04:30:19,1,6.94,1,8.438,0,,1,6.94
2026-08-03 04:40:12,1,6.94,1,8.438,0,,1,6.94
2026-08-03 04:50:16,1,6.94,1,8.438,0,,1,6.94
2026-08-03 05:00:18,1,6.94,1,8.438,0,,1,6.94
2026-08-03 05:10:19,1,6.94,1,8.438,0,,1,6.94
2026-08-03 05:20:24,1,6.94,1,8.438,0,,1,6.94
2026-08-03 05:30:14,1,6.94,1,8.438,0,,1,6.94
2026-08-03 05:40:23,1,6.94,1,8.438,0,,1,6.94
2026-08-03 05:50:14,1,6.94,1,8.438,0,,1,6.94
2026-08-03 06:00:23,1,6.94,1,8.438,0,,1,6.94
2026-08-03 06:10:23,1,6.94,1,8.438,0,,1,6.94
2026-08-03 06:20:15,1,6.94,1,8.438,0,,1,6.94
2026-08-03 06:30:14,1,6.94,1,8.438,0,,1,6.94
2026-08-03 06:40:32,1,6.94,0,,0,,1,6.94
2026-08-03 06:50:22,1,6.94,0,,0,,1,6.94
2026-08-03 07:00:24,1,6.94,0,,0,,1,6.94
2026-08-03 07:10:13,1,6.94,0,,0,,1,6.94
2026-08-03 07:20:34,1,6.94,0,,0,,1,6.94
2026-08-03 07:30:17,1,6.94,0,,0,,1,6.94
2026-08-03 07:40:35,1,6.94,0,,0,,1,6.94
2026-08-03 07:50:41,1,6.94,0,,0,,1,6.94
2026-08-03 08:00:47,1,6.94,0,,0,,1,6.94
2026-08-03 08:10:31,1,6.94,0,,0,,1,6.94
2026-08-03 08:20:32,1,6.94,0,,0,,1,6.94
2026-08-03 08:30:57,1,6.94,,,0,,1,6.94
2026-08-03 08:40:17,1,6.94,0,,0,,1,6.94
2026-08-03 08:50:14,1,6.94,0,,0,,1,6.94
2026-08-03 09:00:54,1,6.94,,,0,,1,6.94
2026-08-03 09:10:16,1,6.94,0,,0,,1,6.94
2026-08-03 09:22:44,1,6.25,1,6.25,0,,1,6.94
2026-08-03 09:30:54,1,6.25,1,6.25,0,,1,6.94
2026-08-03 09:40:16,1,6.25,1,6.25,0,,0,
2026-08-03 09:50:16,1,6.25,1,6.25,0,,1,6.94
2026-08-03 10:00:19,1,6.25,1,6.25,0,,1,6.94
2026-08-03 10:10:20,1,6.25,1,6.25,0,,1,6.94
2026-08-03 10:20:21,1,6.25,1,6.25,0,,1,6.94
2026-08-03 10:30:17,1,6.25,1,6.25,0,,1,6.94
2026-08-03 10:40:19,1,6.25,1,6.25,0,,1,6.94
2026-08-03 10:50:13,1,6.25,1,6.25,0,,1,6.94
2026-08-03 11:00:17,1,6.25,1,6.25,0,,1,6.94
2026-08-03 11:10:18,1,6.25,1,6.25,0,,1,6.94
2026-08-03 11:20:18,1,6.25,1,6.25,0,,1,6.94
2026-08-03 11:30:18,1,6.25,1,6.25,0,,1,6.94
2026-08-03 11:40:16,1,6.25,1,6.25,0,,1,6.94
2026-08-03 11:50:16,1,6.25,1,6.25,0,,1,6.94
2026-08-03 12:00:22,1,6.25,1,6.25,0,,1,6.94
2026-08-03 12:10:17,1,6.25,1,6.25,0,,1,6.94
2026-08-03 12:20:13,1,6.25,1,6.25,0,,1,6.94
2026-08-03 12:30:22,1,6.25,1,6.25,0,,0,
2026-08-03 12:38:15,1,6.25,1,6.25,0,,1,6.94
2026-08-03 12:40:13,1,6.25,1,6.25,0,,1,6.94
2026-08-03 12:50:13,1,6.25,1,6.25,0,,1,6.94
2026-08-03 13:00:20,1,6.25,1,6.25,0,,1,6.94
2026-08-03 13:10:15,1,6.25,1,6.25,0,,1,6.94
2026-08-03 13:20:16,1,6.25,1,6.25,0,,1,6.94
2026-08-03 13:30:21,1,6.25,1,6.25,0,,1,6.94
2026-08-03 13:40:26,1,6.25,1,6.25,0,,1,6.94
2026-08-03 13:50:15,1,6.94,,,0,,1,6.94
2026-08-03 14:00:20,1,6.94,,,0,,1,6.94
2026-08-03 14:10:14,1,6.94,,,0,,1,6.94
2026-08-03 14:20:15,1,6.94,,,0,,1,6.94
2026-08-03 14:30:24,1,6.94,,,0,,1,6.94
2026-08-03 14:40:15,1,6.94,,,0,,1,6.94
2026-08-03 14:50:29,1,6.94,,,0,,1,6.94
2026-08-03 15:00:22,1,6.94,,,0,,1,6.94
2026-08-03 15:10:14,1,6.94,,,0,,1,6.94
2026-08-03 15:20:21,1,6.25,1,6.25,0,,1,6.94
2026-08-03 15:30:19,1,6.25,1,6.25,0,,1,6.94
2026-08-03 15:40:13,1,6.25,1,6.25,0,,1,6.94
2026-08-03 15:50:14,1,6.25,1,6.25,0,,1,6.94
2026-08-03 16:00:17,1,6.25,1,6.25,0,,1,6.94
2026-08-03 16:10:13,1,6.25,1,6.25,0,,1,6.94
2026-08-03 16:20:15,1,6.94,,,0,,1,6.94
2026-08-03 16:30:16,1,6.25,1,6.25,0,,1,6.94
2026-08-03 16:40:13,1,6.25,1,6.25,0,,1,6.94
2026-08-03 16:50:17,1,6.25,1,6.25,0,,1,6.94
2026-08-03 17:00:24,1,6.25,1,6.25,0,,1,6.94
2026-08-03 17:10:16,1,6.25,1,6.25,0,,1,6.94
2026-08-03 17:20:17,1,6.25,1,6.25,0,,1,6.94
2026-08-03 17:30:29,1,6.25,1,6.25,0,,1,6.94
2026-08-03 17:46:58,1,6.25,1,6.25,0,,1,6.94
2026-08-03 17:50:21,1,6.25,1,6.25,0,,1,6.94
2026-08-03 18:00:28,1,6.25,1,6.25,0,,1,6.94
2026-08-03 18:10:24,1,6.25,1,6.25,0,,1,6.94
2026-08-03 18:20:24,1,6.25,1,6.25,0,,1,6.94
2026-08-03 18:30:20,1,6.25,1,6.25,0,,1,6.94
2026-08-03 18:40:20,1,6.25,1,6.25,0,,1,6.94
2026-08-03 18:50:13,1,6.25,1,6.25,0,,1,6.94
2026-08-03 18:58:41,1,6.25,1,6.25,0,,1,6.94
2026-08-03 19:00:26,1,6.25,1,6.25,0,,1,6.94
2026-08-03 19:10:20,1,6.25,1,6.25,0,,1,6.94
2026-08-03 19:20:19,1,6.25,1,6.25,0,,1,6.94
2026-08-03 19:30:23,1,6.25,1,6.25,0,,1,6.94
2026-08-03 19:40:14,1,6.25,1,6.25,0,,0,
2026-08-03 19:50:15,1,6.25,1,6.25,0,,0,
2026-08-03 20:00:21,1,6.25,1,6.25,0,,0,
2026-08-03 20:10:21,1,6.25,1,6.25,0,,0,
2026-08-03 20:20:18,1,6.25,1,6.25,0,,0,
2026-08-03 20:30:26,1,6.25,1,6.25,0,,0,
2026-08-03 20:40:19,1,6.25,1,6.25,0,,0,
2026-08-03 20:50:19,1,6.25,1,6.25,0,,0,
2026-08-03 21:00:17,1,6.25,1,6.25,0,,0,
2026-08-03 21:10:15,1,6.25,1,6.25,0,,1,6.94
2026-08-03 21:20:18,1,6.25,1,6.25,0,,1,6.94
2026-08-03 21:30:18,1,6.25,1,6.25,0,,1,6.94
2026-08-03 21:40:23,1,6.25,1,6.25,0,,1,6.94
2026-08-03 21:50:14,1,6.25,1,6.25,0,,0,
2026-08-03 22:00:20,1,6.25,1,6.25,0,,1,6.94
2026-08-03 22:10:15,1,6.25,1,6.25,0,,1,6.94
2026-08-03 22:20:12,1,6.25,1,6.25,0,,1,6.94
2026-08-03 22:30:22,1,6.25,1,6.25,0,,1,6.94
2026-08-03 22:37:29,1,6.25,1,6.25,0,,1,6.94
2026-08-03 22:40:21,1,6.25,1,6.25,0,,1,6.94
2026-08-03 22:50:19,1,6.25,1,6.25,0,,1,6.94
2026-08-03 23:00:20,1,6.25,1,6.25,0,,1,6.94
2026-08-03 23:10:20,1,6.25,1,6.25,0,,1,6.94
2026-08-03 23:20:26,1,6.25,1,6.25,0,,1,6.94
2026-08-03 23:30:13,1,6.25,1,6.25,0,,1,6.94
2026-08-03 23:40:15,1,6.25,1,6.25,0,,1,6.94
2026-08-03 23:50:13,1,6.25,1,6.25,0,,1,6.94
2026-08-04 00:00:22,1,6.25,1,6.25,0,,1,6.94
2026-08-04 00:10:16,1,6.94,,,0,,1,6.94
2026-08-04 00:20:30,1,6.25,1,6.25,0,,1,6.94
2026-08-04 00:30:19,1,6.25,1,6.25,0,,1,6.94
2026-08-04 00:40:15,1,6.25,1,6.25,0,,1,6.94
2026-08-04 00:50:13,1,6.25,1,6.25,0,,1,6.94
2026-08-04 01:00:17,1,6.25,1,6.25,0,,1,6.94
2026-08-04 01:10:19,1,6.25,1,6.25,0,,1,6.94
2026-08-04 01:20:14,1,6.25,1,6.25,0,,1,6.94
2026-08-04 01:30:14,1,6.25,1,6.25,0,,1,6.94
2026-08-04 01:40:12,1,6.25,1,6.25,0,,1,6.94
2026-08-04 01:50:16,1,6.25,1,6.25,0,,1,6.94
2026-08-04 02:00:18,1,6.25,1,6.25,0,,1,6.94
2026-08-04 02:10:16,1,6.25,1,6.25,0,,1,6.94
2026-08-04 02:20:19,1,6.25,1,6.25,0,,1,6.94
2026-08-04 02:30:23,1,6.25,1,6.25,0,,1,6.94
2026-08-04 02:40:22,1,6.25,1,6.25,0,,1,6.94
2026-08-04 02:50:12,1,6.25,1,6.25,0,,1,6.94
2026-08-04 03:00:30,1,6.25,1,6.25,0,,1,6.94
2026-08-04 03:10:14,1,6.25,1,6.25,0,,1,6.94
2026-08-04 03:20:21,1,6.25,1,6.25,0,,1,6.94
2026-08-04 03:30:17,1,6.25,1,6.25,0,,1,6.94
2026-08-04 03:40:14,1,6.94,1,8.44,0,,1,6.94
2026-08-04 03:50:19,1,6.94,1,8.44,0,,1,6.94
2026-08-04 04:00:18,1,6.94,1,8.44,0,,1,6.94
2026-08-04 04:10:17,1,6.94,1,8.44,0,,1,6.94
2026-08-04 04:20:11,1,6.94,1,8.44,0,,1,6.94
2026-08-04 04:30:25,1,6.94,1,8.44,0,,1,6.94
2026-08-04 04:40:11,1,6.94,0,,0,,1,6.94
2026-08-04 04:50:16,1,6.94,0,,0,,1,6.94
2026-08-04 05:00:20,1,6.94,,,0,,1,6.94
2026-08-04 05:10:14,1,6.94,1,8.44,0,,1,6.94
2026-08-04 05:20:14,1,6.25,1,6.25,0,,1,6.94
2026-08-04 05:30:25,1,6.25,1,6.25,0,,1,6.94
2026-08-04 05:40:18,1,6.25,1,6.25,0,,1,6.94
2026-08-04 05:50:18,1,6.25,1,6.25,0,,1,6.94
2026-08-04 06:00:18,1,6.25,1,6.25,0,,1,6.94
2026-08-04 06:10:13,1,6.25,1,6.25,0,,1,6.94
2026-08-04 06:20:14,1,6.25,1,6.25,0,,1,6.94
2026-08-04 06:30:21,1,6.25,1,6.25,0,,1,6.94
2026-08-04 06:40:13,1,6.25,1,6.25,0,,1,6.94
2026-08-04 06:50:12,1,6.25,1,6.25,0,,1,6.94
2026-08-04 07:00:26,1,6.25,1,6.25,0,,1,6.94
2026-08-04 07:10:22,1,6.25,1,6.25,0,,1,6.94
2026-08-04 07:20:22,1,6.25,1,6.25,0,,1,6.94
2026-08-04 07:30:17,1,6.25,1,6.25,0,,1,6.94
2026-08-04 07:40:14,1,6.25,1,6.25,0,,1,6.94
2026-08-04 07:50:15,1,6.25,1,6.25,0,,1,6.94
2026-08-04 08:00:18,1,6.25,1,6.25,0,,1,6.94
2026-08-04 08:07:14,1,6.25,1,6.25,0,,1,6.94
2026-08-04 08:10:13,1,6.25,1,6.25,0,,1,6.94
2026-08-04 08:20:13,1,6.25,1,6.25,0,,1,6.94
2026-08-04 08:30:23,1,6.25,1,6.25,0,,1,6.94
2026-08-04 08:40:13,1,6.25,1,6.25,0,,1,6.94
2026-08-04 08:50:15,1,6.25,1,6.25,0,,1,6.94
2026-08-04 09:00:30,1,6.25,1,6.25,0,,1,6.94
2026-08-04 09:10:14,1,6.25,1,6.25,0,,1,6.94
2026-08-04 09:20:18,1,6.25,1,6.25,0,,0,
2026-08-04 09:30:18,1,6.25,1,6.25,0,,0,
2026-08-04 09:33:48,1,6.25,1,6.25,0,,0,
2026-08-04 09:40:14,1,6.25,1,6.25,0,,0,
2026-08-04 09:50:20,1,6.25,1,6.25,0,,0,
2026-08-04 10:00:24,1,6.25,1,6.25,0,,0,
2026-08-04 10:10:17,1,6.25,1,6.25,0,,0,
2026-08-04 10:20:13,1,6.25,1,6.25,0,,0,
2026-08-04 10:30:22,1,6.25,1,6.25,0,,1,6.94
2026-08-04 10:40:12,1,6.25,1,6.25,0,,1,6.94
2026-08-04 10:50:21,1,6.25,1,6.25,0,,1,6.94
2026-08-04 11:00:17,1,6.25,1,6.25,0,,1,6.94
2026-08-04 11:10:19,1,6.25,1,6.25,0,,1,6.94
2026-08-04 11:20:21,1,6.25,1,6.25,0,,1,6.94
2026-08-04 11:30:16,1,6.25,1,6.25,0,,1,6.94
2026-08-04 11:40:16,1,6.25,1,6.25,0,,1,6.94
2026-08-04 11:50:13,1,6.25,1,6.25,0,,1,6.94
2026-08-04 12:00:19,1,6.25,1,6.25,0,,1,6.94
2026-08-04 12:10:15,1,6.25,1,6.25,0,,1,6.94
2026-08-04 12:20:15,1,6.25,1,6.25,0,,1,6.94
2026-08-04 12:30:23,1,6.25,1,6.25,0,,1,6.94
2026-08-04 12:40:15,1,6.25,1,6.25,0,,1,6.94
2026-08-04 12:50:21,1,6.25,1,6.25,0,,1,6.94
2026-08-04 13:00:21,1,6.25,1,6.25,0,,1,6.94
2026-08-04 13:10:22,1,6.25,1,6.25,0,,1,6.94
2026-08-04 13:20:22,1,6.25,1,6.25,0,,1,6.94
2026-08-04 13:30:16,1,6.25,1,6.25,0,,1,6.94
2026-08-04 13:40:12,1,6.25,1,6.25,0,,1,6.94
2026-08-04 13:50:21,1,6.25,1,6.25,0,,1,6.94
2026-08-04 14:00:20,1,6.25,1,6.25,0,,1,6.94
2026-08-04 14:10:18,1,6.25,1,6.25,0,,1,6.94
2026-08-04 14:20:14,1,6.25,1,6.25,0,,1,6.94
2026-08-04 14:30:20,1,6.25,1,6.25,0,,1,6.94
2026-08-04 14:40:12,1,6.25,1,6.25,0,,1,6.94
2026-08-04 14:50:24,1,6.25,1,6.25,0,,1,6.94
2026-08-04 15:00:20,1,6.25,1,6.25,0,,1,6.94
2026-08-04 15:10:18,1,6.25,1,6.25,0,,1,6.94
2026-08-04 15:20:23,1,6.25,1,6.25,0,,1,6.94
2026-08-04 15:30:27,1,6.25,1,6.25,0,,1,6.94
2026-08-04 15:40:18,1,6.25,1,6.25,0,,1,6.94
2026-08-04 15:50:14,1,6.25,1,6.25,0,,1,6.94
2026-08-04 16:00:36,1,6.25,1,6.25,0,,1,6.94
2026-08-04 16:10:20,1,6.25,1,6.25,0,,1,6.94
2026-08-04 16:20:17,1,6.25,1,6.25,0,,1,6.94
2026-08-04 16:22:46,1,6.25,1,6.25,0,,1,6.94
2026-08-04 16:30:24,1,6.25,1,6.25,0,,1,6.94
2026-08-04 16:40:21,1,6.25,1,6.25,0,,1,6.94
2026-08-04 16:50:26,1,6.25,1,6.25,0,,1,6.94
2026-08-04 17:00:19,1,6.25,1,6.25,0,,1,6.94
2026-08-04 17:10:16,1,6.25,1,6.25,0,,1,6.94
2026-08-04 17:20:24,1,6.25,1,6.25,0,,1,6.94
2026-08-04 17:30:17,1,6.25,1,6.25,0,,1,6.94
2026-08-04 17:40:18,1,6.25,1,6.25,0,,1,6.94
2026-08-04 17:50:19,1,6.25,1,6.25,0,,1,6.94
2026-08-04 18:00:23,1,6.25,1,6.25,0,,1,6.94
2026-08-04 18:10:23,1,6.25,1,6.25,0,,1,6.94
2026-08-04 18:20:28,1,6.25,1,6.25,0,,1,6.94
2026-08-04 18:30:30,1,6.25,1,6.25,0,,1,6.94
2026-08-04 18:40:22,1,6.25,1,6.25,0,,1,6.94
2026-08-04 18:50:16,1,6.94,0,,0,,1,6.94
2026-08-04 19:00:24,1,6.94,0,,0,,1,6.94
2026-08-04 19:10:24,1,6.94,0,,0,,1,6.94
2026-08-04 19:20:16,1,6.94,0,,0,,1,6.94
2026-08-04 19:30:16,1,6.94,0,,0,,1,6.94
2026-08-04 19:41:42,1,6.94,0,,0,,1,6.94
2026-08-04 19:50:15,1,6.94,0,,0,,1,6.94
2026-08-04 20:02:56,1,6.94,0,,0,,1,6.94
2026-08-04 20:10:16,1,6.94,0,,0,,1,6.94
2026-08-04 20:20:24,1,6.94,0,,0,,1,6.94
2026-08-04 20:30:24,0,,0,,0,,0,
2026-08-04 20:43:26,1,6.94,0,,0,,1,6.94
2026-08-04 20:53:24,1,6.94,0,,0,,1,6.94
2026-08-04 20:57:56,1,6.94,0,,0,,1,6.94
2026-08-04 21:02:40,1,6.94,0,,0,,1,6.94
2026-08-04 21:10:13,1,6.94,0,,0,,1,6.94
2026-08-04 21:20:23,1,6.94,1,8.44,0,,1,6.94
2026-08-04 21:30:22,1,6.94,1,8.438,0,,1,6.94
2026-08-04 21:42:04,1,6.94,1,8.314,0,,1,6.94
2026-08-04 21:50:14,1,6.94,1,8.313,0,,1,6.94
2026-08-04 22:02:50,1,6.94,1,8.313,0,,1,6.94
2026-08-04 22:10:29,1,6.94,1,8.313,0,,1,6.94
2026-08-04 22:20:23,1,6.94,1,8.313,0,,1,6.94
2026-08-04 22:30:26,1,6.94,1,8.313,0,,1,6.94
2026-08-04 22:40:15,1,6.94,1,8.313,0,,1,6.94
2026-08-04 22:50:13,1,6.94,1,8.313,0,,1,6.94
2026-08-04 23:00:19,1,6.94,1,8.313,0,,1,6.94
2026-08-04 23:10:15,1,6.94,1,8.314,0,,1,6.94
2026-08-04 23:20:16,1,6.94,1,8.314,0,,1,6.94
2026-08-04 23:30:24,1,6.94,1,8.314,0,,1,6.94
2026-08-04 23:40:14,1,6.94,1,8.314,0,,1,6.94
2026-08-04 23:50:19,1,6.94,1,8.313,0,,1,6.94
2026-08-05 00:00:27,1,6.94,1,8.313,0,,1,6.94
2026-08-05 00:10:27,1,8.313,1,8.313,0,,0,
2026-08-05 00:20:18,1,6.94,1,8.313,0,,1,6.94
2026-08-05 00:30:23,1,6.94,1,8.314,0,,1,6.94
2026-08-05 00:40:15,1,6.94,1,8.314,0,,1,6.94
2026-08-05 00:50:20,1,6.94,1,8.314,0,,1,6.94
2026-08-05 01:00:23,1,6.94,1,8.314,0,,1,6.94
2026-08-05 01:10:15,1,6.94,1,8.314,0,,1,6.94
2026-08-05 01:20:12,1,6.94,1,8.314,0,,1,6.94
2026-08-05 01:30:20,1,6.94,1,8.314,0,,1,6.94
2026-08-05 01:42:06,1,6.94,1,8.314,0,,1,6.94
2026-08-05 01:50:15,1,6.94,1,8.313,0,,1,6.94
2026-08-05 02:00:19,1,6.94,1,8.313,0,,1,6.94
2026-08-05 02:10:22,1,6.94,1,8.313,0,,1,6.94
2026-08-05 02:20:16,1,6.94,1,8.313,0,,1,6.94
2026-08-05 02:30:21,1,6.94,1,8.313,0,,1,6.94
2026-08-05 02:40:15,1,6.94,,,0,,1,6.94
2026-08-05 02:50:13,1,6.94,1,8.313,0,,1,6.94
2026-08-05 03:00:25,1,6.94,1,8.313,0,,1,6.94
2026-08-05 03:10:18,1,6.94,1,8.313,0,,1,6.94
2026-08-05 03:20:14,1,6.94,1,8.313,0,,1,6.94
2026-08-05 03:30:20,1,6.94,1,8.313,0,,1,6.94
2026-08-05 03:40:12,1,6.94,1,8.313,0,,1,6.94
2026-08-05 03:50:15,1,6.94,1,8.313,0,,1,6.94
2026-08-05 04:00:25,1,6.94,1,8.313,0,,1,6.94
2026-08-05 04:13:49,1,6.94,1,8.313,0,,1,6.94
2026-08-05 04:20:12,1,6.94,1,8.313,0,,1,6.94
2026-08-05 04:30:16,1,6.94,1,8.313,0,,1,6.94
2026-08-05 04:40:13,1,6.94,1,8.313,0,,1,6.94
2026-08-05 04:50:14,1,6.94,1,8.313,0,,1,6.94
2026-08-05 05:00:19,1,6.94,1,8.313,0,,1,6.94
2026-08-05 05:10:14,1,6.94,1,8.313,0,,1,6.94
