timestamp_utc,vast_machines,vast_gpus,vast_gpus_under_cap,vast_min_price,vast_median_price,lambda_regions,runpod_stock
2026-07-17 02:19:30,4,18,18,5.127,5.689,0,Low
2026-07-17 02:20:14,4,18,18,5.127,5.689,0,Low
2026-07-17 02:29:09,4,18,18,5.127,5.689,0,Low
2026-07-17 02:30:19,4,18,18,5.127,5.689,0,Low
2026-07-17 02:40:16,4,18,18,5.127,5.689,0,Low
2026-07-17 02:50:14,4,18,18,5.127,5.689,0,Low
2026-07-17 03:00:21,4,18,18,5.127,5.689,0,Low
2026-07-17 03:10:14,4,18,18,5.127,5.689,0,Low
2026-07-17 03:20:15,4,18,18,5.127,5.689,0,Low
2026-07-17 03:30:18,4,18,18,5.127,5.689,0,Low
2026-07-17 03:40:11,4,18,18,5.127,5.689,0,Low
2026-07-17 03:50:13,4,18,18,5.127,5.689,0,Low
2026-07-17 04:00:17,4,18,18,5.127,5.689,0,Low
2026-07-17 04:10:19,4,18,18,5.127,5.689,0,Low
2026-07-17 04:20:12,4,18,18,5.127,5.689,0,Low
2026-07-17 04:30:14,4,18,18,5.127,5.689,0,Low
2026-07-17 04:40:13,4,18,18,5.127,5.689,0,Low
2026-07-17 04:50:13,4,18,18,5.127,5.689,0,Low
2026-07-17 05:00:19,4,18,18,5.127,5.689,0,Low
2026-07-17 05:10:16,4,18,18,5.127,5.689,0,
2026-07-17 05:20:13,4,18,18,5.127,5.689,0,
2026-07-17 05:30:16,4,18,18,5.127,5.689,0,Low
2026-07-17 05:40:16,4,18,18,5.127,5.689,0,Low
2026-07-17 05:50:14,4,18,18,5.127,5.689,0,Low
2026-07-17 06:00:19,4,18,18,5.127,5.689,0,Low
2026-07-17 06:10:15,4,18,18,5.127,5.689,0,Low
2026-07-17 06:20:15,4,18,18,5.127,5.689,0,
2026-07-17 06:30:15,4,18,18,5.127,5.689,0,
2026-07-17 06:40:16,4,18,18,5.127,5.689,0,Low
2026-07-17 06:50:15,4,18,18,5.127,5.689,0,Low
2026-07-17 07:00:20,4,18,18,5.127,5.689,0,Low
2026-07-17 07:10:13,4,18,18,5.127,5.689,0,Low
2026-07-17 07:20:15,4,18,18,5.127,5.689,0,Low
2026-07-17 07:30:16,4,18,18,5.127,5.689,0,Low
2026-07-17 07:31:02,4,18,18,5.127,5.689,0,Low
2026-07-17 07:40:16,4,18,18,5.127,5.689,0,Low
2026-07-17 07:50:14,4,18,18,5.127,5.689,0,Low
2026-07-17 08:00:18,4,14,14,5.127,5.689,0,Low
2026-07-17 08:10:12,4,14,14,5.127,5.689,0,Low
2026-07-17 08:20:14,4,14,14,5.127,5.689,0,Low
2026-07-17 08:30:21,4,14,14,5.127,5.689,0,Low
2026-07-17 08:40:14,4,14,14,5.127,5.689,0,Low
2026-07-17 08:50:14,4,14,14,5.127,5.689,0,Low
2026-07-17 09:00:19,4,14,14,5.127,5.689,0,Low
2026-07-17 09:10:13,4,14,14,5.127,5.689,0,
2026-07-17 09:20:13,4,14,14,5.127,5.689,0,
2026-07-17 09:30:15,4,14,14,5.127,5.689,0,Low
2026-07-17 09:40:14,4,14,14,5.127,5.689,0,Low
2026-07-17 09:50:12,4,14,14,5.127,5.689,0,Low
2026-07-17 10:00:20,4,14,14,5.127,5.689,0,Low
2026-07-17 10:10:13,4,14,14,5.127,5.689,0,Low
2026-07-17 10:20:13,4,14,14,5.127,5.689,0,Low
2026-07-17 10:30:17,4,14,14,5.127,5.689,0,Low
2026-07-17 10:33:50,2,12,12,6.251,7.032,0,Low
2026-07-17 10:40:12,2,12,12,6.251,7.501,0,Low
2026-07-17 10:50:14,2,12,12,6.251,7.032,0,Low
2026-07-17 11:00:18,2,12,12,6.251,7.032,0,Low
2026-07-17 11:10:14,2,12,12,6.251,7.032,0,Low
2026-07-17 11:20:14,2,12,12,6.251,7.032,0,Low
2026-07-17 11:30:14,2,12,12,6.251,7.032,0,
2026-07-17 11:40:14,2,12,12,6.251,7.032,0,Low
2026-07-17 11:50:17,2,12,12,6.251,7.501,0,Low
2026-07-17 12:00:04,2,12,12,6.251,7.032,0,Low
2026-07-17 12:10:14,2,12,12,6.251,7.501,0,Low
2026-07-17 12:20:12,2,12,12,6.251,7.032,0,Low
2026-07-17 12:30:21,2,12,12,6.251,7.032,0,Low
2026-07-17 12:40:14,2,12,12,6.251,7.501,0,Low
2026-07-17 12:50:12,2,12,12,6.251,7.032,0,
2026-07-17 13:00:22,2,12,12,6.251,7.032,0,Low
2026-07-17 13:10:13,2,12,12,6.251,7.032,0,
2026-07-17 13:20:14,2,12,12,6.251,7.032,0,
2026-07-17 13:30:16,2,12,12,6.251,7.032,0,
2026-07-17 13:40:15,2,12,12,6.251,7.032,0,
2026-07-17 13:50:16,2,12,12,6.251,7.501,0,Low
2026-07-17 14:00:24,2,12,12,6.251,7.032,0,
2026-07-17 14:10:14,2,12,12,6.251,7.032,0,
2026-07-17 14:20:15,2,12,12,6.251,7.032,0,
2026-07-17 14:30:19,2,12,12,6.251,7.032,0,
2026-07-17 14:40:16,2,12,12,6.251,7.032,0,
2026-07-17 14:50:12,2,12,12,6.251,7.501,0,
2026-07-17 15:00:29,2,12,12,6.251,7.032,0,
2026-07-17 15:10:18,2,12,12,6.251,7.032,0,
2026-07-17 15:20:25,2,12,12,6.251,7.032,0,
2026-07-17 15:30:16,2,12,12,6.251,7.501,0,
2026-07-17 15:40:13,2,12,12,6.251,7.032,0,
2026-07-17 15:50:16,2,12,12,6.251,7.032,0,
2026-07-17 16:00:24,2,12,12,6.251,7.032,0,
2026-07-17 16:10:18,2,12,12,6.251,7.032,0,
2026-07-17 16:20:16,2,12,12,6.251,7.032,0,
2026-07-17 16:30:15,2,12,12,6.251,7.032,0,
2026-07-17 16:38:23,2,12,12,6.251,7.032,0,
2026-07-17 16:40:15,2,12,12,6.251,7.032,0,
2026-07-17 16:50:16,2,12,12,6.251,7.032,0,
2026-07-17 17:00:20,2,12,12,6.251,7.032,0,
2026-07-17 17:10:16,2,12,12,6.251,7.032,0,
2026-07-17 17:20:17,2,16,16,6.25,7.032,0,
2026-07-17 17:30:15,2,16,16,6.25,7.032,0,
2026-07-17 17:40:14,2,16,16,6.25,7.032,0,
2026-07-17 17:50:16,2,16,16,6.25,7.032,0,
2026-07-17 18:00:18,2,16,16,6.25,7.032,0,
2026-07-17 18:10:13,2,16,16,6.25,7.032,0,
2026-07-17 18:20:13,2,16,16,6.25,7.032,0,
2026-07-17 18:30:20,2,16,16,6.25,7.032,0,
2026-07-17 18:40:17,2,16,16,6.25,7.032,0,
2026-07-17 18:50:16,2,16,16,6.25,7.032,0,
2026-07-17 19:00:21,2,16,16,6.25,7.032,0,
2026-07-17 19:10:14,2,16,16,6.25,7.032,0,
2026-07-17 19:20:15,2,16,16,6.25,7.032,0,
2026-07-17 19:30:15,2,16,16,6.25,7.032,0,Low
2026-07-17 19:40:16,2,16,16,6.25,7.032,0,
2026-07-17 19:50:17,2,16,16,6.25,7.032,0,
2026-07-17 20:00:20,2,16,16,6.25,7.032,0,
2026-07-17 20:10:16,2,16,16,6.25,7.032,0,
2026-07-17 20:15:01,2,16,16,6.25,7.032,0,
2026-07-17 20:20:15,2,16,16,6.25,7.032,0,
2026-07-17 20:31:37,2,16,16,6.25,7.032,0,Low
2026-07-17 20:40:13,2,16,16,6.25,7.032,0,
2026-07-17 20:50:12,2,16,16,6.25,7.032,0,
2026-07-17 21:00:18,2,16,16,6.25,7.032,0,
2026-07-17 21:10:14,2,16,16,6.25,7.032,0,
2026-07-17 21:20:13,2,16,16,6.25,7.032,0,
2026-07-17 21:30:15,2,16,16,6.25,7.032,0,
2026-07-17 21:40:14,2,16,16,6.25,7.032,0,
2026-07-17 21:50:16,2,16,16,6.25,7.032,0,Low
2026-07-17 22:00:21,2,16,16,6.25,7.032,0,Low
2026-07-17 22:10:14,2,16,16,6.25,7.032,0,Low
2026-07-17 22:20:18,2,16,16,6.25,7.032,0,Low
2026-07-17 22:30:15,2,16,16,6.25,7.032,0,Low
2026-07-17 22:40:15,2,16,16,6.25,7.032,0,Low
2026-07-17 22:50:17,2,16,16,6.25,7.032,0,
2026-07-17 23:00:22,2,16,16,6.25,7.032,0,
2026-07-17 23:10:16,2,16,16,6.25,7.032,0,
2026-07-17 23:12:33,2,16,16,6.25,7.032,0,
2026-07-17 23:20:15,2,16,16,6.25,7.032,0,
2026-07-17 23:30:17,2,16,16,6.25,7.032,0,
2026-07-17 23:40:14,2,16,16,6.25,7.032,0,
2026-07-17 23:50:15,2,16,16,6.25,7.032,0,
2026-07-18 00:00:20,2,16,16,6.25,7.032,0,
2026-07-18 00:10:16,2,16,16,6.25,7.032,0,
2026-07-18 00:20:13,2,16,16,6.25,7.032,0,
2026-07-18 00:30:17,2,16,16,6.25,7.032,0,
2026-07-18 00:40:16,2,16,16,6.25,7.032,0,
2026-07-18 00:50:13,2,16,16,6.25,7.032,0,
2026-07-18 01:00:21,2,16,16,6.25,7.032,0,
2026-07-18 01:10:12,2,16,16,6.25,7.032,0,
2026-07-18 01:20:13,2,16,16,6.25,7.032,0,
2026-07-18 01:30:13,2,16,16,6.25,7.032,0,
2026-07-18 01:40:13,2,16,16,6.25,7.032,0,
2026-07-18 01:50:12,2,16,16,6.25,7.032,0,
2026-07-18 02:00:23,2,16,16,6.25,7.032,0,
2026-07-18 02:10:14,2,16,16,6.25,7.032,0,
2026-07-18 02:20:11,2,16,16,6.25,7.032,0,
2026-07-18 02:30:13,2,16,16,6.25,7.032,0,Low
2026-07-18 02:40:12,2,16,16,6.25,7.032,0,Low
2026-07-18 02:50:12,2,16,16,6.25,7.032,0,Low
2026-07-18 03:00:16,2,16,16,6.25,7.032,0,Low
2026-07-18 03:10:13,2,16,16,6.25,7.032,0,Low
2026-07-18 03:20:13,1,8,8,6.25,6.25,0,Low
2026-07-18 03:30:16,1,8,8,6.25,6.25,0,Low
2026-07-18 03:40:14,1,8,8,6.25,6.25,0,Low
2026-07-18 03:50:15,1,8,8,6.25,6.25,0,Low
2026-07-18 04:00:18,1,8,8,6.25,6.25,0,Low
2026-07-18 04:10:12,1,8,8,6.25,6.25,0,Low
2026-07-18 04:20:12,3,24,24,6.25,7.501,0,
2026-07-18 04:30:15,3,24,24,6.25,7.501,0,
2026-07-18 04:40:14,3,24,24,6.25,7.501,0,
2026-07-18 04:50:13,3,24,24,5.625,7.501,0,
2026-07-18 05:00:23,3,24,24,5.625,7.501,0,
2026-07-18 05:12:07,3,24,24,5.625,7.501,0,
2026-07-18 05:20:16,3,24,24,5.625,7.501,0,
2026-07-18 05:30:14,3,24,24,5.625,7.501,0,
2026-07-18 05:40:58,3,24,24,5.625,7.501,0,
2026-07-18 05:50:13,3,24,24,5.625,7.501,0,
2026-07-18 06:00:18,3,24,24,5.625,7.501,0,
2026-07-18 06:10:14,3,20,20,5.626,7.501,0,
2026-07-18 06:20:11,3,20,20,5.626,7.501,0,
2026-07-18 06:30:17,3,20,20,5.626,7.501,0,
2026-07-18 06:31:58,3,20,20,5.626,7.501,0,
2026-07-18 06:40:11,3,20,20,5.626,7.501,0,
2026-07-18 06:50:14,3,20,20,5.626,7.501,0,
2026-07-18 07:00:17,3,20,20,5.626,7.501,0,
2026-07-18 07:10:10,3,20,20,5.626,7.501,0,
2026-07-18 07:20:12,3,20,20,5.626,7.501,0,
2026-07-18 07:30:17,3,20,20,5.626,7.501,0,
2026-07-18 07:40:12,3,20,20,5.626,7.501,0,
2026-07-18 07:50:14,3,20,20,5.626,7.501,0,
2026-07-18 08:00:16,3,20,20,5.626,7.501,0,
2026-07-18 08:10:12,3,20,20,5.626,7.501,0,
2026-07-18 08:20:11,3,20,20,5.626,7.501,0,
2026-07-18 08:31:33,2,16,16,7.501,7.657,0,
2026-07-18 08:40:10,3,20,20,5.626,7.501,0,
2026-07-18 08:50:11,2,16,16,7.501,7.657,0,
2026-07-18 09:00:20,2,16,16,7.501,7.657,0,
2026-07-18 09:10:15,2,16,16,7.501,7.657,0,
2026-07-18 09:20:13,2,16,16,7.501,7.657,0,
2026-07-18 09:30:17,2,16,16,7.501,7.657,0,
2026-07-18 09:41:39,2,16,16,7.501,7.657,0,
2026-07-18 09:50:14,2,16,16,7.501,7.657,0,
2026-07-18 10:00:16,2,16,16,7.501,7.657,0,
2026-07-18 10:10:12,2,16,16,7.501,7.657,0,
2026-07-18 10:21:56,2,16,16,7.501,7.657,0,
2026-07-18 10:30:15,2,16,16,7.501,7.657,0,
2026-07-18 10:41:54,2,16,16,7.501,7.657,0,
2026-07-18 10:48:53,2,16,16,7.501,7.657,0,Low
2026-07-18 10:50:11,2,16,16,7.501,7.657,0,Low
2026-07-18 11:02:01,2,16,16,7.501,7.657,0,Low
2026-07-18 11:10:15,2,16,16,7.501,7.657,0,Low
2026-07-18 11:20:13,2,16,16,7.501,7.657,0,Low
2026-07-18 11:30:16,2,16,16,7.501,7.657,0,Low
2026-07-18 11:40:13,2,16,16,7.501,7.657,0,Low
2026-07-18 11:50:14,2,16,16,7.501,7.657,0,Low
2026-07-18 12:00:19,2,16,16,7.501,7.657,0,Low
2026-07-18 12:10:11,2,16,16,7.501,7.657,0,Low
2026-07-18 12:20:16,2,16,16,7.501,7.657,0,
2026-07-18 12:32:32,2,16,16,7.501,8.126,0,
2026-07-18 12:40:13,2,16,16,7.501,8.126,0,
2026-07-18 12:50:15,2,16,16,7.501,8.126,0,
2026-07-18 13:00:19,2,16,16,7.501,8.126,0,
2026-07-18 13:10:15,2,16,16,7.501,8.126,0,
2026-07-18 13:20:15,2,16,16,7.501,8.126,0,
2026-07-18 13:30:18,2,16,16,7.501,8.126,0,
2026-07-18 13:40:18,2,16,16,7.501,8.126,0,
2026-07-18 13:50:14,2,16,16,7.501,8.126,0,
2026-07-18 14:00:22,2,16,16,7.501,8.126,0,
2026-07-18 14:10:12,2,16,16,7.501,8.126,0,
2026-07-18 14:20:12,2,16,16,7.501,8.126,0,
2026-07-18 14:30:15,2,16,16,7.501,8.126,0,
2026-07-18 14:36:55,2,16,16,7.501,8.126,0,
2026-07-18 14:41:10,2,16,16,7.501,8.126,0,
2026-07-18 14:50:12,2,16,16,7.501,8.126,0,
2026-07-18 15:00:18,2,16,16,7.501,8.126,0,
2026-07-18 15:10:13,2,16,16,7.501,8.126,0,
2026-07-18 15:20:11,2,16,16,7.501,8.126,0,
2026-07-18 15:31:49,2,16,16,7.501,8.126,0,
2026-07-18 15:40:12,2,16,16,7.501,8.126,0,
2026-07-18 15:50:13,2,16,16,7.501,8.126,0,
2026-07-18 16:00:16,2,16,16,7.501,8.126,0,
2026-07-18 16:10:11,2,16,16,7.501,8.126,0,
2026-07-18 16:20:15,3,24,24,7.501,7.501,0,
2026-07-18 16:30:14,3,24,24,7.501,7.501,0,
2026-07-18 16:40:11,3,24,24,7.501,7.501,0,
2026-07-18 16:50:13,3,24,24,7.501,7.501,0,
2026-07-18 17:00:14,3,24,24,7.501,7.501,0,
2026-07-18 17:10:12,3,24,24,5.001,5.626,0,
2026-07-18 17:20:13,4,28,28,5.001,5.626,0,
2026-07-18 17:31:51,4,28,28,5.001,5.626,0,
2026-07-18 17:40:12,4,28,28,5.001,5.626,0,
2026-07-18 17:43:28,4,28,28,5.001,5.626,0,
2026-07-18 17:50:11,4,28,28,5.001,5.626,0,
2026-07-18 18:00:19,4,28,28,5.001,5.626,0,
2026-07-18 18:10:15,4,28,28,5.001,5.626,0,
2026-07-18 18:20:16,4,28,28,5.001,5.626,0,
2026-07-18 18:31:57,4,28,28,5.001,5.626,0,
2026-07-18 18:40:15,5,40,40,5.625,8.751,0,
2026-07-18 18:50:11,5,36,36,5.626,8.751,0,
2026-07-18 19:00:15,5,36,36,5.626,8.751,0,
2026-07-18 19:10:11,4,28,28,5.626,8.751,0,
2026-07-18 19:20:13,5,36,36,5.626,8.751,0,
2026-07-18 19:30:13,5,36,36,5.626,8.751,0,
2026-07-18 19:40:13,5,36,36,5.626,8.751,0,
2026-07-18 19:50:11,5,36,36,5.626,8.751,0,
2026-07-18 20:01:47,5,36,36,5.626,8.751,0,
2026-07-18 20:10:14,5,36,36,5.626,8.751,0,
2026-07-18 20:20:14,4,28,28,5.626,8.751,0,
2026-07-18 20:27:21,5,36,36,5.626,8.751,0,
2026-07-18 20:31:50,4,28,28,5.626,8.751,0,
2026-07-18 20:40:13,5,36,36,5.626,8.751,0,
2026-07-18 20:51:48,5,36,36,5.626,8.751,0,
2026-07-18 21:00:24,5,36,36,5.626,8.751,0,
2026-07-18 21:10:14,5,36,36,5.626,8.751,0,
2026-07-18 21:20:13,5,36,36,5.626,7.813,0,
2026-07-18 21:31:43,5,36,36,5.626,7.813,0,
2026-07-18 21:40:16,5,36,36,5.626,7.813,0,
2026-07-18 21:50:13,5,36,36,5.626,7.813,0,
2026-07-18 22:00:19,4,28,28,5.626,7.969,0,
2026-07-18 22:10:13,5,36,36,5.626,7.813,0,
2026-07-18 22:20:11,4,28,28,5.626,7.969,0,
2026-07-18 22:31:44,5,36,36,5.626,7.813,0,
2026-07-18 22:41:33,4,28,28,5.626,7.969,0,
2026-07-18 22:50:16,4,28,28,5.626,7.969,0,
2026-07-18 23:00:17,5,36,36,5.626,7.813,0,
2026-07-18 23:11:42,5,36,36,5.626,7.813,0,
2026-07-18 23:20:48,5,36,36,5.626,7.813,0,
2026-07-18 23:31:56,5,36,36,5.626,7.813,0,
2026-07-18 23:36:43,5,36,36,5.626,7.813,0,
2026-07-18 23:40:15,5,36,36,5.626,7.813,0,
2026-07-18 23:50:13,5,36,36,5.626,7.813,0,
2026-07-19 00:00:20,5,36,36,5.626,7.813,0,
2026-07-19 00:10:12,5,36,36,5.626,7.813,0,
2026-07-19 00:20:12,5,36,36,5.626,7.813,0,
2026-07-19 00:30:20,5,36,36,5.626,7.813,0,
2026-07-19 00:40:13,5,36,36,5.626,7.813,0,
2026-07-19 00:50:14,5,36,36,5.626,7.813,0,
2026-07-19 01:02:01,5,36,36,5.626,7.813,0,
2026-07-19 01:10:15,5,36,36,5.626,8.126,0,
2026-07-19 01:20:17,5,36,36,5.626,7.813,0,
2026-07-19 01:30:14,5,36,36,5.626,7.813,0,
2026-07-19 01:40:11,5,36,36,5.626,8.126,0,
2026-07-19 01:50:14,5,36,36,5.626,7.813,0,
2026-07-19 02:00:20,5,36,36,5.626,7.813,0,
2026-07-19 02:10:17,5,36,36,5.626,8.126,0,
2026-07-19 02:20:11,5,36,36,5.626,7.813,0,
2026-07-19 02:30:16,5,36,36,5.626,7.813,0,
2026-07-19 02:40:12,5,36,36,5.626,7.813,0,
2026-07-19 02:50:11,5,36,36,5.626,7.813,0,
2026-07-19 03:00:20,5,36,36,5.626,6.876,0,
2026-07-19 03:11:39,5,36,36,5.626,6.876,0,Low
2026-07-19 03:21:15,5,36,36,5.626,6.876,0,Low
2026-07-19 03:30:14,5,36,36,5.626,6.876,0,Low
2026-07-19 03:40:13,5,36,36,5.626,6.876,0,Low
2026-07-19 03:50:13,5,36,36,5.626,6.876,0,Low
2026-07-19 04:02:23,5,36,36,5.626,6.876,0,Low
2026-07-19 04:10:15,5,36,36,4.376,6.876,0,Low
2026-07-19 04:22:40,5,36,36,5.626,6.876,0,Low
2026-07-19 04:30:18,5,36,36,5.626,6.876,0,Low
2026-07-19 04:40:13,5,36,36,5.626,6.876,0,Low
2026-07-19 04:50:13,5,36,36,5.626,6.876,0,Low
2026-07-19 05:02:06,5,36,36,5.626,6.876,0,
2026-07-19 05:10:20,5,36,36,5.626,6.876,0,
2026-07-19 05:23:54,5,36,36,5.626,6.876,0,
2026-07-19 05:33:47,5,36,36,5.626,6.876,0,
2026-07-19 05:42:21,5,40,40,5.625,6.876,0,
2026-07-19 05:50:11,5,36,36,5.626,6.876,0,
2026-07-19 06:00:22,5,36,36,5.626,6.876,0,
2026-07-19 06:11:43,5,36,36,5.626,6.876,0,
2026-07-19 06:20:13,5,36,36,5.626,6.876,0,
2026-07-19 06:30:16,5,36,36,5.626,6.876,0,Low
2026-07-19 06:40:11,5,36,36,5.626,6.876,0,Low
2026-07-19 06:50:15,5,36,36,5.626,6.876,0,
2026-07-19 07:00:15,5,36,36,5.626,6.876,0,
2026-07-19 07:10:13,5,36,36,5.626,6.876,0,
2026-07-19 07:20:14,5,36,36,5.626,6.876,0,Low
2026-07-19 07:30:16,5,36,36,5.626,6.876,0,
2026-07-19 07:41:29,5,36,36,5.626,6.876,0,
2026-07-19 07:48:34,5,36,36,5.626,6.876,0,
2026-07-19 07:50:13,5,36,36,5.626,6.876,0,
2026-07-19 08:02:17,5,36,36,5.626,6.876,0,
2026-07-19 08:10:13,5,36,36,5.626,6.876,0,
2026-07-19 08:20:15,5,36,36,5.626,6.876,0,
2026-07-19 08:30:12,5,36,36,5.626,6.876,0,
2026-07-19 08:40:13,5,36,36,5.626,6.876,0,Low
2026-07-19 08:50:13,5,36,36,5.626,6.876,0,Low
2026-07-19 09:00:19,5,36,36,5.626,6.876,0,Low
2026-07-19 09:10:14,5,36,36,5.626,6.876,0,Low
2026-07-19 09:20:11,5,36,36,5.626,6.876,0,Low
2026-07-19 09:30:15,5,36,36,5.626,6.876,0,Low
2026-07-19 09:42:09,5,36,36,5.626,6.876,0,Low
2026-07-19 09:50:13,5,36,36,5.626,6.876,0,Low
2026-07-19 10:02:03,5,36,36,5.626,6.876,0,Low
2026-07-19 10:10:16,5,36,36,5.626,6.876,0,Low
2026-07-19 10:20:11,5,36,36,5.626,6.876,0,Low
2026-07-19 10:30:15,5,36,36,5.626,6.876,0,Low
2026-07-19 10:40:11,5,36,36,5.626,6.876,0,
2026-07-19 10:50:13,5,36,36,5.626,6.876,0,
2026-07-19 11:00:19,5,36,36,5.626,6.876,0,
2026-07-19 11:10:14,5,36,36,5.626,6.876,0,
2026-07-19 11:20:19,5,36,36,5.626,6.876,0,
2026-07-19 11:30:15,5,36,36,5.626,6.876,0,
2026-07-19 11:39:20,5,36,36,5.626,6.876,0,
2026-07-19 11:40:12,5,36,36,5.626,6.876,0,
2026-07-19 11:50:11,5,36,36,5.626,6.876,0,
2026-07-19 12:00:20,5,36,36,5.626,6.876,0,Low
2026-07-19 12:10:12,5,36,36,5.626,6.876,0,
2026-07-19 12:20:11,5,36,36,5.626,6.876,0,
2026-07-19 12:31:48,4,32,32,5.626,6.876,0,
2026-07-19 12:40:14,4,32,32,5.626,6.876,0,Low
2026-07-19 12:50:13,4,32,32,6.876,6.876,0,
2026-07-19 13:00:20,4,32,32,5.626,6.876,0,
2026-07-19 13:10:14,4,32,32,5.626,6.876,0,
2026-07-19 13:20:15,4,32,32,5.626,6.876,0,Low
2026-07-19 13:30:15,4,32,32,5.626,6.876,0,
2026-07-19 13:40:14,4,32,32,5.626,6.876,0,
2026-07-19 13:50:14,5,36,36,5.626,6.876,0,
2026-07-19 14:02:03,4,32,32,5.626,6.876,0,
2026-07-19 14:11:29,4,32,32,6.876,6.876,0,Low
2026-07-19 14:20:11,4,32,32,5.626,6.876,0,Low
2026-07-19 14:30:14,4,32,32,5.626,6.876,0,Low
2026-07-19 14:40:12,4,32,32,5.626,6.876,0,
2026-07-19 14:44:33,4,32,32,5.626,6.876,0,Low
2026-07-19 14:50:13,4,32,32,5.626,6.876,0,Low
2026-07-19 15:00:16,4,32,32,5.626,6.876,0,Low
2026-07-19 15:10:15,4,32,32,5.626,6.876,0,Low
2026-07-19 15:20:13,4,32,32,6.876,6.876,0,Low
2026-07-19 15:31:49,4,32,32,6.876,6.876,0,Low
2026-07-19 15:40:13,4,32,32,5.626,6.876,0,Low
2026-07-19 15:50:15,4,32,32,6.876,6.876,0,Low
2026-07-19 16:00:19,4,32,32,5.626,6.876,0,Low
2026-07-19 16:10:16,4,32,32,6.876,6.876,0,
2026-07-19 16:20:14,4,32,32,5.626,6.876,0,
2026-07-19 16:30:13,4,32,32,5.626,6.876,0,
2026-07-19 16:40:12,5,36,36,5.626,6.876,0,
2026-07-19 16:50:13,5,36,36,5.626,6.876,0,
2026-07-19 17:00:15,5,36,36,5.626,6.876,0,
2026-07-19 17:10:11,5,36,36,5.626,6.876,0,
2026-07-19 17:20:12,5,36,36,5.626,6.876,0,Low
2026-07-19 17:30:14,5,36,36,5.626,6.876,0,Low
2026-07-19 17:40:12,5,36,36,5.626,6.876,0,Low
2026-07-19 17:50:13,5,36,36,5.626,6.876,0,Low
2026-07-19 18:00:17,5,36,36,5.626,6.876,0,Low
2026-07-19 18:06:59,5,36,36,5.626,6.876,0,
2026-07-19 18:10:13,5,36,36,5.626,6.876,0,
2026-07-19 18:20:13,5,36,36,5.626,6.876,0,
2026-07-19 18:31:53,5,36,36,5.626,6.876,0,
2026-07-19 18:40:15,5,36,36,5.626,6.876,0,
2026-07-19 18:50:26,4,32,32,5.626,6.876,0,
2026-07-19 18:54:08,4,32,32,5.626,6.876,0,
2026-07-19 19:00:20,4,32,32,5.626,6.876,0,
2026-07-19 19:10:14,5,36,36,5.626,6.876,0,
2026-07-19 19:20:14,5,36,36,5.626,6.876,0,
2026-07-19 19:30:17,5,36,36,5.626,6.876,0,
2026-07-19 19:40:14,5,36,36,5.626,6.876,0,
2026-07-19 19:50:21,5,36,36,5.626,6.876,0,
2026-07-19 20:00:19,5,36,36,5.626,6.876,0,Low
2026-07-19 20:10:16,5,36,36,5.626,6.876,0,Low
2026-07-19 20:20:11,5,36,36,5.626,6.876,0,Low
2026-07-19 20:30:13,5,36,36,5.626,6.876,0,Low
2026-07-19 20:34:06,5,36,36,5.626,6.876,0,Low
2026-07-19 20:41:44,5,36,36,5.626,6.876,0,Low
2026-07-19 20:50:14,5,36,36,5.626,6.876,0,Low
2026-07-19 21:01:53,5,40,40,5.625,6.876,0,Low
2026-07-19 21:10:13,5,36,36,5.001,6.876,0,Low
2026-07-19 21:20:13,5,36,36,5.001,6.876,0,Low
2026-07-19 21:31:53,5,36,36,5.626,6.876,0,Low
2026-07-19 21:40:12,5,36,36,5.626,6.876,0,Low
2026-07-19 21:50:11,5,36,36,5.001,6.876,0,Low
2026-07-19 22:00:15,5,36,36,5.001,6.876,0,Low
2026-07-19 22:10:12,5,36,36,5.001,6.876,0,Low
2026-07-19 22:20:15,5,36,36,5.001,6.876,0,Low
2026-07-19 22:30:15,5,36,36,5.001,6.876,0,Low
2026-07-19 22:40:37,5,36,36,5.001,6.876,0,Low
2026-07-19 22:50:10,5,36,36,5.001,6.876,0,Low
2026-07-19 23:01:53,5,36,36,5.626,6.876,0,Low
2026-07-19 23:10:12,5,36,36,5.001,6.876,0,Low
2026-07-19 23:20:16,5,36,36,5.001,6.876,0,Low
2026-07-19 23:30:19,5,36,36,5.001,6.876,0,Low
2026-07-19 23:40:12,5,36,36,5.001,6.876,0,
2026-07-19 23:42:16,5,36,36,5.626,6.876,0,
2026-07-19 23:50:13,5,36,36,5.626,6.876,0,
2026-07-20 00:00:19,5,36,36,5.001,6.876,0,
2026-07-20 01:10:19,4,28,28,5.626,6.876,0,
2026-07-20 01:30:16,2,12,12,5.626,7.188,0,
2026-07-20 01:40:22,2,12,12,5.626,7.188,0,
2026-07-20 01:50:17,2,12,12,5.626,7.188,0,
2026-07-20 02:00:23,2,12,12,5.626,7.188,0,
2026-07-20 02:08:49,2,12,12,5.626,7.188,0,
2026-07-20 02:10:15,2,12,12,5.626,7.188,0,
2026-07-20 02:20:12,2,12,12,5.626,7.188,0,
2026-07-20 02:30:13,2,12,12,5.626,7.188,0,Low
2026-07-20 02:40:11,2,12,12,5.626,7.188,0,Low
2026-07-20 02:50:16,2,12,12,5.626,7.188,0,Low
2026-07-20 03:00:20,2,12,12,5.626,7.188,0,Low
2026-07-20 03:10:13,2,12,12,5.626,7.188,0,Low
2026-07-20 03:20:15,2,12,12,5.626,7.188,0,Low
2026-07-20 03:30:13,2,12,12,5.626,7.188,0,Low
2026-07-20 03:40:16,2,12,12,5.626,7.188,0,Low
2026-07-20 03:50:13,2,12,12,5.626,7.188,0,Low
2026-07-20 04:00:18,2,12,12,5.626,7.188,0,Low
2026-07-20 04:10:11,2,12,12,5.626,7.188,0,Low
2026-07-20 04:21:38,2,12,12,5.626,7.188,0,Low
2026-07-20 04:33:13,2,12,12,5.626,7.188,0,Low
2026-07-20 04:40:13,2,12,12,5.626,7.188,0,Low
2026-07-20 04:50:12,2,12,12,5.626,7.188,0,
2026-07-20 05:00:20,2,12,12,5.626,7.188,0,
2026-07-20 05:10:12,2,12,12,5.626,7.188,0,
2026-07-20 05:20:11,2,12,12,5.626,7.188,0,
2026-07-20 05:30:18,2,16,16,5.625,7.188,0,
2026-07-20 05:47:34,2,12,12,5.626,7.188,0,
2026-07-20 05:50:16,2,12,12,5.626,7.188,0,
2026-07-20 06:00:18,2,12,12,5.626,7.188,0,
2026-07-20 06:11:59,2,12,12,5.626,7.188,0,
2026-07-20 06:20:13,2,12,12,5.626,7.188,0,
2026-07-20 06:30:18,2,12,12,5.626,7.188,0,Low
2026-07-20 06:40:16,2,12,12,5.626,7.188,0,Low
2026-07-20 06:50:11,2,12,12,5.626,7.188,0,Low
2026-07-20 07:00:21,2,12,12,5.626,7.188,0,Low
2026-07-20 07:10:12,2,12,12,5.626,7.188,0,Low
2026-07-20 07:20:11,2,12,12,5.626,7.188,0,
2026-07-20 07:30:15,2,12,12,5.626,7.188,0,
2026-07-20 07:40:13,2,12,12,5.626,7.188,0,
2026-07-20 07:50:12,2,12,12,5.626,7.188,0,
2026-07-20 08:00:21,2,12,12,5.626,7.188,0,
2026-07-20 08:10:14,2,12,12,5.626,7.188,0,
2026-07-20 08:20:12,2,12,12,5.626,7.188,0,
2026-07-20 08:30:19,2,12,12,5.626,7.188,0,
2026-07-20 08:40:14,2,12,12,5.626,7.188,0,
2026-07-20 08:50:15,2,12,12,5.626,7.188,0,
2026-07-20 09:00:19,2,12,12,5.626,7.188,0,
2026-07-20 09:10:12,2,12,12,5.626,7.188,0,Low
2026-07-20 09:20:16,2,12,12,5.626,7.188,0,Low
2026-07-20 09:30:14,2,12,12,5.626,7.188,0,
2026-07-20 09:40:19,2,12,12,5.626,7.188,0,
2026-07-20 09:50:14,2,12,12,5.626,7.188,0,
2026-07-20 10:00:22,2,12,12,5.626,7.188,0,
2026-07-20 10:10:14,2,12,12,5.626,7.188,0,
2026-07-20 10:20:13,2,12,12,5.626,7.188,0,
2026-07-20 10:30:18,2,12,12,5.626,7.188,0,
2026-07-20 10:40:11,2,12,12,5.626,7.188,0,
2026-07-20 10:50:14,2,12,12,5.626,7.188,0,Low
2026-07-20 11:00:21,2,12,12,5.626,7.188,0,Low
2026-07-20 11:10:12,2,12,12,5.626,7.188,0,Low
2026-07-20 11:20:14,2,12,12,5.626,7.188,0,Low
2026-07-20 11:30:16,2,12,12,5.626,7.188,0,Low
2026-07-20 11:40:13,2,12,12,5.626,7.188,0,Low
2026-07-20 11:50:13,2,12,12,5.626,7.188,0,Low
2026-07-20 12:00:20,2,12,12,5.626,7.188,0,Low
2026-07-20 12:10:15,2,12,12,5.626,7.188,0,Low
2026-07-20 12:20:17,2,12,12,5.626,7.188,0,Low
2026-07-20 12:30:17,2,12,12,5.626,7.188,0,Low
2026-07-20 12:40:14,2,12,12,5.626,7.188,0,Low
2026-07-20 12:50:13,2,12,12,5.626,7.188,0,Low
2026-07-20 13:00:26,2,12,12,5.626,7.188,0,Low
2026-07-20 13:10:13,2,12,12,5.626,7.188,0,Low
2026-07-20 13:20:16,2,12,12,5.626,7.188,0,Low
2026-07-20 13:30:16,2,12,12,5.626,7.188,0,Low
2026-07-20 13:40:15,2,12,12,5.626,7.188,0,Low
2026-07-20 13:50:17,2,12,12,5.626,7.188,0,Low
2026-07-20 14:00:22,2,12,12,5.626,7.188,0,Low
2026-07-20 14:10:18,2,12,12,5.626,7.188,0,Low
2026-07-20 14:20:15,2,12,12,5.626,7.188,0,Low
2026-07-20 14:30:19,2,12,12,5.626,7.188,0,Low
2026-07-20 14:40:12,2,12,12,5.626,7.188,0,
2026-07-20 14:50:15,2,12,12,5.626,7.188,0,
2026-07-20 15:00:25,2,12,12,5.626,7.188,0,
2026-07-20 15:10:14,2,12,12,5.626,7.188,0,
2026-07-20 15:20:18,2,12,12,5.626,7.188,0,
2026-07-20 15:30:16,2,12,12,5.626,7.188,0,
2026-07-20 15:40:18,2,12,12,5.626,7.188,0,
2026-07-20 15:50:16,2,12,12,5.626,7.188,0,
2026-07-20 16:00:22,2,12,12,5.626,7.188,0,
2026-07-20 16:10:16,2,12,12,5.626,7.188,0,
2026-07-20 16:16:14,2,12,12,5.626,7.188,0,
2026-07-20 16:20:14,2,12,12,5.626,7.188,0,
2026-07-20 16:30:16,2,12,12,5.626,7.188,0,
2026-07-20 16:40:12,2,12,12,5.626,7.188,0,
2026-07-20 16:50:12,2,12,12,5.626,7.188,0,
2026-07-20 17:00:25,2,12,12,5.626,7.188,0,
2026-07-20 17:10:16,2,12,12,5.626,7.188,0,
2026-07-20 17:20:12,2,12,12,5.626,7.188,0,
2026-07-20 17:30:14,2,12,12,5.626,7.188,0,Low
2026-07-20 17:40:15,2,12,12,5.626,7.188,0,
2026-07-20 17:50:14,2,12,12,5.626,7.188,0,
2026-07-20 18:00:30,2,12,12,5.626,7.188,0,
2026-07-20 18:10:13,2,12,12,5.626,7.188,0,
2026-07-20 18:20:14,1,8,8,8.751,8.751,0,
2026-07-20 18:30:14,1,8,8,8.751,8.751,0,Low
2026-07-20 18:40:14,1,8,8,8.438,8.438,0,Low
2026-07-20 18:50:15,1,8,8,8.751,8.751,0,
2026-07-20 19:00:21,1,8,8,8.751,8.751,0,
2026-07-20 19:10:15,1,8,8,8.751,8.751,0,
2026-07-20 19:20:12,1,8,8,8.751,8.751,0,
2026-07-20 19:30:15,1,8,8,8.751,8.751,0,
2026-07-20 19:40:15,1,8,8,8.438,8.438,0,Low
2026-07-20 19:50:17,1,8,8,8.751,8.751,0,Low
2026-07-20 20:00:26,1,8,8,8.751,8.751,0,Low
2026-07-20 20:10:17,2,12,12,5.626,7.032,0,Low
2026-07-20 20:20:14,2,12,12,5.626,7.188,0,Low
2026-07-20 20:30:21,2,12,12,5.626,7.188,0,Low
2026-07-20 20:40:13,2,12,12,5.626,7.188,0,
2026-07-20 20:50:13,2,12,12,5.626,7.188,0,
2026-07-20 20:51:16,3,20,12,5.626,8.751,0,
2026-07-20 21:00:23,3,20,12,5.626,8.751,0,
2026-07-20 21:10:14,3,20,12,5.626,8.751,0,
2026-07-20 21:20:12,2,12,12,5.626,7.188,0,
2026-07-20 21:30:17,2,12,12,5.626,7.188,0,
2026-07-20 21:40:11,2,12,12,5.626,7.188,0,Low
2026-07-20 21:50:14,2,12,12,5.626,7.188,0,Low
2026-07-20 22:00:19,2,12,12,5.626,7.188,0,Low
2026-07-20 22:10:16,2,12,12,5.626,7.188,0,Low
2026-07-20 22:20:14,2,12,12,5.626,7.188,0,Low
2026-07-20 22:30:17,2,12,12,5.626,7.188,0,
2026-07-20 22:40:11,2,12,12,5.626,7.188,0,
2026-07-20 22:50:13,2,12,12,5.626,7.188,0,
2026-07-20 23:00:17,2,12,12,5.626,7.188,0,Low
2026-07-20 23:10:15,2,12,12,5.626,7.188,0,Low
2026-07-20 23:20:16,3,20,20,5.626,8.751,0,Low
2026-07-20 23:30:20,3,20,20,5.626,8.751,0,Low
2026-07-20 23:40:11,3,20,20,5.626,8.751,0,Low
2026-07-20 23:50:22,3,20,20,5.626,8.751,0,Low
2026-07-21 00:00:19,3,20,20,5.626,8.751,0,Low
2026-07-21 00:10:16,3,20,20,5.626,8.751,0,Low
2026-07-21 00:15:33,3,20,20,5.626,8.751,0,Low
2026-07-21 00:20:11,3,20,20,5.626,8.751,0,Low
2026-07-21 00:30:16,3,20,20,5.626,8.751,0,Low
2026-07-21 00:40:21,4,22,22,5.626,8.751,0,Low
2026-07-21 00:50:15,3,20,20,5.626,8.751,0,Low
2026-07-21 01:00:19,3,20,20,5.626,8.751,0,Low
2026-07-21 01:10:11,4,22,22,5.626,8.751,0,Low
2026-07-21 01:20:15,3,18,18,8.751,8.751,0,Low
2026-07-21 01:30:17,2,16,16,8.751,9.063,0,Low
2026-07-21 01:40:19,2,16,16,8.751,9.063,0,Low
2026-07-21 01:50:11,2,16,16,8.751,9.063,0,Low
2026-07-21 02:00:22,2,16,16,8.751,9.063,0,Low
2026-07-21 02:10:17,2,16,16,8.751,9.063,0,Low
2026-07-21 02:20:15,2,12,12,5.626,7.188,0,Low
2026-07-21 02:30:20,2,12,12,5.626,7.188,0,Low
2026-07-21 02:40:13,2,12,12,5.626,7.188,0,Low
2026-07-21 02:50:14,2,12,12,5.626,7.188,0,Low
2026-07-21 03:00:23,2,12,12,5.626,7.188,0,Low
2026-07-21 03:10:15,2,12,12,5.626,7.188,0,Low
2026-07-21 03:20:13,2,12,12,5.626,7.188,0,Low
2026-07-21 03:30:16,2,12,12,5.626,7.188,0,Low
2026-07-21 03:40:11,2,12,12,5.626,7.188,0,Low
2026-07-21 03:50:11,2,12,12,5.626,7.188,0,Low
2026-07-21 04:00:21,2,12,12,5.626,7.188,0,Low
2026-07-21 04:10:12,2,12,12,5.626,7.188,0,
2026-07-21 04:20:18,2,12,12,5.626,7.188,0,
2026-07-21 04:30:13,2,12,12,5.626,7.188,0,
2026-07-21 04:40:13,3,20,20,5.626,8.438,0,
2026-07-21 04:50:12,2,12,12,5.626,7.188,0,
2026-07-21 05:00:20,2,12,12,5.626,7.188,0,
2026-07-21 05:10:12,2,12,12,5.626,7.188,0,
2026-07-21 05:20:13,2,12,12,5.626,7.188,0,
2026-07-21 05:30:13,2,12,12,5.626,7.188,0,
2026-07-21 05:40:13,2,12,12,5.626,7.188,0,
2026-07-21 05:50:11,2,12,12,5.626,7.188,0,
2026-07-21 06:00:20,2,12,12,5.626,7.188,0,
2026-07-21 06:10:12,3,20,20,5.626,8.751,0,
2026-07-21 06:20:16,3,20,20,5.626,8.501,0,
2026-07-21 06:30:20,3,20,20,5.626,8.501,0,
2026-07-21 06:40:13,3,20,20,5.626,8.501,0,
2026-07-21 06:50:16,3,20,20,5.626,8.501,0,
2026-07-21 07:00:22,3,20,20,5.626,8.438,0,
2026-07-21 07:10:14,3,20,20,5.626,8.501,0,
2026-07-21 07:20:13,3,20,20,5.626,8.501,0,
2026-07-21 07:30:17,3,20,20,5.626,8.501,0,
2026-07-21 07:40:17,3,20,20,5.626,8.501,0,
2026-07-21 07:50:14,3,20,20,5.626,8.438,0,
2026-07-21 08:00:21,3,20,20,5.626,8.438,0,
2026-07-21 08:10:12,3,20,20,5.626,8.438,0,
2026-07-21 08:20:12,3,20,20,5.626,8.501,0,Low
2026-07-21 08:30:14,3,20,20,5.626,8.501,0,Low
2026-07-21 08:40:13,3,20,20,5.626,8.501,0,Low
2026-07-21 08:50:15,3,20,20,5.626,8.438,0,Low
2026-07-21 09:00:24,3,20,20,5.626,8.501,0,
2026-07-21 09:10:13,3,20,20,5.626,8.501,0,Low
2026-07-21 09:20:15,3,16,16,5.626,8.438,0,Low
2026-07-21 09:30:17,3,16,16,5.626,8.502,0,Low
2026-07-21 09:40:12,2,12,12,5.626,7.188,0,Low
2026-07-21 09:50:16,2,12,12,5.626,7.188,0,Low
2026-07-21 10:00:26,2,12,12,5.626,7.188,0,
2026-07-21 10:10:13,3,16,16,5.626,8.502,0,Low
2026-07-21 10:20:12,2,12,12,5.626,7.188,0,Low
2026-07-21 10:30:16,3,16,16,5.626,8.502,0,Low
2026-07-21 10:40:13,2,12,12,8.502,8.627,0,
2026-07-21 10:50:12,1,8,8,8.751,8.751,0,Low
2026-07-21 11:00:21,1,8,8,8.751,8.751,0,
2026-07-21 11:10:11,1,8,8,8.751,8.751,0,Low
2026-07-21 11:20:13,1,8,8,8.751,8.751,0,Low
2026-07-21 11:30:19,1,8,8,8.751,8.751,0,Low
2026-07-21 11:40:13,1,8,8,8.438,8.438,0,Low
2026-07-21 11:50:12,1,8,8,8.751,8.751,0,Low
2026-07-21 12:00:20,2,12,12,8.438,8.47,0,
2026-07-21 12:10:13,2,12,12,8.502,8.627,0,
2026-07-21 12:20:13,2,12,12,8.502,8.627,0,
2026-07-21 12:30:19,2,12,12,8.502,8.627,0,
2026-07-21 12:40:16,2,12,12,8.502,8.627,0,
2026-07-21 12:50:14,1,8,8,8.751,8.751,0,
2026-07-21 13:00:27,1,8,8,8.751,8.751,0,
2026-07-21 13:10:18,1,8,8,8.438,8.438,0,
2026-07-21 13:20:21,1,8,8,8.751,8.751,0,
2026-07-21 13:30:17,1,8,8,8.751,8.751,0,
2026-07-21 13:40:16,1,8,8,8.751,8.751,0,
2026-07-21 13:50:14,1,8,8,8.751,8.751,0,
2026-07-21 14:00:22,1,8,8,8.438,8.438,0,
2026-07-21 14:10:17,1,8,8,8.751,8.751,0,
2026-07-21 14:20:16,1,8,8,8.438,8.438,0,
2026-07-21 14:30:20,1,8,8,8.751,8.751,0,
2026-07-21 14:40:13,2,12,12,8.502,8.627,0,Low
2026-07-21 14:50:18,2,12,12,8.315,8.533,0,Low
2026-07-21 15:00:27,2,12,12,8.315,8.533,0,Low
2026-07-21 15:10:13,2,12,12,8.315,8.377,0,Low
2026-07-21 15:20:13,2,12,12,8.315,8.533,0,Low
2026-07-21 15:30:18,2,12,12,8.315,8.533,0,Low
2026-07-21 15:40:13,2,12,12,8.315,8.533,0,
2026-07-21 15:50:13,2,12,12,8.315,8.377,0,
2026-07-21 15:55:42,2,12,12,8.315,8.533,0,Low
2026-07-21 16:00:21,2,12,12,8.315,8.533,0,Low
2026-07-21 16:10:18,2,12,12,8.315,8.533,0,Low
2026-07-21 16:20:13,3,16,16,5.626,8.315,0,Low
2026-07-21 16:30:19,3,16,16,5.626,8.315,0,
2026-07-21 16:40:15,3,16,16,5.626,8.315,0,
2026-07-21 16:50:11,3,16,16,5.626,8.315,0,
2026-07-21 17:00:22,3,16,16,5.626,8.315,0,
2026-07-21 17:10:14,3,16,16,5.626,8.315,0,
2026-07-21 17:20:16,2,12,12,8.315,8.377,0,
2026-07-21 17:30:20,2,12,12,8.315,8.533,0,Low
2026-07-21 17:40:15,2,12,12,8.315,8.533,0,
2026-07-21 17:50:13,2,12,12,8.315,8.533,0,
2026-07-21 18:00:21,2,12,12,8.315,8.377,0,
2026-07-21 18:10:13,2,12,12,8.315,8.533,0,
2026-07-21 18:20:13,2,12,12,8.315,8.377,0,
2026-07-21 18:30:20,2,12,12,8.315,8.377,0,
2026-07-21 18:40:14,2,12,12,8.315,8.533,0,
2026-07-21 18:50:16,2,12,12,8.315,8.533,0,
2026-07-21 19:00:23,3,16,16,5.626,8.315,0,
2026-07-21 19:10:15,3,16,16,5.626,8.315,0,
2026-07-21 19:20:16,3,16,16,5.626,8.315,0,
2026-07-21 19:30:19,3,16,16,5.626,8.315,0,
2026-07-21 19:40:15,3,16,16,5.626,8.315,0,
2026-07-21 19:50:16,3,16,16,5.626,8.315,0,
2026-07-21 20:00:24,3,16,16,5.626,8.315,0,
2026-07-21 20:10:15,2,12,12,5.626,7.188,0,
2026-07-21 20:20:16,2,12,12,5.626,7.032,0,
2026-07-21 20:30:23,2,12,12,5.626,7.188,0,Low
2026-07-21 20:39:31,2,12,12,5.626,7.188,0,Low
2026-07-21 20:40:14,2,12,12,5.626,7.188,0,Low
2026-07-21 20:50:13,2,12,12,5.626,7.188,0,
2026-07-21 21:00:29,2,12,12,5.626,7.188,0,
2026-07-21 21:10:15,2,12,12,5.626,7.188,0,
2026-07-21 21:20:14,3,16,16,5.626,8.315,0,
2026-07-21 21:30:17,3,16,16,5.626,8.315,0,Low
2026-07-21 21:40:14,3,16,16,5.626,8.315,0,
2026-07-21 21:50:15,3,16,16,5.626,8.315,0,Low
2026-07-21 22:00:19,3,16,16,5.626,8.315,0,
2026-07-21 22:10:11,3,16,16,5.626,8.315,0,
2026-07-21 22:20:12,3,16,16,5.626,8.315,0,
2026-07-21 22:30:20,3,16,16,5.626,8.315,0,
2026-07-21 22:40:14,3,16,16,5.626,8.315,0,
2026-07-21 22:50:12,3,16,16,5.626,8.315,0,
2026-07-21 23:00:23,3,16,16,5.626,8.315,0,
2026-07-21 23:10:11,3,16,16,5.626,8.315,0,
2026-07-21 23:20:13,3,16,16,5.626,8.315,0,
2026-07-21 23:30:16,3,16,16,5.626,8.315,0,
2026-07-21 23:40:15,3,16,16,5.626,8.315,0,
2026-07-21 23:43:58,3,16,16,5.626,8.315,0,
2026-07-21 23:50:12,3,16,16,5.626,8.315,0,
2026-07-22 00:00:19,3,16,16,5.626,8.315,0,
2026-07-22 00:10:12,3,16,16,5.626,8.315,0,
2026-07-22 00:20:14,3,16,16,5.626,8.315,0,
2026-07-22 00:30:18,3,16,16,5.626,8.315,0,
2026-07-22 00:40:20,3,16,16,5.626,8.315,0,
2026-07-22 00:50:11,3,16,16,5.626,8.315,0,
2026-07-22 01:00:20,3,16,16,5.626,8.315,0,
2026-07-22 01:10:13,3,16,16,5.626,8.315,0,
2026-07-22 01:20:19,3,16,16,5.626,8.315,0,
2026-07-22 01:30:14,3,16,16,5.626,8.315,0,
2026-07-22 01:40:17,3,16,16,5.626,8.315,0,
2026-07-22 01:50:14,3,16,16,5.626,8.315,0,
2026-07-22 02:00:19,3,16,16,5.626,8.315,0,
2026-07-22 02:10:12,3,20,20,5.625,8.315,0,
2026-07-22 02:20:11,3,20,20,5.625,8.315,0,
2026-07-22 02:30:14,3,20,20,5.625,8.315,0,
2026-07-22 02:40:11,3,20,20,5.625,8.315,0,
2026-07-22 02:50:13,3,20,20,5.625,8.315,0,
2026-07-22 03:00:19,3,20,20,5.625,8.315,0,Low
2026-07-22 03:10:13,3,20,20,5.625,8.315,0,
2026-07-22 03:20:15,3,20,20,5.625,8.315,0,
2026-07-22 03:30:15,3,20,20,5.625,8.315,0,
2026-07-22 03:40:13,3,20,20,5.625,8.315,0,Low
2026-07-22 03:50:12,3,20,20,5.625,8.315,0,
2026-07-22 04:00:20,3,20,20,5.625,8.315,0,Low
2026-07-22 04:10:17,3,20,20,5.625,8.315,0,Low
2026-07-22 04:20:13,3,20,20,5.625,8.315,0,Low
2026-07-22 04:30:19,3,20,20,5.625,8.315,0,Low
2026-07-22 04:40:11,3,20,20,5.625,8.315,0,Low
2026-07-22 04:50:14,3,20,20,5.625,8.315,0,Low
2026-07-22 05:00:20,3,20,20,5.625,8.315,0,
2026-07-22 05:10:13,3,20,20,5.625,8.315,0,
2026-07-22 05:20:15,3,20,20,5.625,8.315,0,
2026-07-22 05:30:16,3,20,20,5.625,8.315,0,
2026-07-22 05:40:14,3,20,20,5.625,8.315,0,
2026-07-22 05:50:16,3,20,20,5.625,8.315,0,
2026-07-22 06:00:27,3,20,20,5.625,8.315,0,
2026-07-22 06:10:13,3,20,20,5.625,8.315,0,Low
2026-07-22 06:20:14,2,12,12,8.315,8.533,0,Low
2026-07-22 06:30:17,2,12,12,8.315,8.533,0,Low
2026-07-22 06:40:13,2,12,12,8.315,8.533,0,Low
2026-07-22 06:50:13,2,12,12,8.315,8.533,0,Low
2026-07-22 07:00:24,2,12,12,8.315,8.377,0,Low
2026-07-22 07:10:12,2,12,12,8.315,8.533,0,Low
2026-07-22 07:20:16,2,12,12,8.315,8.377,0,Low
2026-07-22 07:30:16,2,12,12,8.315,8.533,0,Low
2026-07-22 07:40:15,2,12,12,8.315,8.533,0,Low
2026-07-22 07:50:14,2,12,12,8.315,8.533,0,Low
2026-07-22 08:00:23,2,12,12,8.315,8.533,0,
2026-07-22 08:01:04,2,12,12,8.315,8.533,0,
2026-07-22 08:10:12,2,12,12,8.315,8.533,0,
2026-07-22 08:20:12,2,12,12,8.315,8.533,0,
2026-07-22 08:30:17,2,12,12,8.315,8.533,0,
2026-07-22 08:40:12,2,12,12,8.315,8.533,0,
2026-07-22 08:50:13,2,12,12,8.315,8.533,0,Low
2026-07-22 09:00:26,2,12,12,8.315,8.533,0,Low
2026-07-22 09:10:16,2,12,12,8.315,8.533,0,Low
2026-07-22 09:20:15,2,12,12,8.315,8.533,0,Low
2026-07-22 09:30:20,2,12,12,8.315,8.533,0,Low
2026-07-22 09:40:13,2,12,12,8.315,8.533,0,
2026-07-22 09:50:14,2,12,12,8.315,8.533,0,
2026-07-22 10:00:28,2,12,12,8.315,8.533,0,
2026-07-22 10:10:11,2,12,12,8.315,8.533,0,
2026-07-22 10:20:14,2,12,12,8.315,8.533,0,
2026-07-22 10:30:17,2,12,12,8.315,8.533,0,
2026-07-22 10:40:15,2,12,12,8.315,8.533,0,
2026-07-22 10:50:13,2,12,12,8.315,8.533,0,
2026-07-22 11:00:24,2,12,12,8.315,8.533,0,
2026-07-22 11:10:16,2,12,12,8.315,8.533,0,
2026-07-22 11:20:12,2,12,12,8.315,8.533,0,
2026-07-22 11:30:14,2,12,12,8.315,8.533,0,
2026-07-22 11:40:14,2,12,12,8.315,8.533,0,
2026-07-22 11:50:15,2,12,12,8.315,8.533,0,
2026-07-22 12:00:21,2,12,12,8.315,8.533,0,
2026-07-22 12:10:15,2,16,16,6.875,7.813,0,
2026-07-22 12:20:13,3,20,20,6.875,8.315,0,
2026-07-22 12:30:23,3,20,20,6.875,8.315,0,
2026-07-22 12:40:16,3,20,20,6.875,8.315,0,
2026-07-22 12:50:25,3,20,20,6.875,8.315,0,
2026-07-22 13:00:22,3,20,20,6.875,8.315,0,
2026-07-22 13:10:15,3,20,20,6.875,8.315,0,
2026-07-22 13:12:05,3,20,20,6.875,8.315,0,
2026-07-22 13:20:15,3,20,20,6.875,8.315,0,
2026-07-22 13:30:19,3,20,20,6.875,8.315,0,
2026-07-22 13:40:14,3,20,20,6.875,8.315,0,
2026-07-22 13:50:16,3,20,20,6.875,8.315,0,
2026-07-22 14:00:28,3,20,20,6.875,8.315,0,
2026-07-22 14:10:18,3,20,20,6.875,8.315,0,
2026-07-22 14:20:13,3,20,20,6.875,8.315,0,
2026-07-22 14:30:20,3,20,20,6.875,8.315,0,
2026-07-22 14:40:18,3,20,20,6.875,8.315,0,
2026-07-22 14:50:16,3,20,20,6.875,8.315,0,
2026-07-22 15:00:26,3,20,20,6.875,8.315,0,
2026-07-22 15:10:28,3,20,20,6.875,8.315,0,
2026-07-22 15:20:14,3,20,20,6.875,8.315,0,
2026-07-22 15:30:22,3,20,20,6.875,8.315,0,
2026-07-22 15:40:16,3,20,20,6.875,8.315,0,
2026-07-22 15:50:19,3,20,20,6.875,8.315,0,
2026-07-22 16:00:21,3,20,20,6.875,8.315,0,
2026-07-22 16:10:16,3,20,20,6.875,8.315,0,
2026-07-22 16:20:13,3,20,20,6.875,8.315,0,
2026-07-22 16:30:19,3,20,20,6.875,8.315,0,Low
2026-07-22 16:40:18,3,20,20,6.875,8.315,0,Low
2026-07-22 16:50:16,3,20,20,6.875,8.315,0,Low
2026-07-22 17:00:25,3,20,20,6.875,8.315,0,Low
2026-07-22 17:10:13,3,20,20,6.875,8.315,0,
2026-07-22 17:20:14,3,20,20,6.875,8.315,0,
2026-07-22 17:30:18,3,20,20,6.875,8.315,0,
2026-07-22 17:40:12,3,20,20,6.875,8.315,0,
2026-07-22 17:50:17,3,20,20,6.875,8.315,0,Low
2026-07-22 17:51:57,3,20,20,6.875,8.315,0,Low
2026-07-22 18:00:21,3,20,20,6.875,8.315,0,
2026-07-22 18:10:16,3,20,20,6.875,8.315,0,
2026-07-22 18:20:16,3,20,20,6.875,8.315,0,
2026-07-22 18:30:18,3,20,20,6.875,8.315,0,
2026-07-22 18:40:14,3,20,20,6.875,8.315,0,
2026-07-22 18:50:17,3,20,20,6.875,8.315,0,
2026-07-22 19:00:24,3,20,20,6.875,8.315,0,
2026-07-22 19:10:13,3,20,20,6.875,8.315,0,
2026-07-22 19:20:15,3,20,20,6.875,8.315,0,
2026-07-22 19:30:19,3,20,20,6.875,8.315,0,Low
2026-07-22 19:40:14,3,20,20,6.875,8.315,0,Low
2026-07-22 19:50:14,3,20,20,6.875,8.315,0,Low
2026-07-22 20:00:23,3,20,20,6.875,8.315,0,Low
2026-07-22 20:10:12,3,20,20,6.875,8.315,0,Low
2026-07-22 20:20:14,3,20,20,6.875,8.315,0,Low
2026-07-22 20:30:18,3,20,20,6.875,8.315,0,Low
2026-07-22 20:40:18,3,20,20,6.875,8.315,0,Low
2026-07-22 20:50:14,3,20,20,6.875,8.315,0,Low
2026-07-22 21:00:25,3,20,20,6.875,8.315,0,Low
2026-07-22 21:10:16,3,20,20,6.875,8.315,0,Low
2026-07-22 21:20:14,3,20,20,6.875,8.315,0,Low
2026-07-22 21:30:17,3,20,20,6.875,8.315,0,Low
2026-07-22 21:40:17,3,20,20,6.875,8.315,0,
2026-07-22 21:54:28,3,20,20,6.875,8.315,0,
2026-07-22 22:00:34,3,20,20,6.875,8.315,0,Low
2026-07-22 22:10:13,3,20,20,6.875,8.315,0,
2026-07-22 22:20:12,2,16,16,6.875,7.813,0,Low
2026-07-22 22:30:18,2,16,16,6.875,7.813,0,Low
2026-07-22 22:40:13,2,16,16,6.875,7.813,0,Low
2026-07-22 22:50:14,2,16,16,6.875,7.813,0,Low
2026-07-22 23:00:22,2,16,16,6.875,7.813,0,Low
2026-07-22 23:10:14,2,16,16,6.875,7.813,0,Low
2026-07-22 23:20:14,2,16,16,6.875,7.813,0,Low
2026-07-22 23:30:17,2,16,16,6.875,7.813,0,Low
2026-07-22 23:40:13,2,16,16,6.875,7.813,0,Low
2026-07-22 23:50:12,2,16,16,6.875,7.813,0,Low
2026-07-23 00:00:19,3,24,16,6.875,8.751,0,Low
2026-07-23 00:10:12,3,18,16,6.875,8.751,0,Low
2026-07-23 00:20:13,2,16,16,6.875,7.813,0,Low
2026-07-23 00:30:14,3,20,16,6.875,8.751,0,Low
2026-07-23 00:40:11,3,24,24,6.875,7.813,0,Low
2026-07-23 00:50:11,2,16,16,6.875,7.813,0,Low
2026-07-23 01:00:24,3,24,24,6.875,7.813,0,Low
2026-07-23 01:10:15,3,24,24,6.875,7.813,0,Low
2026-07-23 01:20:12,3,24,24,6.875,7.813,0,Low
2026-07-23 01:30:17,3,24,24,6.875,7.813,0,Low
2026-07-23 01:40:17,3,24,24,6.875,7.813,0,Low
2026-07-23 01:50:14,3,24,24,6.875,7.813,0,Low
2026-07-23 02:00:22,3,24,24,6.875,7.813,0,Low
2026-07-23 02:10:13,3,24,24,6.875,7.813,0,Low
2026-07-23 02:20:14,3,20,20,6.875,7.813,0,Low
2026-07-23 02:30:16,3,20,20,6.875,7.813,0,Low
2026-07-23 02:40:14,3,20,20,6.875,7.813,0,Low
2026-07-23 02:50:13,3,20,20,6.875,7.813,0,Low
2026-07-23 03:00:25,3,20,20,6.875,7.813,0,Low
2026-07-23 03:10:13,3,20,20,6.875,7.813,0,Low
2026-07-23 03:20:19,3,20,20,6.875,7.813,0,Low
2026-07-23 03:30:13,3,20,20,6.875,7.813,0,Low
2026-07-23 03:40:14,3,20,20,6.875,7.813,0,Low
2026-07-23 03:50:11,3,20,20,6.875,7.813,0,Low
2026-07-23 04:00:19,3,20,20,6.875,7.813,0,Low
2026-07-23 04:10:12,3,20,20,6.875,7.813,0,Low
2026-07-23 04:20:15,3,20,20,6.875,7.813,0,Low
2026-07-23 04:30:14,3,20,20,6.875,7.813,0,Low
2026-07-23 04:40:14,3,20,20,6.875,7.813,0,Low
2026-07-23 04:50:12,3,20,20,6.875,7.813,0,Low
2026-07-23 05:00:22,3,20,20,6.875,7.813,0,Low
2026-07-23 05:10:11,3,20,20,6.875,7.813,0,Low
2026-07-23 05:20:13,4,24,24,6.875,8.064,0,Low
2026-07-23 05:30:15,4,24,24,6.875,8.064,0,Low
2026-07-23 05:40:14,4,24,24,6.875,8.064,0,Low
2026-07-23 05:50:11,4,24,24,6.875,8.064,0,Low
2026-07-23 06:00:22,4,24,24,6.875,8.064,0,Low
2026-07-23 06:10:12,4,24,24,6.875,8.064,0,Low
2026-07-23 06:20:14,4,24,24,6.875,8.064,0,Low
2026-07-23 06:30:18,4,24,24,6.875,8.064,0,Low
2026-07-23 06:40:13,4,24,24,6.875,8.064,0,Low
2026-07-23 06:46:04,4,24,24,6.875,8.064,0,Low
2026-07-23 06:50:15,4,24,24,6.875,8.064,0,Low
2026-07-23 07:00:22,4,24,24,6.875,8.064,0,Low
2026-07-23 07:10:16,4,24,24,6.875,8.064,0,Low
2026-07-23 07:20:14,4,24,24,6.875,8.064,0,Low
2026-07-23 07:30:16,4,24,24,6.875,8.064,0,Low
2026-07-23 07:40:14,4,24,24,6.875,8.064,0,Low
2026-07-23 07:50:13,4,24,24,6.875,8.064,0,Low
2026-07-23 08:00:24,4,24,24,6.875,8.064,0,Low
2026-07-23 08:10:11,4,24,24,6.875,8.064,0,Low
2026-07-23 08:20:12,3,20,20,6.875,7.813,0,Low
2026-07-23 08:30:17,3,20,20,6.875,7.813,0,Low
2026-07-23 08:40:14,3,20,20,6.875,7.813,0,Low
2026-07-23 08:50:38,3,18,18,6.25,7.814,0,Low
2026-07-23 09:00:23,3,18,18,6.25,7.814,0,Low
2026-07-23 09:10:14,3,18,18,6.25,7.814,0,Low
2026-07-23 09:20:13,3,18,18,6.25,7.814,0,Low
2026-07-23 09:30:22,3,18,18,6.25,7.814,0,Low
2026-07-23 09:40:16,3,18,18,6.25,7.814,0,Low
2026-07-23 09:50:12,3,18,18,6.25,7.814,0,Low
2026-07-23 10:00:25,3,18,18,6.25,7.814,0,Low
2026-07-23 10:10:12,3,18,18,6.25,7.814,0,Low
2026-07-23 10:20:15,3,18,18,6.25,7.814,0,Low
2026-07-23 10:30:18,3,18,18,6.25,7.814,0,Low
2026-07-23 10:40:14,3,18,18,6.25,7.814,0,Low
2026-07-23 10:50:16,3,18,18,6.25,7.814,0,Low
2026-07-23 11:00:24,3,18,18,6.25,7.814,0,Low
2026-07-23 11:10:13,3,18,18,6.25,7.814,0,Low
2026-07-23 11:20:13,3,18,18,6.25,7.814,0,Low
2026-07-23 11:30:16,3,18,18,6.25,7.814,0,Low
2026-07-23 11:40:11,3,18,18,6.25,7.814,0,Low
2026-07-23 11:50:12,3,18,18,6.25,7.814,0,Low
2026-07-23 12:00:27,3,18,18,6.25,7.814,0,Low
2026-07-23 12:10:14,3,18,18,6.25,7.814,0,Low
2026-07-23 12:14:31,3,18,18,6.25,7.814,0,Low
2026-07-23 12:20:14,3,18,18,6.25,7.814,0,Low
2026-07-23 12:30:19,3,18,18,6.25,7.814,0,Low
2026-07-23 12:40:13,3,18,18,6.25,7.814,0,Low
2026-07-23 12:50:17,3,18,18,6.25,7.814,0,Low
2026-07-23 13:00:24,3,18,18,6.25,7.814,0,Low
2026-07-23 13:10:12,3,18,18,6.25,7.814,0,Low
2026-07-23 13:20:19,3,18,18,6.25,7.814,0,Low
2026-07-23 13:30:21,3,18,18,6.25,7.814,0,Low
2026-07-23 13:40:15,3,18,18,6.25,7.814,0,Low
2026-07-23 13:50:15,3,18,18,6.25,7.814,0,Low
2026-07-23 14:00:26,3,18,18,6.25,7.814,0,Low
2026-07-23 14:10:15,3,18,18,6.25,7.814,0,Low
2026-07-23 14:20:13,3,18,18,6.25,7.814,0,Low
2026-07-23 14:30:20,3,18,18,6.25,7.814,0,Low
2026-07-23 14:40:15,3,18,18,6.25,7.814,0,Low
2026-07-23 14:50:16,3,18,18,6.25,7.814,0,
2026-07-23 15:00:30,3,18,18,6.25,7.814,0,Low
2026-07-23 15:10:16,3,18,18,6.25,7.814,0,Low
2026-07-23 15:20:14,3,18,18,6.25,7.814,0,Low
2026-07-23 15:30:20,3,18,18,6.25,7.814,0,
2026-07-23 15:40:17,3,18,18,6.25,7.814,0,
2026-07-23 15:50:15,3,18,18,6.25,7.814,0,
2026-07-23 16:00:21,3,14,14,6.251,7.814,0,
2026-07-23 16:10:18,3,14,14,6.251,7.814,0,
2026-07-23 16:20:13,3,14,14,6.251,7.814,0,Low
2026-07-23 16:30:15,3,14,14,6.251,7.814,0,
2026-07-23 16:40:13,3,14,14,6.251,7.814,0,Low
2026-07-23 16:50:15,3,14,14,6.251,7.814,0,
2026-07-23 17:00:22,3,14,14,6.251,7.814,0,
2026-07-23 17:05:32,3,14,14,6.251,7.814,0,
2026-07-23 17:10:23,3,14,14,6.251,7.814,0,
2026-07-23 17:20:12,3,14,14,6.251,7.814,0,
2026-07-23 17:30:21,3,14,14,6.251,7.814,0,
2026-07-23 17:40:12,3,14,14,6.251,7.814,0,Low
2026-07-23 17:50:12,3,14,14,6.251,7.814,0,Low
2026-07-23 18:00:24,3,14,14,6.251,7.814,0,
2026-07-23 18:10:13,3,14,14,6.251,7.814,0,Low
2026-07-23 18:20:15,2,12,12,6.251,7.501,0,Low
2026-07-23 18:30:18,3,13,13,6.251,7.815,0,Low
2026-07-23 18:40:14,3,14,14,6.251,7.814,0,
2026-07-23 18:50:14,3,14,14,6.251,7.814,0,Low
2026-07-23 19:00:21,2,12,12,6.251,7.501,0,Low
2026-07-23 19:10:16,2,12,12,6.251,7.501,0,Low
2026-07-23 19:20:14,2,12,12,6.251,7.501,0,
2026-07-23 19:30:20,2,12,12,6.251,7.501,0,Low
2026-07-23 19:40:12,2,12,12,6.251,7.501,0,
2026-07-23 19:50:12,2,12,12,6.251,7.501,0,
2026-07-23 20:00:22,2,12,12,6.251,7.501,0,
2026-07-23 20:10:15,2,12,12,6.251,7.501,0,
2026-07-23 20:20:12,2,12,12,6.251,7.501,0,
2026-07-23 20:30:17,2,12,12,6.251,7.501,0,
2026-07-23 20:40:15,2,12,12,6.251,7.501,0,
2026-07-23 20:42:35,2,12,12,6.251,7.501,0,
2026-07-23 20:50:15,2,12,12,6.251,7.501,0,Low
2026-07-23 21:00:22,2,12,12,6.251,7.501,0,Low
2026-07-23 21:10:14,2,12,12,6.251,7.501,0,Low
2026-07-23 21:20:18,2,12,12,6.251,7.501,0,Low
2026-07-23 21:30:17,2,12,12,6.251,7.501,0,
2026-07-23 21:40:13,2,12,12,6.251,7.501,0,Low
2026-07-23 21:50:14,2,12,12,6.251,7.501,0,Low
2026-07-23 22:00:20,2,12,12,6.251,7.501,0,Low
2026-07-23 22:10:15,2,12,12,6.251,7.501,0,Low
2026-07-23 22:20:20,2,12,12,6.251,7.501,0,Low
2026-07-23 22:30:16,2,12,12,6.251,7.501,0,Low
2026-07-23 22:40:20,2,12,12,6.251,7.501,0,Low
2026-07-23 22:50:12,2,12,12,6.251,7.501,0,Low
2026-07-23 23:00:21,2,12,12,6.251,7.501,0,Low
2026-07-23 23:10:15,2,12,12,6.251,7.501,0,Low
2026-07-23 23:20:14,2,12,12,6.251,7.501,0,Low
2026-07-23 23:30:13,2,12,12,6.251,7.501,0,Low
2026-07-23 23:40:18,2,12,12,6.251,7.501,0,Low
2026-07-23 23:50:12,2,12,12,6.251,7.501,0,Low
2026-07-24 00:00:20,2,12,12,6.251,7.501,0,Low
2026-07-24 00:10:15,2,12,12,6.251,7.501,0,Low
2026-07-24 00:12:09,2,12,12,6.251,7.501,0,Low
2026-07-24 00:20:12,2,12,12,6.251,7.501,0,Low
2026-07-24 00:30:15,2,12,12,6.251,7.501,0,Low
2026-07-24 00:40:11,2,12,12,6.251,7.501,0,Low
2026-07-24 00:50:11,2,12,12,6.251,7.501,0,Low
2026-07-24 01:00:20,2,12,12,6.251,7.501,0,Low
2026-07-24 01:10:12,2,12,12,6.251,7.501,0,Low
2026-07-24 01:20:13,2,12,12,6.251,7.501,0,Low
2026-07-24 01:30:13,2,12,12,6.251,7.501,0,Low
2026-07-24 01:40:13,2,12,12,6.251,7.501,0,Low
2026-07-24 01:50:14,2,12,12,6.251,7.501,0,Low
2026-07-24 02:00:19,2,12,12,6.251,7.501,0,Low
2026-07-24 02:10:12,2,12,12,6.251,7.501,0,Low
2026-07-24 02:20:13,2,12,12,6.251,7.501,0,Low
2026-07-24 02:30:16,2,12,12,6.251,7.501,0,Low
2026-07-24 02:40:14,2,12,12,6.251,7.501,0,Low
2026-07-24 02:50:17,2,12,12,6.251,7.501,0,Low
2026-07-24 03:00:18,2,12,12,6.251,7.501,0,Low
2026-07-24 03:10:13,2,12,12,6.251,7.501,0,Low
2026-07-24 03:20:13,2,12,12,6.251,7.501,0,Low
2026-07-24 03:30:16,2,12,12,6.251,7.501,0,Low
2026-07-24 03:40:14,2,12,12,6.251,7.501,0,Low
2026-07-24 03:50:13,2,12,12,6.251,7.501,0,Low
2026-07-24 04:00:19,2,12,12,6.251,7.501,0,Low
2026-07-24 04:10:13,2,12,12,6.251,7.501,0,Low
2026-07-24 04:20:12,2,12,12,6.251,7.501,0,Low
2026-07-24 04:30:18,2,12,12,6.251,7.501,0,Low
2026-07-24 04:40:14,2,12,12,6.251,7.501,0,Low
2026-07-24 04:50:14,2,12,12,6.251,7.501,0,Low
2026-07-24 05:00:20,2,12,12,6.251,7.501,0,Low
2026-07-24 05:10:14,2,12,12,6.251,7.501,0,Low
2026-07-24 05:20:17,2,12,12,6.251,7.501,0,Low
2026-07-24 05:30:17,2,12,12,6.251,7.501,0,Low
2026-07-24 05:40:11,2,12,12,6.251,7.501,0,Low
2026-07-24 05:50:16,2,12,12,6.251,7.501,0,Low
2026-07-24 06:00:20,2,12,12,6.251,7.501,0,Low
2026-07-24 06:10:13,2,12,12,6.251,7.501,0,Low
2026-07-24 06:20:14,2,12,12,6.251,7.501,0,Low
2026-07-24 06:30:15,2,12,12,6.251,7.501,0,Low
2026-07-24 06:40:13,2,12,12,6.251,7.501,0,Low
2026-07-24 06:50:15,2,12,12,6.251,7.501,0,Low
2026-07-24 07:00:21,2,12,12,6.251,7.501,0,Low
2026-07-24 07:10:15,2,12,12,6.251,7.501,0,Low
2026-07-24 07:20:14,2,12,12,6.251,7.501,0,Low
2026-07-24 07:30:18,2,12,12,6.251,7.501,0,Low
2026-07-24 07:40:13,2,12,12,6.251,7.501,0,Low
2026-07-24 07:50:15,2,12,12,6.251,7.501,0,Low
2026-07-24 08:00:21,2,12,12,6.251,7.501,0,Low
2026-07-24 08:10:13,2,12,12,6.251,7.501,0,Low
2026-07-24 08:20:17,2,12,12,6.251,7.501,0,Low
2026-07-24 08:30:14,2,12,12,6.251,7.501,0,Low
2026-07-24 08:40:14,2,12,12,6.251,7.501,0,Low
2026-07-24 08:50:13,2,12,12,6.251,7.501,0,Low
2026-07-24 09:00:30,2,12,12,6.251,7.501,0,Low
2026-07-24 09:10:25,2,12,12,6.251,7.501,0,Low
2026-07-24 09:13:33,2,12,12,6.251,7.501,0,Low
2026-07-24 09:20:18,2,12,12,6.251,7.501,0,Low
2026-07-24 09:30:14,2,12,12,6.251,7.501,0,Low
2026-07-24 09:40:15,2,12,12,6.251,7.501,0,Low
2026-07-24 09:50:11,2,12,12,6.251,7.501,0,Low
2026-07-24 10:00:24,2,12,12,6.251,7.501,0,Low
2026-07-24 10:10:15,2,12,12,6.251,7.501,0,Low
2026-07-24 10:20:16,2,12,12,6.251,7.501,0,Low
2026-07-24 10:30:21,2,12,12,6.251,7.501,0,Low
2026-07-24 10:40:13,2,12,12,6.251,7.501,0,Low
2026-07-24 10:50:11,2,12,12,6.251,7.501,0,Low
2026-07-24 11:00:32,2,12,12,6.251,7.501,,Low
2026-07-24 11:10:15,2,12,12,6.251,7.501,0,Low
2026-07-24 11:20:12,2,12,12,6.251,7.501,0,Low
2026-07-24 11:30:16,2,12,12,6.251,7.501,0,Low
2026-07-24 11:40:13,2,12,12,6.251,7.501,0,Low
2026-07-24 11:50:13,2,12,12,6.251,7.501,0,Low
2026-07-24 12:00:21,2,12,12,6.251,7.501,0,Low
2026-07-24 12:10:14,2,12,12,6.251,7.501,0,Low
2026-07-24 12:20:14,2,12,12,6.251,7.501,0,Low
2026-07-24 12:30:22,2,12,12,6.251,7.501,0,Low
2026-07-24 12:40:17,2,12,12,6.251,7.501,0,Low
2026-07-24 12:50:14,2,12,12,6.251,7.501,0,Low
2026-07-24 13:00:25,2,12,12,6.251,7.501,0,Low
2026-07-24 13:10:12,2,12,12,6.251,7.501,0,Low
2026-07-24 13:20:12,2,12,12,6.251,7.501,0,Low
2026-07-24 13:30:22,2,12,12,6.251,7.501,0,Low
2026-07-24 13:40:14,2,12,12,6.251,7.501,0,Low
2026-07-24 13:50:11,2,12,12,6.251,7.501,0,Low
2026-07-24 14:00:22,2,12,12,6.251,7.501,0,Low
2026-07-24 14:10:14,2,12,12,6.251,7.501,0,Low
2026-07-24 14:20:17,2,12,12,6.251,7.501,0,Low
2026-07-24 14:30:22,2,12,12,6.251,7.501,0,Low
2026-07-24 14:40:13,2,12,12,6.251,7.501,0,Low
2026-07-24 14:50:12,2,12,12,6.251,7.501,0,Low
2026-07-24 15:00:22,2,12,12,6.251,7.501,0,Low
2026-07-24 15:10:13,2,12,12,6.251,7.501,0,Low
2026-07-24 15:15:22,2,12,12,6.251,7.501,0,Low
2026-07-24 15:20:17,2,12,12,6.251,7.501,0,Low
2026-07-24 15:30:16,2,12,12,6.251,7.501,0,Low
2026-07-24 15:40:15,2,12,12,6.251,7.501,0,
2026-07-24 15:50:14,2,12,12,6.251,7.501,0,Low
2026-07-24 16:00:50,2,12,12,6.251,7.501,0,Low
2026-07-24 16:36:07,2,12,12,6.251,7.501,0,Low
2026-07-24 16:40:14,2,12,12,6.251,7.501,0,Low
2026-07-24 16:50:15,2,12,12,6.251,7.501,0,Low
2026-07-24 17:00:25,2,12,12,6.251,7.501,0,Low
2026-07-24 17:10:14,2,12,12,6.251,7.501,0,Low
2026-07-24 17:20:14,2,12,12,6.251,7.501,0,Low
2026-07-24 17:30:15,1,8,8,8.751,8.751,0,Low
2026-07-24 17:40:14,1,8,8,8.751,8.751,0,Low
2026-07-24 17:50:11,1,8,8,8.751,8.751,0,Low
2026-07-24 18:10:14,1,8,8,8.751,8.751,0,Low
2026-07-24 18:20:11,2,16,16,8.438,8.594,0,Low
2026-07-24 18:30:18,2,16,16,8.438,8.594,0,Low
2026-07-24 18:40:14,2,16,16,8.438,8.594,0,Low
2026-07-24 18:50:14,2,16,16,8.438,8.594,0,Low
2026-07-24 19:00:20,2,16,16,8.438,8.594,0,Low
2026-07-24 19:10:12,2,16,16,8.438,8.594,0,Low
2026-07-24 19:20:12,2,16,16,8.438,8.594,0,Low
2026-07-24 19:30:23,2,16,16,8.438,8.594,0,Low
2026-07-24 19:40:14,2,16,16,8.438,8.594,0,Low
2026-07-24 19:50:12,2,16,16,8.438,8.594,0,Low
2026-07-24 20:00:27,2,16,16,8.438,8.594,0,Low
2026-07-24 20:04:32,2,16,16,8.438,8.594,0,Low
2026-07-24 20:10:17,2,16,16,8.438,8.594,0,Low
2026-07-24 20:20:12,2,16,16,8.438,8.594,0,Low
2026-07-24 20:30:16,2,16,16,8.438,8.594,0,Low
2026-07-24 20:40:14,2,16,16,8.438,8.594,0,Low
2026-07-24 20:50:13,2,16,16,8.438,8.594,0,Low
2026-07-24 21:00:21,2,16,16,8.438,8.594,0,Low
2026-07-24 21:10:15,2,16,16,8.438,8.594,0,Low
2026-07-24 21:20:12,2,16,16,8.438,8.594,0,Low
2026-07-24 21:30:15,2,16,16,8.438,8.594,0,Low
2026-07-24 21:40:11,2,16,16,8.438,8.594,0,Low
2026-07-24 21:50:18,2,16,16,8.438,8.594,0,Low
2026-07-24 22:00:20,2,16,16,8.438,8.594,0,Low
2026-07-24 22:10:11,1,8,8,8.751,8.751,0,Low
2026-07-24 22:20:16,1,8,8,8.751,8.751,0,Low
2026-07-24 22:30:15,2,16,16,8.438,8.594,0,Low
2026-07-24 22:40:12,2,16,16,8.438,8.594,0,Low
2026-07-24 22:50:13,2,16,16,8.438,8.594,0,Low
2026-07-24 23:00:22,2,16,16,8.438,8.594,0,Low
2026-07-24 23:10:20,1,8,8,8.751,8.751,0,Low
2026-07-24 23:20:12,1,8,8,8.751,8.751,0,Low
2026-07-24 23:30:18,2,12,12,6.251,7.501,0,Low
2026-07-24 23:40:14,2,12,12,6.251,7.501,0,Low
2026-07-24 23:44:42,2,12,12,6.251,7.501,0,Low
2026-07-24 23:50:13,2,12,12,6.251,7.501,0,Low
2026-07-25 00:00:21,2,12,12,6.251,7.501,0,Low
2026-07-25 00:10:12,2,12,12,6.251,7.501,0,Low
2026-07-25 00:20:13,2,12,12,6.251,7.501,0,Low
2026-07-25 00:30:15,2,12,12,6.251,7.501,0,Low
2026-07-25 00:40:12,2,12,12,6.251,7.501,0,Low
2026-07-25 00:50:12,2,12,12,6.251,7.501,0,Low
2026-07-25 01:02:34,2,12,12,6.251,7.501,0,Low
2026-07-25 01:10:13,2,12,12,6.251,7.501,0,Low
2026-07-25 01:20:41,2,12,12,6.251,7.501,0,Low
2026-07-25 01:30:18,2,12,12,6.251,7.501,0,Low
2026-07-25 01:40:15,2,12,12,6.251,7.501,0,Low
2026-07-25 01:50:10,2,12,12,6.251,7.501,0,Low
2026-07-25 02:00:27,2,12,12,6.251,7.501,0,Low
2026-07-25 02:10:14,2,12,12,6.251,7.501,0,Low
2026-07-25 02:20:12,2,12,12,6.251,7.501,0,Low
2026-07-25 02:30:19,2,12,12,6.251,7.501,0,Low
2026-07-25 02:40:16,2,16,16,6.25,7.5,0,Low
2026-07-25 02:50:14,2,16,16,6.25,7.5,0,Low
2026-07-25 03:00:18,2,16,16,6.25,7.5,0,Low
2026-07-25 03:10:12,2,16,16,6.25,7.5,0,Low
2026-07-25 03:20:18,2,16,16,6.25,7.5,0,Low
2026-07-25 03:30:20,2,16,16,6.25,7.5,0,Low
2026-07-25 03:40:11,2,16,16,6.25,7.5,0,Low
2026-07-25 03:50:14,2,16,16,6.25,7.5,0,Low
2026-07-25 04:02:07,2,16,16,6.25,7.5,0,Low
2026-07-25 04:11:42,2,16,16,6.25,7.5,0,Low
2026-07-25 04:20:14,2,16,16,6.25,7.5,0,Low
2026-07-25 04:30:16,2,16,16,6.25,7.5,0,Low
2026-07-25 04:40:11,2,16,16,6.25,7.5,0,Low
2026-07-25 04:52:45,2,16,16,6.25,7.5,0,Low
2026-07-25 05:00:23,2,16,16,6.25,7.5,0,Low
2026-07-25 05:10:10,2,16,16,6.25,7.5,0,Low
2026-07-25 05:21:43,2,16,16,6.25,7.5,0,Low
2026-07-25 05:30:13,2,16,16,6.25,7.5,0,Low
2026-07-25 05:40:15,2,16,16,6.25,7.5,0,Low
2026-07-25 05:50:11,2,16,16,6.25,7.5,0,Low
2026-07-25 06:02:27,2,16,16,6.25,7.5,0,Low
2026-07-25 06:10:13,2,16,16,6.25,7.5,0,Low
2026-07-25 06:20:18,2,16,16,5.625,7.188,0,Low
2026-07-25 06:35:49,2,16,16,5.625,7.188,0,Low
2026-07-25 06:40:14,2,16,16,5.625,7.188,0,Low
2026-07-25 06:50:17,2,16,16,5.625,7.188,0,Low
2026-07-25 07:00:23,2,16,16,5.625,7.188,0,Low
2026-07-25 07:10:14,2,16,16,5.625,7.188,0,Low
2026-07-25 07:20:15,2,16,16,5.625,7.188,0,Low
2026-07-25 07:30:16,2,16,16,5.625,7.188,0,Low
2026-07-25 07:33:38,2,16,16,5.625,7.188,0,Low
2026-07-25 07:40:18,2,16,16,5.625,7.188,0,Low
2026-07-25 07:51:38,2,16,16,5.625,7.188,0,Low
2026-07-25 08:00:20,2,16,16,5.625,7.188,0,Low
2026-07-25 08:10:11,2,16,16,5.625,7.188,0,Low
2026-07-25 08:20:15,2,16,16,5.625,7.188,0,Low
2026-07-25 08:31:59,2,16,16,5.625,7.188,0,Low
2026-07-25 08:40:14,2,16,16,5.625,7.188,0,Low
2026-07-25 08:50:13,2,16,16,5.625,7.188,0,Low
2026-07-25 09:03:30,2,16,16,5.625,7.188,0,Low
2026-07-25 09:10:17,2,16,16,5.625,7.188,0,Low
2026-07-25 09:20:13,2,16,16,5.625,7.188,0,Low
2026-07-25 09:30:19,2,16,16,5.625,7.188,0,Low
2026-07-25 09:42:05,2,16,16,5.625,7.188,0,Low
2026-07-25 09:51:29,2,16,16,5.625,7.188,0,Low
2026-07-25 10:02:27,2,16,16,5.625,7.188,0,Low
2026-07-25 10:10:13,2,16,16,5.625,7.188,0,Low
2026-07-25 10:20:11,2,16,16,5.625,7.188,0,Low
2026-07-25 10:30:15,2,16,16,5.625,7.188,0,Low
2026-07-25 10:40:15,2,16,16,5.625,7.188,0,Low
2026-07-25 10:50:14,2,16,16,5.625,7.188,0,Low
2026-07-25 11:02:27,2,16,16,5.625,7.188,0,Low
2026-07-25 11:10:12,2,16,16,5.625,7.188,0,Low
2026-07-25 11:20:14,,,,,,0,Low
2026-07-25 11:30:15,2,16,16,5.625,7.188,0,Low
2026-07-25 11:40:13,2,16,16,5.625,7.188,0,Low
2026-07-25 11:47:57,2,16,16,5.625,7.188,0,Low
2026-07-25 11:50:12,2,16,16,5.625,7.188,0,Low
2026-07-25 12:02:04,2,16,16,5.625,7.188,0,Low
2026-07-25 12:10:11,2,16,16,5.625,7.188,0,Low
2026-07-25 12:20:12,2,16,16,5.625,7.188,0,Low
2026-07-25 12:30:16,2,16,16,5.625,7.188,0,Low
2026-07-25 12:40:17,2,16,16,5.625,7.188,0,Low
2026-07-25 12:50:13,2,16,16,5.625,7.188,0,Low
2026-07-25 13:00:24,2,16,16,5.625,7.188,0,Low
2026-07-25 13:10:14,2,16,16,5.625,7.188,0,Low
2026-07-25 13:20:14,2,16,16,5.625,7.188,0,Low
2026-07-25 13:30:19,2,16,16,5.625,7.188,0,Low
2026-07-25 13:40:14,2,16,16,5.625,7.188,0,Low
2026-07-25 13:50:14,2,16,16,5.625,7.188,0,Low
2026-07-25 14:00:18,2,16,16,5.625,7.188,0,Low
2026-07-25 14:10:12,2,16,16,5.625,7.188,0,Low
2026-07-25 14:20:14,2,12,12,5.626,7.188,0,Low
2026-07-25 14:30:15,2,12,12,5.626,7.188,0,Low
2026-07-25 14:41:36,2,12,12,5.626,7.188,0,Low
2026-07-25 14:50:11,2,12,12,5.626,7.188,0,Low
2026-07-25 15:00:21,2,12,12,5.626,7.188,0,Low
2026-07-25 15:10:16,2,12,12,5.626,7.188,0,Low
2026-07-25 15:20:16,2,12,12,5.626,7.188,0,Low
2026-07-25 15:30:17,2,12,12,5.626,7.188,0,Low
2026-07-25 15:40:13,2,12,12,5.626,7.188,0,Low
2026-07-25 15:45:28,2,12,12,5.626,7.188,0,Low
2026-07-25 15:50:19,2,12,12,5.626,7.188,0,Low
2026-07-25 16:00:16,1,8,8,8.751,8.751,0,Low
2026-07-25 16:10:13,1,8,8,8.751,8.751,0,Low
2026-07-25 16:20:12,1,8,8,8.751,8.751,0,Low
2026-07-25 16:30:17,1,8,8,8.751,8.751,0,Low
2026-07-25 16:40:14,1,8,8,8.751,8.751,0,Low
2026-07-25 16:50:12,2,12,12,5.626,7.188,0,Low
2026-07-25 17:00:20,2,12,12,5.626,7.188,0,Low
2026-07-25 17:10:13,2,12,12,5.626,7.188,0,Low
2026-07-25 17:20:13,3,14,14,5.626,8.189,0,Low
2026-07-25 17:31:53,3,14,14,5.626,8.189,0,Low
2026-07-25 17:40:15,3,14,14,5.626,8.189,0,Low
2026-07-25 17:50:13,3,14,14,5.626,8.189,0,Low
2026-07-25 18:00:20,3,14,14,5.626,8.189,0,Low
2026-07-25 18:10:12,3,14,14,5.626,8.189,0,Low
2026-07-25 18:20:14,3,14,14,5.626,8.189,0,Low
2026-07-25 18:31:49,3,14,14,5.626,8.189,0,Low
2026-07-25 18:40:13,3,14,14,5.626,8.189,0,Low
2026-07-25 18:50:12,3,14,14,5.626,8.189,0,Low
2026-07-25 19:00:17,3,14,14,5.626,8.189,0,Low
2026-07-25 19:10:14,3,14,14,5.626,8.189,0,Low
2026-07-25 19:20:13,3,14,14,5.626,8.189,0,Low
2026-07-25 19:30:14,3,14,14,5.626,8.189,0,Low
2026-07-25 19:40:13,3,14,14,5.626,8.189,0,Low
2026-07-25 19:50:47,3,14,14,5.626,8.189,0,Low
2026-07-25 20:00:22,3,14,14,5.626,8.189,0,Low
2026-07-25 20:02:26,3,14,14,5.626,8.189,0,Low
2026-07-25 20:10:12,3,14,14,5.626,8.189,0,Low
2026-07-25 20:20:15,3,14,14,5.626,8.189,0,Low
2026-07-25 20:31:46,3,14,14,5.626,8.189,0,Low
2026-07-25 20:40:14,3,14,14,5.626,8.189,0,Low
2026-07-25 20:50:15,3,14,14,5.626,8.189,0,Low
2026-07-25 21:00:21,3,14,14,5.626,8.189,0,Low
2026-07-25 21:10:20,3,14,14,5.626,8.189,0,Low
2026-07-25 21:20:12,3,14,14,5.626,8.189,0,Low
2026-07-25 21:30:14,3,14,14,5.626,8.189,0,Low
2026-07-25 21:40:12,3,14,14,5.626,8.189,0,Low
2026-07-25 21:50:14,3,14,14,5.626,8.189,0,Low
2026-07-25 22:00:18,3,14,14,5.626,8.189,0,Low
2026-07-25 22:10:16,3,14,14,5.626,7.814,0,Low
2026-07-25 22:20:13,3,14,14,5.626,7.814,0,Low
2026-07-25 22:31:55,3,14,14,5.626,7.814,0,Low
2026-07-25 22:40:12,3,14,14,5.626,7.814,0,Low
2026-07-25 22:50:14,3,14,14,5.626,7.814,0,Low
2026-07-25 23:01:52,,,,,,0,Low
2026-07-25 23:10:12,3,14,14,5.626,7.814,0,Low
2026-07-25 23:20:14,3,14,14,5.626,7.814,0,Low
2026-07-25 23:32:09,3,14,14,5.626,7.814,0,Low
2026-07-25 23:40:14,3,14,14,5.626,7.814,0,Low
2026-07-25 23:43:41,3,14,14,5.626,7.814,0,Low
2026-07-25 23:50:13,3,14,14,5.626,7.814,0,Low
2026-07-26 00:00:20,3,14,14,5.626,7.814,0,Low
2026-07-26 00:10:15,3,14,14,5.626,7.814,0,Low
2026-07-26 00:20:15,3,14,14,5.626,7.814,0,Low
2026-07-26 00:31:56,3,14,14,5.626,7.814,0,Low
2026-07-26 00:40:15,3,14,14,5.626,7.814,0,Low
2026-07-26 00:50:11,3,14,14,5.626,7.814,0,Low
2026-07-26 01:00:22,3,14,14,5.626,7.814,0,Low
2026-07-26 01:10:16,3,14,14,5.626,7.814,0,Low
2026-07-26 01:20:14,,,,,,0,Low
2026-07-26 01:30:14,3,14,14,5.626,7.814,0,Low
2026-07-26 01:40:12,3,14,14,5.626,7.814,0,Low
2026-07-26 01:50:13,3,14,14,5.626,7.814,0,Low
2026-07-26 02:00:19,3,14,14,5.626,7.814,0,Low
2026-07-26 02:10:13,3,14,14,5.626,7.814,0,Low
2026-07-26 02:20:13,3,14,14,5.626,7.814,0,Low
2026-07-26 02:30:13,3,14,14,5.626,7.814,0,Low
2026-07-26 02:40:16,3,14,14,5.626,7.814,0,Low
2026-07-26 02:50:11,3,14,14,5.626,7.814,0,Low
2026-07-26 03:00:16,3,14,14,5.626,7.814,0,Low
2026-07-26 03:10:16,3,14,14,5.626,7.814,0,Low
2026-07-26 03:20:12,3,14,14,5.626,7.814,0,Low
2026-07-26 03:31:48,3,14,14,5.626,7.814,0,Low
2026-07-26 03:40:13,3,14,14,5.626,7.814,0,Low
2026-07-26 03:50:13,3,14,14,5.626,7.814,0,Low
2026-07-26 04:02:12,3,14,14,5.626,7.814,0,Low
2026-07-26 04:10:13,3,14,14,5.626,7.814,0,Low
2026-07-26 04:21:47,3,14,14,5.626,7.814,0,Low
2026-07-26 04:30:15,3,18,18,5.625,7.814,0,Low
2026-07-26 04:40:11,3,18,18,5.625,7.814,0,Low
2026-07-26 04:50:13,3,18,18,5.625,7.814,0,Low
2026-07-26 05:00:21,3,18,18,5.625,7.814,0,Low
2026-07-26 05:10:14,3,18,18,5.625,7.814,0,Low
2026-07-26 05:21:46,3,18,18,5.625,7.814,0,Low
2026-07-26 05:32:00,3,18,18,5.625,7.814,0,Low
2026-07-26 05:40:17,3,18,18,5.625,7.814,0,Low
2026-07-26 05:51:35,3,18,18,5.625,7.814,0,Low
2026-07-26 06:00:25,3,18,18,5.625,7.814,0,Low
2026-07-26 06:11:13,3,18,18,5.625,7.814,0,Low
2026-07-26 06:21:24,3,18,18,5.625,7.814,0,Low
2026-07-26 06:30:15,3,18,18,5.625,7.814,0,Low
2026-07-26 06:40:13,3,18,18,5.625,7.814,0,Low
2026-07-26 06:50:57,3,18,18,5.625,7.814,0,Low
2026-07-26 07:00:18,3,18,18,5.625,7.814,0,Low
2026-07-26 07:11:06,3,18,18,5.625,7.814,0,Low
2026-07-26 07:20:14,3,18,18,5.625,7.814,0,Low
2026-07-26 07:30:18,3,18,18,5.625,7.814,0,Low
2026-07-26 07:40:15,3,18,18,5.625,7.814,0,Low
2026-07-26 07:50:12,3,18,18,5.625,7.814,0,Low
2026-07-26 07:58:38,3,18,18,5.625,7.814,0,Low
2026-07-26 08:00:19,3,18,18,5.625,7.814,0,Low
2026-07-26 08:10:14,3,18,18,5.625,7.814,0,Low
2026-07-26 08:20:15,3,18,18,5.625,7.814,0,Low
2026-07-26 08:30:15,3,18,18,5.625,7.814,0,Low
2026-07-26 08:40:15,3,18,18,5.625,7.814,0,Low
2026-07-26 08:50:13,3,14,14,5.626,7.814,0,Low
2026-07-26 09:01:17,,,,,,0,Low
2026-07-26 09:10:13,3,14,14,5.626,7.814,0,Low
2026-07-26 09:20:16,3,14,14,5.626,7.814,0,Low
2026-07-26 09:32:01,3,14,14,5.626,7.814,0,Low
2026-07-26 09:40:12,3,14,14,5.626,7.814,0,Low
2026-07-26 09:51:38,3,14,14,5.626,7.814,0,Low
2026-07-26 10:03:28,3,14,14,5.626,7.814,0,Low
2026-07-26 10:10:13,3,14,14,5.626,7.814,0,Low
2026-07-26 10:20:15,3,14,14,5.626,7.814,0,Low
2026-07-26 10:31:05,3,14,14,5.626,7.814,0,Low
2026-07-26 10:41:42,3,14,14,5.626,7.814,0,Low
2026-07-26 10:50:16,3,14,14,5.626,7.814,0,Low
2026-07-26 11:00:18,3,14,14,5.626,7.814,0,Low
2026-07-26 11:10:15,3,14,14,5.626,7.814,0,Low
2026-07-26 11:20:15,3,14,14,5.626,7.814,0,Low
2026-07-26 11:30:17,3,14,14,5.626,7.814,0,Low
2026-07-26 11:41:08,3,14,14,5.626,7.814,0,Low
2026-07-26 11:48:58,3,14,14,5.626,7.814,0,Low
2026-07-26 11:51:19,3,14,14,5.626,7.814,0,Low
2026-07-26 12:00:19,3,14,14,5.626,7.814,0,Low
2026-07-26 12:10:16,3,14,14,5.626,7.814,0,Low
2026-07-26 12:20:12,3,14,14,5.626,7.814,0,Low
2026-07-26 12:30:15,3,14,14,5.626,7.814,0,Low
2026-07-26 12:40:11,3,14,14,5.626,7.814,0,Low
2026-07-26 12:50:12,3,18,18,5.625,7.814,0,Low
2026-07-26 13:00:18,3,18,18,5.625,7.814,0,Low
2026-07-26 13:10:13,3,18,18,5.625,7.814,0,Low
2026-07-26 13:20:13,3,18,18,5.625,7.814,0,Low
2026-07-26 13:30:14,3,14,14,5.626,7.814,0,Low
2026-07-26 13:40:16,3,14,14,5.626,7.814,0,Low
2026-07-26 13:50:13,3,14,14,5.626,7.814,0,Low
2026-07-26 14:02:12,3,14,14,5.626,7.814,0,Low
2026-07-26 14:10:17,3,14,14,5.626,7.814,0,Low
2026-07-26 14:20:14,3,14,14,5.626,7.814,0,Low
2026-07-26 14:30:17,3,14,14,5.626,7.814,0,Low
2026-07-26 14:41:34,3,14,14,5.626,7.814,0,Low
2026-07-26 14:50:12,3,14,14,5.626,7.814,0,Low
2026-07-26 15:01:48,3,14,14,5.626,7.814,0,Low
2026-07-26 15:10:15,3,14,14,5.626,7.814,0,Low
2026-07-26 15:20:18,3,14,14,5.626,7.814,0,Low
2026-07-26 15:32:26,3,14,14,5.626,7.814,0,Low
2026-07-26 15:40:15,3,14,14,5.626,7.814,0,Low
2026-07-26 15:44:23,3,14,14,5.626,7.814,0,Low
2026-07-26 15:50:12,3,14,14,5.626,7.814,0,Low
2026-07-26 16:00:22,3,14,14,5.626,7.814,0,Low
2026-07-26 16:10:13,3,14,14,5.626,7.814,0,Low
2026-07-26 16:20:13,3,14,14,5.626,7.814,0,Low
2026-07-26 16:30:16,3,14,14,5.626,7.814,0,Low
2026-07-26 16:40:12,3,14,14,5.626,7.814,0,Low
2026-07-26 16:50:14,3,14,14,5.626,7.814,0,Low
2026-07-26 17:10:15,3,14,14,5.626,7.814,0,Low
2026-07-26 17:20:12,3,14,14,5.626,7.814,0,Low
2026-07-26 17:30:13,2,10,10,7.814,8.282,0,Low
2026-07-26 17:40:11,2,10,10,7.814,8.282,0,Low
2026-07-26 17:50:13,2,10,10,7.814,8.282,0,Low
2026-07-26 18:00:21,2,10,10,7.814,8.282,0,Low
2026-07-26 18:10:15,2,10,10,7.814,8.282,0,Low
2026-07-26 18:20:14,2,10,10,7.814,8.282,0,Low
2026-07-26 18:30:14,2,10,10,7.814,8.282,0,Low
2026-07-26 18:40:13,2,10,10,7.814,8.282,0,Low
2026-07-26 18:50:13,2,10,10,7.814,8.282,0,Low
2026-07-26 19:00:16,2,10,10,7.814,8.282,0,Low
2026-07-26 19:10:11,2,10,10,7.814,8.282,0,Low
2026-07-26 19:20:14,2,10,10,7.814,8.282,0,Low
2026-07-26 19:30:13,2,10,10,7.814,8.282,0,Low
2026-07-26 19:40:11,2,10,10,7.814,8.282,0,Low
2026-07-26 19:50:15,2,10,10,7.814,8.282,0,Low
2026-07-26 20:00:16,2,10,10,7.814,8.282,0,Low
2026-07-26 20:10:16,2,10,10,7.814,8.282,0,Low
2026-07-26 20:20:13,2,10,10,7.814,8.282,0,Low
2026-07-26 20:32:08,2,10,10,7.814,8.282,0,Low
2026-07-26 20:40:15,2,10,10,7.814,8.282,0,Low
2026-07-26 20:50:11,2,10,10,7.814,8.282,0,Low
2026-07-26 21:01:57,2,10,10,7.814,8.282,0,Low
2026-07-26 21:10:12,2,10,10,7.814,8.282,0,Low
2026-07-26 21:20:14,2,10,10,7.814,8.282,0,Low
2026-07-26 21:30:16,2,10,10,7.814,8.282,0,Low
2026-07-26 21:40:15,2,10,10,7.814,8.282,0,Low
2026-07-26 21:50:14,2,10,10,7.814,8.282,0,Low
2026-07-26 22:00:15,2,10,10,7.814,8.282,0,Low
2026-07-26 22:10:15,2,10,10,7.814,8.282,0,Low
2026-07-26 22:20:14,2,10,10,7.814,8.282,0,Low
2026-07-26 22:32:00,2,10,10,7.814,8.282,0,Low
2026-07-26 22:40:10,2,10,10,7.814,8.282,0,Low
2026-07-26 22:50:13,2,10,10,7.814,8.282,0,Low
2026-07-26 23:02:04,2,10,10,7.814,8.282,0,Low
2026-07-26 23:10:15,2,10,10,7.814,8.282,0,Low
2026-07-26 23:20:12,2,10,10,7.814,8.282,0,Low
2026-07-26 23:30:14,3,14,14,5.626,7.814,0,Low
2026-07-26 23:40:12,3,14,14,5.626,7.814,0,Low
2026-07-26 23:40:59,3,14,14,5.626,7.814,0,Low
2026-07-26 23:50:11,3,14,14,5.626,7.814,0,Low
2026-07-27 00:00:19,2,10,10,7.814,8.282,0,Low
2026-07-27 00:10:13,2,10,10,7.814,8.282,0,Low
2026-07-27 00:20:13,2,10,10,7.814,8.282,0,Low
2026-07-27 00:32:23,2,10,10,7.814,8.282,0,Low
2026-07-27 00:40:14,2,10,10,7.814,8.282,0,Low
2026-07-27 00:50:15,2,10,10,7.814,8.282,0,Low
2026-07-27 01:00:20,2,10,10,7.814,8.282,0,Low
2026-07-27 01:10:14,2,10,10,7.814,8.282,0,Low
2026-07-27 01:20:11,2,10,10,7.814,8.282,0,Low
2026-07-27 01:30:19,2,10,10,7.814,8.282,0,Low
2026-07-27 01:40:12,2,10,10,7.814,8.282,0,Low
2026-07-27 01:50:13,2,10,10,7.814,8.282,0,Low
2026-07-27 02:00:22,2,10,10,7.814,8.282,0,Low
2026-07-27 02:10:11,2,10,10,7.814,8.282,0,Low
2026-07-27 02:20:14,2,10,10,7.814,8.282,0,Low
2026-07-27 02:30:20,2,10,10,7.814,8.282,0,Low
2026-07-27 02:40:15,2,10,10,7.814,8.282,0,Low
2026-07-27 02:50:25,2,10,10,7.814,8.282,0,Low
2026-07-27 03:00:20,,,,,,0,Low
2026-07-27 03:11:34,2,10,10,7.814,8.282,0,Low
2026-07-27 03:20:14,2,10,10,7.814,8.282,0,Low
2026-07-27 03:30:15,2,10,10,7.814,8.282,0,Low
2026-07-27 03:40:17,2,10,10,7.814,8.282,0,Low
2026-07-27 03:50:12,2,10,10,7.814,8.282,0,Low
2026-07-27 04:00:17,2,10,10,7.814,8.282,0,Low
2026-07-27 04:10:16,2,10,10,7.814,8.282,0,Low
2026-07-27 04:20:12,2,10,10,7.814,8.282,0,Low
2026-07-27 04:31:50,2,10,10,7.814,8.282,0,Low
2026-07-27 04:40:12,2,10,10,7.814,8.282,0,Low
2026-07-27 04:50:11,2,10,10,7.814,8.282,0,Low
2026-07-27 05:00:22,2,10,10,7.814,8.282,0,Low
2026-07-27 05:10:11,2,10,10,7.814,8.282,0,Low
2026-07-27 05:20:17,2,10,10,7.814,8.282,0,Low
2026-07-27 05:30:17,2,10,10,7.814,8.282,0,Low
2026-07-27 05:40:14,2,10,10,7.814,8.282,0,Low
2026-07-27 05:50:13,2,10,10,7.814,8.282,0,Low
2026-07-27 06:00:20,2,10,10,7.814,8.282,0,Low
2026-07-27 06:10:11,2,10,10,7.814,8.282,0,Low
2026-07-27 06:20:13,2,10,10,7.814,8.282,0,Low
2026-07-27 06:30:15,2,10,10,7.814,8.282,0,Low
2026-07-27 06:40:13,2,10,10,7.814,8.282,0,Low
2026-07-27 06:50:12,2,10,10,7.814,8.282,0,Low
2026-07-27 07:00:37,2,10,10,7.814,8.282,0,Low
2026-07-27 07:10:15,2,10,10,7.814,8.282,0,Low
2026-07-27 07:20:13,2,10,10,7.814,8.282,0,Low
2026-07-27 07:30:18,,,,,,0,Low
2026-07-27 07:40:12,2,10,10,7.814,8.282,0,Low
2026-07-27 07:50:15,2,10,10,7.814,8.282,0,Low
2026-07-27 08:00:24,2,10,10,7.814,8.282,0,Low
2026-07-27 08:10:12,2,10,10,7.814,8.282,0,Low
2026-07-27 08:20:14,2,10,10,7.814,8.282,0,Low
2026-07-27 08:30:19,2,10,10,7.814,8.282,0,Low
2026-07-27 08:40:11,2,10,10,7.814,8.282,0,Low
2026-07-27 08:50:14,2,10,10,7.814,8.282,0,Low
2026-07-27 09:00:25,2,10,10,7.814,8.282,0,Low
2026-07-27 09:10:16,2,10,10,7.814,8.282,0,Low
2026-07-27 09:20:15,2,10,10,7.814,8.282,0,Low
2026-07-27 09:30:19,2,10,10,7.814,8.282,0,Low
2026-07-27 09:40:13,2,10,10,7.814,8.282,0,Low
2026-07-27 09:50:12,2,10,10,7.814,8.282,0,Low
2026-07-27 10:00:22,2,10,10,7.814,8.282,0,Low
2026-07-27 10:10:15,2,10,10,7.814,8.282,0,Low
2026-07-27 10:20:16,2,10,10,7.814,8.282,0,Low
2026-07-27 10:30:17,2,10,10,7.814,8.282,0,Low
2026-07-27 10:40:13,2,10,10,7.814,8.282,0,Low
2026-07-27 10:50:15,2,10,10,7.814,8.282,0,Low
2026-07-27 11:00:20,2,10,10,7.814,8.282,0,Low
2026-07-27 11:10:15,2,10,10,7.814,8.282,0,Low
2026-07-27 11:20:12,2,10,10,7.814,8.282,0,Low
2026-07-27 11:30:13,2,10,10,7.814,8.282,0,Low
2026-07-27 11:40:13,2,10,10,7.814,8.282,0,Low
2026-07-27 11:50:11,2,10,10,7.814,8.282,0,Low
2026-07-27 12:00:20,2,10,10,7.814,8.282,0,Low
2026-07-27 12:01:28,2,10,10,7.814,8.282,0,Low
2026-07-27 12:10:13,2,10,10,7.814,8.282,0,Low
2026-07-27 12:20:11,2,10,10,7.814,8.282,0,Low
2026-07-27 12:30:23,2,10,10,7.814,8.282,0,Low
2026-07-27 12:40:18,2,10,10,7.814,8.282,0,Low
2026-07-27 12:50:16,2,10,10,7.814,8.282,0,Low
2026-07-27 13:00:27,2,10,10,7.814,8.282,0,Low
2026-07-27 13:10:21,2,10,10,7.814,8.282,0,Low
2026-07-27 13:20:16,,,,,,0,Low
2026-07-27 13:30:16,2,10,10,7.814,8.282,0,Low
2026-07-27 13:40:14,2,10,10,7.814,8.282,0,Low
2026-07-27 13:50:12,2,10,10,7.814,8.282,0,Low
2026-07-27 14:00:25,2,10,10,7.814,8.282,0,Low
2026-07-27 14:10:14,2,10,10,7.814,8.282,0,Low
2026-07-27 14:20:15,2,10,10,7.814,8.282,0,Low
2026-07-27 14:30:19,2,10,10,7.814,8.282,0,Low
2026-07-27 14:40:16,2,10,10,7.814,8.282,0,Low
2026-07-27 14:50:25,2,10,10,7.814,8.282,0,Low
2026-07-27 15:00:20,2,10,10,7.814,8.282,0,Low
2026-07-27 15:10:15,2,10,10,7.814,8.282,0,Low
2026-07-27 15:20:16,2,10,10,7.814,8.282,0,Low
2026-07-27 15:30:17,2,10,10,7.814,8.282,0,Low
2026-07-27 15:40:16,2,10,10,7.814,8.282,0,Low
2026-07-27 15:50:13,2,10,10,7.814,8.282,0,Low
2026-07-27 16:00:27,2,10,10,7.814,8.282,0,Low
2026-07-27 16:10:19,2,10,10,7.814,8.282,0,Low
2026-07-27 16:20:14,2,10,10,7.814,8.282,0,Low
2026-07-27 16:30:26,2,10,10,7.814,8.282,0,Low
2026-07-27 16:40:14,2,10,10,7.814,8.282,0,Low
2026-07-27 16:50:21,2,10,10,7.814,8.282,0,Low
2026-07-27 17:00:33,2,10,10,7.814,8.282,0,Low
2026-07-27 17:10:14,2,10,10,7.814,8.282,0,Low
2026-07-27 17:20:13,2,10,10,7.814,8.282,0,Low
2026-07-27 17:30:18,2,10,10,7.814,8.282,0,Low
2026-07-27 17:40:14,2,10,10,7.814,8.282,0,Low
2026-07-27 17:50:22,1,8,8,8.751,8.751,0,Low
2026-07-27 18:00:23,2,10,10,7.814,8.282,0,Low
2026-07-27 18:01:15,2,10,10,7.814,8.282,0,Low
2026-07-27 18:10:15,2,10,10,7.814,8.282,0,Low
2026-07-27 18:20:19,2,10,10,7.814,8.282,0,Low
2026-07-27 18:30:26,2,10,10,7.814,8.282,0,Low
2026-07-27 18:40:18,2,10,10,7.814,8.282,0,Low
2026-07-27 18:50:18,2,10,10,7.814,8.282,0,Low
2026-07-27 19:00:30,2,10,10,7.501,8.126,0,Low
2026-07-27 19:10:19,2,10,10,7.501,8.126,0,Low
2026-07-27 19:20:13,2,10,10,7.501,8.126,0,Low
2026-07-27 19:30:15,2,10,10,7.501,8.126,0,Low
2026-07-27 19:40:19,2,10,10,7.501,8.126,0,Low
2026-07-27 19:50:19,2,10,10,7.501,8.126,0,Low
2026-07-27 20:00:21,1,8,8,8.751,8.751,0,Low
2026-07-27 20:10:12,2,10,10,7.501,8.126,0,Low
2026-07-27 20:20:19,2,10,10,7.501,8.126,0,Low
2026-07-27 20:30:16,2,10,10,7.501,8.126,0,Low
2026-07-27 20:40:20,2,10,10,7.501,8.126,0,Low
2026-07-27 20:50:13,2,10,10,7.501,8.126,0,Low
2026-07-27 21:00:24,2,10,10,7.501,8.126,0,Low
2026-07-27 21:10:17,2,10,10,7.501,8.126,0,Low
2026-07-27 21:20:15,2,10,10,7.501,8.126,0,Low
2026-07-27 21:30:16,1,8,8,8.751,8.751,0,Low
2026-07-27 21:40:16,2,10,10,7.501,8.126,0,Low
2026-07-27 21:50:14,1,8,8,8.751,8.751,0,Low
2026-07-27 21:53:07,2,10,10,7.501,8.126,0,Low
2026-07-27 22:00:25,2,10,10,7.501,8.126,0,Low
2026-07-27 22:10:18,2,10,10,7.501,8.126,0,Low
2026-07-27 22:20:14,2,10,10,7.501,8.126,0,Low
2026-07-27 22:30:16,2,10,10,7.501,8.126,0,Low
2026-07-27 22:40:13,2,10,10,7.501,8.126,0,Low
2026-07-27 22:50:19,2,10,10,7.501,8.126,0,Low
2026-07-27 23:00:23,2,10,10,7.501,8.126,0,Low
2026-07-27 23:10:13,2,10,10,7.501,8.126,0,Low
2026-07-27 23:20:15,2,10,10,7.501,8.126,0,Low
2026-07-27 23:30:17,2,10,10,7.501,8.126,0,Low
2026-07-27 23:40:12,2,10,10,7.501,8.126,0,Low
2026-07-27 23:50:19,2,10,10,7.501,8.126,0,Low
2026-07-28 00:00:27,1,8,8,8.751,8.751,0,Low
2026-07-28 00:10:19,2,10,10,7.501,8.126,0,Low
2026-07-28 00:20:12,1,8,8,8.751,8.751,0,Low
2026-07-28 00:30:13,2,10,10,7.501,8.126,0,Low
2026-07-28 00:40:17,3,18,18,6.25,7.501,0,Low
2026-07-28 00:50:18,3,18,18,6.25,7.501,0,Low
2026-07-28 01:00:29,3,18,18,6.25,7.501,0,Low
2026-07-28 01:10:11,3,18,18,6.25,7.501,0,Low
2026-07-28 01:20:15,3,18,18,6.25,7.501,0,Low
2026-07-28 01:30:22,3,18,18,6.25,7.501,0,Low
2026-07-28 01:40:21,3,18,18,6.25,7.501,0,
2026-07-28 01:50:16,3,18,18,6.25,7.501,0,
2026-07-28 02:00:28,3,18,18,6.25,7.501,0,
2026-07-28 02:10:24,3,18,18,6.25,7.501,0,Low
2026-07-28 02:20:19,3,18,18,6.25,7.501,0,Low
2026-07-28 02:30:20,3,18,18,6.25,7.501,0,Low
2026-07-28 02:40:15,3,18,18,6.25,7.501,0,Low
2026-07-28 02:50:11,3,18,18,6.25,7.501,0,Low
2026-07-28 03:00:28,3,18,18,6.25,7.501,0,Low
2026-07-28 03:10:14,3,18,18,6.25,7.501,0,Low
2026-07-28 03:20:14,3,18,18,6.25,7.501,0,Low
2026-07-28 03:30:14,3,18,18,6.25,7.501,0,Low
2026-07-28 03:40:20,3,18,18,6.25,7.501,0,Low
2026-07-28 03:50:20,3,18,18,6.25,7.501,0,Low
2026-07-28 04:00:18,3,18,18,6.25,7.501,0,Low
2026-07-28 04:10:15,3,18,18,6.25,7.501,0,Low
2026-07-28 04:20:12,3,18,18,6.25,7.501,0,Low
2026-07-28 04:30:20,3,18,18,6.25,7.501,0,Low
2026-07-28 04:40:16,3,18,18,6.25,7.501,0,Low
2026-07-28 04:50:22,3,18,18,6.25,7.501,0,Low
2026-07-28 05:00:29,3,18,18,6.25,7.501,0,Low
2026-07-28 05:10:14,3,18,18,6.25,7.501,0,Low
2026-07-28 05:20:18,3,18,18,6.25,7.501,0,Low
2026-07-28 05:30:23,3,18,18,6.25,7.501,0,Low
2026-07-28 05:40:20,3,18,18,6.25,7.501,0,Low
2026-07-28 05:50:21,3,18,18,6.25,7.501,0,Low
2026-07-28 06:00:28,3,18,18,6.25,7.501,0,Low
2026-07-28 06:10:12,3,17,17,6.25,7.502,0,Low
2026-07-28 06:20:19,3,17,17,6.25,7.502,0,Low
2026-07-28 06:30:27,3,17,17,6.25,7.502,0,Low
2026-07-28 06:40:21,3,17,17,6.25,7.502,0,
2026-07-28 06:50:21,3,17,17,6.25,7.502,0,Low
2026-07-28 07:00:22,3,17,17,6.25,7.502,0,Low
2026-07-28 07:10:27,3,17,17,6.25,7.502,0,Low
2026-07-28 07:20:18,3,17,17,6.25,7.502,0,Low
2026-07-28 07:30:24,3,17,17,6.25,7.502,0,Low
2026-07-28 07:40:15,3,17,17,6.25,7.502,0,Low
2026-07-28 07:47:55,3,17,17,6.25,7.502,0,Low
2026-07-28 07:50:23,3,17,17,6.25,7.502,0,Low
2026-07-28 08:00:21,3,17,17,6.25,7.502,0,Low
2026-07-28 08:10:20,3,17,17,6.25,7.502,0,Low
2026-07-28 08:20:21,3,17,17,6.25,7.502,0,Low
2026-07-28 08:30:24,3,17,17,6.25,7.502,0,Low
2026-07-28 08:40:16,3,17,17,6.25,7.502,0,Low
2026-07-28 08:50:16,3,17,17,6.25,7.502,0,Low
2026-07-28 09:00:20,3,17,17,6.25,7.502,0,Low
2026-07-28 09:10:21,3,17,17,6.25,7.502,0,Low
2026-07-28 09:20:20,2,9,9,6.25,6.876,0,Low
2026-07-28 09:30:25,2,9,9,6.25,6.876,0,Low
2026-07-28 09:40:12,2,9,9,7.502,8.126,0,Low
2026-07-28 09:50:18,3,17,17,6.25,7.502,0,Low
2026-07-28 10:00:25,3,17,17,6.25,7.502,0,Low
2026-07-28 10:10:14,1,8,8,6.25,6.25,0,Low
2026-07-28 10:20:14,1,8,8,6.25,6.25,0,Low
2026-07-28 10:30:22,2,16,16,6.25,7.5,0,Low
2026-07-28 10:40:21,2,16,16,6.25,7.5,0,Low
2026-07-28 10:50:19,2,16,16,6.25,7.5,0,Low
2026-07-28 11:00:21,2,16,16,6.25,7.5,0,Low
2026-07-28 11:10:18,1,8,8,6.25,6.25,0,Low
2026-07-28 11:20:20,2,16,16,6.25,7.5,0,Low
2026-07-28 11:30:16,1,8,8,6.25,6.25,0,Low
2026-07-28 11:40:14,2,16,16,6.25,7.5,0,Low
2026-07-28 11:50:16,2,16,16,6.25,7.5,0,Low
2026-07-28 12:00:23,1,8,8,8.751,8.751,0,Low
2026-07-28 12:10:16,1,8,8,8.751,8.751,0,Low
2026-07-28 12:20:21,2,9,9,7.502,8.126,0,Low
2026-07-28 12:30:17,3,17,17,6.25,7.502,0,Low
2026-07-28 12:40:12,3,17,17,6.25,7.502,0,Low
2026-07-28 12:50:20,3,17,17,6.25,7.502,0,Low
2026-07-28 13:00:28,3,17,17,6.25,7.502,0,Low
2026-07-28 13:10:21,3,17,17,6.25,7.502,0,Low
2026-07-28 13:20:14,3,17,17,6.25,7.502,0,Low
2026-07-28 13:22:18,3,17,17,6.25,7.502,0,Low
2026-07-28 13:30:21,3,17,17,6.25,7.502,0,Low
2026-07-28 13:40:20,3,17,17,6.25,7.502,0,Low
2026-07-28 13:50:21,2,9,9,6.25,6.876,0,Low
2026-07-28 14:00:24,3,17,17,6.25,7.502,0,
2026-07-28 14:10:18,3,17,17,6.25,7.502,0,
2026-07-28 14:20:21,3,17,17,6.25,7.502,0,
2026-07-28 14:30:23,3,17,17,6.25,7.502,0,
2026-07-28 14:40:21,3,17,17,6.25,7.502,0,
2026-07-28 14:50:16,3,17,17,6.25,7.502,0,
2026-07-28 15:00:29,3,17,17,6.25,7.502,0,Low
2026-07-28 15:10:26,3,17,17,6.25,7.502,0,Low
2026-07-28 15:20:16,3,17,17,6.25,7.502,0,Low
2026-07-28 15:30:17,3,17,17,6.25,7.502,0,Low
2026-07-28 15:40:16,3,17,17,6.25,7.502,0,Low
2026-07-28 15:50:16,2,9,9,6.25,6.876,0,Low
2026-07-28 16:00:26,2,9,9,6.25,6.876,0,
2026-07-28 16:10:21,2,12,12,6.251,7.501,0,
2026-07-28 16:20:13,1,8,8,6.25,6.25,0,Low
2026-07-28 16:30:21,1,8,8,6.25,6.25,0,Low
2026-07-28 16:40:16,1,8,8,6.25,6.25,0,Low
2026-07-28 16:50:15,1,8,8,6.25,6.25,0,Low
2026-07-28 17:00:26,,,,,,0,Low
2026-07-28 17:10:23,1,8,8,6.25,6.25,0,Low
2026-07-28 17:20:21,1,8,8,6.25,6.25,0,
2026-07-28 17:30:20,2,9,9,6.25,6.876,0,Low
2026-07-28 17:40:16,1,8,8,6.25,6.25,0,
2026-07-28 17:50:16,2,9,9,6.25,6.876,0,
2026-07-28 18:00:19,2,9,9,6.25,6.876,0,Low
2026-07-28 18:04:43,2,9,9,6.25,6.876,0,
2026-07-28 18:10:17,1,1,1,7.502,7.502,0,
2026-07-28 18:20:17,2,9,9,7.502,8.126,0,
2026-07-28 18:30:19,2,9,9,7.502,8.126,0,Low
2026-07-28 18:40:16,2,9,9,7.502,8.126,0,Low
2026-07-28 18:50:18,2,9,9,7.502,8.126,0,Low
2026-07-28 19:00:20,2,9,9,7.502,8.126,0,Low
2026-07-28 19:10:18,2,9,9,7.502,8.126,0,Low
2026-07-28 19:20:14,2,10,10,7.501,8.126,0,Low
2026-07-28 19:30:20,2,10,10,7.501,8.126,0,Low
2026-07-28 19:40:19,2,10,10,7.501,8.126,0,Low
2026-07-28 19:50:20,2,10,10,7.501,8.126,0,Low
2026-07-28 20:00:22,2,10,10,7.501,8.126,0,Low
2026-07-28 20:10:21,2,10,10,7.501,8.126,0,Low
2026-07-28 20:20:14,2,10,10,7.501,8.126,0,Low
2026-07-28 20:30:16,1,8,8,8.751,8.751,0,Low
2026-07-28 20:40:13,2,9,9,7.502,8.126,0,Low
2026-07-28 20:50:14,2,9,9,7.502,8.126,0,Low
2026-07-28 21:00:19,2,9,9,7.502,8.126,0,Low
2026-07-28 21:10:15,3,17,17,6.25,7.502,0,Low
2026-07-28 21:20:15,2,9,9,7.502,8.126,0,Low
2026-07-28 21:30:16,1,8,8,8.751,8.751,0,
2026-07-28 21:40:14,2,9,9,7.502,8.126,0,Low
2026-07-28 21:48:23,3,17,17,6.25,7.502,0,Low
2026-07-28 21:50:12,3,17,17,6.25,7.502,0,Low
2026-07-28 22:00:24,3,17,17,6.25,7.502,0,Low
2026-07-28 22:10:13,3,17,17,6.25,7.502,0,Low
2026-07-28 22:20:18,3,17,17,6.25,7.502,0,Low
2026-07-28 22:30:22,3,17,17,6.25,7.502,0,Low
2026-07-28 22:40:18,3,17,17,6.25,7.502,0,Low
2026-07-28 22:50:21,3,17,17,6.25,7.502,0,Low
2026-07-28 23:00:18,3,17,17,6.25,7.502,0,Low
2026-07-28 23:10:20,2,16,16,6.25,7.5,0,Low
2026-07-28 23:20:20,2,16,16,6.25,7.5,0,Low
2026-07-28 23:30:16,2,16,16,6.25,7.5,0,Low
2026-07-28 23:40:13,2,16,16,6.25,7.5,0,Low
2026-07-28 23:50:11,2,16,16,6.25,7.5,0,Low
2026-07-29 00:00:19,2,16,16,6.25,7.5,0,Low
2026-07-29 00:10:13,2,16,16,6.25,7.5,0,Low
2026-07-29 00:20:20,2,16,16,6.25,7.5,0,Low
2026-07-29 00:30:14,3,17,17,6.25,7.502,0,Low
2026-07-29 00:40:20,2,16,16,6.25,7.5,0,Low
2026-07-29 00:50:18,2,16,16,6.25,7.5,0,Low
2026-07-29 01:00:22,2,16,16,6.25,7.5,0,Low
2026-07-29 01:10:18,2,16,16,6.25,7.5,0,Low
2026-07-29 01:20:15,2,16,16,6.25,7.5,0,Low
2026-07-29 01:30:15,2,16,16,6.25,7.5,0,Low
2026-07-29 01:40:18,1,8,8,6.25,6.25,0,Low
2026-07-29 01:50:18,1,8,8,6.25,6.25,0,Low
2026-07-29 02:00:17,1,8,8,6.25,6.25,0,Low
2026-07-29 02:10:15,1,8,8,6.25,6.25,0,Low
2026-07-29 02:20:15,1,8,8,6.25,6.25,0,Low
2026-07-29 02:30:20,1,8,8,6.25,6.25,0,Low
2026-07-29 02:40:21,1,8,8,6.25,6.25,0,Low
2026-07-29 02:50:14,1,8,8,6.25,6.25,0,
2026-07-29 03:00:25,1,8,8,6.25,6.25,0,Low
2026-07-29 03:10:14,1,8,8,6.25,6.25,0,
2026-07-29 03:20:19,1,8,8,6.25,6.25,0,
2026-07-29 03:30:16,1,8,8,6.25,6.25,0,Low
2026-07-29 03:40:16,1,8,8,6.25,6.25,0,Low
2026-07-29 03:50:16,1,8,8,6.25,6.25,0,Low
2026-07-29 04:00:17,1,8,8,6.25,6.25,0,Low
2026-07-29 04:10:15,1,8,8,6.25,6.25,0,Low
2026-07-29 04:20:15,1,8,8,6.25,6.25,0,Low
2026-07-29 04:30:20,1,8,8,6.25,6.25,0,Low
2026-07-29 04:40:13,1,8,8,6.25,6.25,0,Low
2026-07-29 04:50:13,1,8,8,6.25,6.25,0,Low
2026-07-29 05:00:18,1,8,8,6.25,6.25,0,Low
2026-07-29 05:10:14,1,8,8,6.25,6.25,0,Low
2026-07-29 05:20:13,1,8,8,6.25,6.25,0,Low
2026-07-29 05:30:17,1,8,8,6.25,6.25,0,Low
2026-07-29 05:40:14,1,8,8,6.25,6.25,0,Low
2026-07-29 05:50:13,1,8,8,6.25,6.25,0,Low
2026-07-29 06:00:21,1,8,8,6.25,6.25,0,Low
2026-07-29 06:10:22,1,8,8,6.25,6.25,0,Low
2026-07-29 06:20:17,1,8,8,6.25,6.25,0,Low
2026-07-29 06:30:22,1,8,8,6.25,6.25,0,Low
2026-07-29 06:40:20,1,8,8,6.25,6.25,0,Low
2026-07-29 06:50:18,1,8,8,6.25,6.25,0,Low
2026-07-29 07:00:22,1,8,8,6.25,6.25,0,Low
2026-07-29 07:10:13,1,8,8,6.25,6.25,0,Low
2026-07-29 07:20:19,1,8,8,6.25,6.25,0,Low
2026-07-29 07:30:22,1,8,8,6.25,6.25,0,Low
2026-07-29 07:40:18,1,8,8,6.25,6.25,0,Low
2026-07-29 07:50:21,1,8,8,6.25,6.25,0,Low
2026-07-29 08:00:27,1,8,8,6.25,6.25,0,Low
2026-07-29 08:01:24,1,8,8,6.25,6.25,0,Low
2026-07-29 08:10:13,1,8,8,6.25,6.25,0,Low
2026-07-29 08:20:12,2,9,9,6.25,6.876,0,Low
2026-07-29 08:30:17,2,9,9,6.25,6.876,0,Low
2026-07-29 08:40:21,2,9,9,6.25,6.876,0,Low
2026-07-29 08:50:12,1,1,1,7.502,7.502,0,Low
2026-07-29 09:00:25,2,9,9,6.25,6.876,0,Low
2026-07-29 09:10:15,1,1,1,7.502,7.502,0,Low
2026-07-29 09:20:14,2,9,9,6.25,6.876,0,Low
2026-07-29 09:30:21,1,1,1,7.502,7.502,0,Low
2026-07-29 09:40:15,1,1,1,7.502,7.502,0,Low
2026-07-29 09:50:13,1,1,1,7.502,7.502,0,Low
2026-07-29 10:00:19,1,1,1,7.502,7.502,0,Low
2026-07-29 10:10:16,1,1,1,7.502,7.502,0,Low
2026-07-29 10:20:22,1,1,1,7.502,7.502,0,Low
2026-07-29 10:30:15,2,9,9,7.502,8.126,0,Low
2026-07-29 10:40:15,2,9,9,7.502,8.126,0,Low
2026-07-29 10:50:14,2,9,9,6.25,6.876,0,Low
2026-07-29 11:00:24,2,9,9,6.25,6.876,0,Low
2026-07-29 11:10:21,2,9,9,6.25,6.876,0,Low
2026-07-29 11:20:13,2,9,9,6.25,6.876,0,Low
2026-07-29 11:30:22,2,9,9,6.25,6.876,0,Low
2026-07-29 11:40:16,2,9,9,6.25,6.876,0,Low
2026-07-29 11:50:13,2,9,9,6.25,6.876,0,Low
2026-07-29 12:00:28,2,9,9,6.25,6.876,0,Low
2026-07-29 12:10:24,2,9,9,6.25,6.876,0,Low
2026-07-29 12:20:15,2,9,9,6.25,6.876,0,Low
2026-07-29 12:30:17,3,17,17,6.25,7.502,0,Low
2026-07-29 12:40:20,2,9,9,6.25,6.876,0,Low
2026-07-29 12:50:22,2,9,9,6.25,6.876,0,Low
2026-07-29 13:00:25,2,9,9,6.25,6.876,0,Low
2026-07-29 13:10:14,2,9,9,6.25,6.876,0,Low
2026-07-29 13:20:20,2,9,9,6.25,6.876,0,Low
2026-07-29 13:30:27,2,9,9,6.25,6.876,0,Low
2026-07-29 13:40:15,2,9,9,6.25,6.876,0,Low
2026-07-29 13:50:21,2,9,9,6.25,6.876,0,Low
2026-07-29 14:00:22,2,9,9,6.25,6.876,0,Low
2026-07-29 14:10:16,1,8,8,6.25,6.25,0,Low
2026-07-29 14:20:22,2,9,9,6.25,6.876,0,Low
2026-07-29 14:30:25,1,8,8,6.25,6.25,0,Low
2026-07-29 14:40:14,1,8,8,6.25,6.25,0,Low
2026-07-29 14:50:20,2,16,16,6.25,7.5,0,Low
2026-07-29 15:00:22,1,8,8,6.25,6.25,0,Low
2026-07-29 15:10:15,1,8,8,5.625,5.625,0,Low
2026-07-29 15:20:13,1,8,8,5.625,5.625,0,Low
2026-07-29 15:30:18,1,8,8,5.625,5.625,0,Low
2026-07-29 15:34:58,1,8,8,5.625,5.625,0,Low
2026-07-29 15:40:21,1,8,8,5.625,5.625,0,Low
2026-07-29 15:50:21,1,8,8,5.625,5.625,0,Low
2026-07-29 16:00:23,1,8,8,5.625,5.625,0,Low
2026-07-29 16:10:31,1,8,8,5.625,5.625,0,Low
2026-07-29 16:20:17,1,8,8,5.625,5.625,0,Low
2026-07-29 16:30:25,1,8,8,5.625,5.625,0,Low
2026-07-29 16:40:20,1,8,8,5.625,5.625,0,Low
2026-07-29 16:50:15,1,8,8,5.625,5.625,0,Low
2026-07-29 17:00:23,1,8,8,5.625,5.625,0,Low
2026-07-29 17:10:13,1,4,4,5.626,5.626,0,Low
2026-07-29 17:20:14,1,4,4,5.626,5.626,0,Low
2026-07-29 17:30:16,1,4,4,5.626,5.626,0,Low
2026-07-29 17:40:14,1,4,4,5.626,5.626,0,Low
2026-07-29 17:50:15,1,4,4,5.626,5.626,0,Low
2026-07-29 18:00:19,1,4,4,5.626,5.626,0,Low
2026-07-29 18:10:21,1,4,4,5.626,5.626,0,Low
2026-07-29 18:20:12,1,4,4,5.626,5.626,0,Low
2026-07-29 18:30:17,1,4,4,5.626,5.626,0,Low
2026-07-29 18:40:18,1,4,4,5.626,5.626,0,Low
2026-07-29 18:44:15,1,4,4,5.626,5.626,0,Low
2026-07-29 18:50:16,1,4,4,5.626,5.626,0,Low
2026-07-29 19:00:21,2,5,5,5.626,6.564,0,Low
2026-07-29 19:10:16,2,5,5,5.626,6.564,0,Low
2026-07-29 19:20:16,2,5,5,5.626,6.564,0,Low
2026-07-29 19:30:18,2,5,5,5.626,6.564,0,Low
2026-07-29 19:40:21,2,5,5,5.626,6.564,0,Low
2026-07-29 19:50:14,2,5,5,5.626,6.564,0,Low
2026-07-29 20:00:19,2,5,5,5.626,6.564,0,Low
2026-07-29 20:10:12,2,5,5,5.626,6.564,0,Low
2026-07-29 20:20:12,2,5,5,5.626,6.564,0,Low
2026-07-29 20:30:14,2,5,5,5.626,6.564,0,Low
2026-07-29 20:40:18,2,5,5,5.626,6.564,0,Low
2026-07-29 20:50:14,2,5,5,5.626,6.564,0,Low
2026-07-29 21:00:19,2,5,5,5.626,6.564,0,Low
2026-07-29 21:10:12,2,5,5,5.626,6.564,0,Low
2026-07-29 21:20:13,2,5,5,5.626,6.564,0,Low
2026-07-29 21:30:20,2,5,5,5.626,6.564,0,Low
2026-07-29 21:40:12,2,5,5,5.626,6.564,0,Low
2026-07-29 21:42:51,2,5,5,5.626,6.564,0,Low
2026-07-29 21:50:12,2,5,5,5.626,6.564,0,Low
2026-07-29 22:00:18,2,5,5,5.626,6.564,0,Low
2026-07-29 22:10:23,2,5,5,5.626,6.564,0,Low
2026-07-29 22:20:17,2,5,5,5.626,6.564,0,Low
2026-07-29 22:30:15,2,5,5,5.626,6.564,0,Low
2026-07-29 22:40:17,2,5,5,5.626,6.564,0,Low
2026-07-29 22:50:15,2,5,5,5.626,6.564,0,Low
2026-07-29 23:00:29,2,5,5,5.626,6.564,0,Low
2026-07-29 23:10:14,2,5,5,5.626,6.564,0,Low
2026-07-29 23:20:15,2,5,5,5.626,6.564,0,Low
2026-07-29 23:30:17,2,5,5,5.626,6.564,0,Low
2026-07-29 23:40:14,2,5,5,5.626,6.564,0,Low
2026-07-29 23:50:13,2,5,5,5.626,6.564,0,Low
2026-07-30 00:00:16,2,5,5,5.626,6.564,0,Low
2026-07-30 00:10:15,2,5,5,5.626,6.564,0,Low
2026-07-30 00:20:19,2,5,5,5.626,6.564,0,Low
2026-07-30 00:30:15,2,5,5,5.626,6.564,0,Low
2026-07-30 00:40:13,2,5,5,5.626,6.564,0,Low
2026-07-30 00:50:14,2,5,5,5.626,6.564,0,Low
2026-07-30 01:00:24,2,5,5,5.626,6.564,0,Low
2026-07-30 01:10:20,2,5,5,5.626,6.564,0,Low
2026-07-30 01:20:11,2,5,5,5.626,6.564,0,Low
2026-07-30 01:30:14,2,5,5,5.626,6.564,0,Low
2026-07-30 01:40:19,2,5,5,5.626,6.564,0,Low
2026-07-30 01:50:14,2,5,5,5.626,6.564,0,Low
2026-07-30 02:00:16,2,5,5,5.626,6.564,0,Low
2026-07-30 02:10:11,2,5,5,5.626,6.564,0,Low
2026-07-30 02:20:11,2,5,5,5.626,6.564,0,Low
2026-07-30 02:30:26,2,5,5,5.626,6.564,0,Low
2026-07-30 02:40:12,2,5,5,5.626,6.564,0,Low
2026-07-30 02:50:14,2,5,5,5.626,6.564,0,Low
2026-07-30 03:00:30,2,5,5,5.626,6.564,0,Low
2026-07-30 03:10:11,2,5,5,5.626,6.564,0,Low
2026-07-30 03:20:15,2,5,5,5.626,6.564,0,Low
2026-07-30 03:30:13,2,5,5,5.626,6.564,0,Low
2026-07-30 03:40:15,2,5,5,5.626,6.564,0,Low
2026-07-30 03:50:12,2,5,5,5.626,6.564,0,Low
2026-07-30 04:00:17,2,5,5,5.626,6.564,0,Low
2026-07-30 04:10:20,2,5,5,5.626,6.564,0,Low
2026-07-30 04:20:12,2,5,5,5.626,6.564,0,Low
2026-07-30 04:30:16,2,5,5,5.626,6.564,0,Low
2026-07-30 04:40:13,2,5,5,5.626,6.564,0,Low
2026-07-30 04:50:13,2,5,5,5.626,6.564,0,Low
2026-07-30 05:00:17,2,6,6,5.626,6.563,0,Low
2026-07-30 05:10:16,2,6,6,5.626,6.563,0,Low
2026-07-30 05:20:14,2,5,5,5.626,6.564,0,Low
2026-07-30 05:30:18,2,6,6,5.626,6.563,0,Low
2026-07-30 05:40:14,2,6,6,5.626,6.563,0,Low
2026-07-30 05:50:20,2,6,6,5.626,6.563,0,Low
2026-07-30 06:00:19,2,6,6,5.626,6.563,0,Low
2026-07-30 06:10:13,2,6,6,5.626,6.563,0,
2026-07-30 06:20:12,2,6,6,5.626,6.563,0,
2026-07-30 06:30:18,2,6,6,5.626,6.563,0,
2026-07-30 06:40:15,2,6,6,5.626,6.563,0,
2026-07-30 06:50:21,2,6,6,5.626,6.563,0,
2026-07-30 07:00:18,2,6,6,5.626,6.563,0,
2026-07-30 07:10:21,2,6,6,5.626,6.563,0,Low
2026-07-30 07:20:23,2,6,6,5.626,6.563,0,Low
2026-07-30 07:30:23,2,6,6,5.626,6.563,0,Low
2026-07-30 07:40:20,2,6,6,5.626,6.563,0,Low
2026-07-30 07:41:20,2,6,6,5.626,6.563,0,Low
2026-07-30 07:50:12,3,14,14,5.626,7.501,0,Low
2026-07-30 08:00:17,3,14,14,5.626,7.501,0,Low
2026-07-30 08:10:12,3,14,14,5.626,7.501,0,Low
2026-07-30 08:20:12,2,12,12,5.626,7.188,0,Low
2026-07-30 08:30:23,2,12,12,5.626,7.188,0,Low
2026-07-30 08:40:22,2,12,12,5.626,7.188,0,
2026-07-30 08:50:20,2,12,12,5.626,7.188,0,
2026-07-30 09:00:19,2,12,12,5.626,7.188,0,
2026-07-30 09:10:13,1,4,4,5.626,5.626,0,Low
2026-07-30 09:20:21,1,4,4,5.626,5.626,0,Low
2026-07-30 09:30:16,1,4,4,5.626,5.626,0,Low
2026-07-30 09:40:13,1,4,4,5.626,5.626,0,Low
2026-07-30 09:50:14,1,4,4,5.626,5.626,0,Low
2026-07-30 10:00:22,1,4,4,5.626,5.626,0,Low
2026-07-30 10:10:13,1,4,4,5.626,5.626,0,
2026-07-30 10:20:24,1,4,4,5.626,5.626,0,
2026-07-30 10:30:15,1,4,4,5.626,5.626,0,
2026-07-30 10:40:12,1,4,4,5.626,5.626,0,
2026-07-30 10:50:22,1,4,4,5.626,5.626,0,
2026-07-30 11:00:20,1,4,4,5.626,5.626,0,
2026-07-30 11:10:15,1,4,4,5.626,5.626,0,
2026-07-30 11:20:24,1,4,4,5.626,5.626,0,
2026-07-30 11:30:14,1,4,4,5.626,5.626,0,
2026-07-30 11:40:19,1,4,4,5.626,5.626,0,
2026-07-30 11:50:22,1,4,4,5.626,5.626,0,
2026-07-30 12:00:18,1,4,4,5.626,5.626,0,
2026-07-30 12:10:18,1,4,4,5.626,5.626,0,
2026-07-30 12:20:15,1,4,4,5.626,5.626,0,Low
2026-07-30 12:30:15,1,4,4,5.626,5.626,0,Low
2026-07-30 12:40:15,1,4,4,5.626,5.626,0,Low
2026-07-30 12:50:20,1,4,4,5.626,5.626,0,Low
2026-07-30 13:00:28,1,4,4,5.626,5.626,0,Low
2026-07-30 13:10:14,1,4,4,5.626,5.626,0,Low
2026-07-30 13:17:20,1,4,4,5.626,5.626,0,Low
2026-07-30 13:20:13,1,4,4,5.626,5.626,0,Low
2026-07-30 13:30:15,1,4,4,5.626,5.626,0,Low
2026-07-30 13:40:14,1,4,4,5.626,5.626,0,Low
2026-07-30 13:50:19,1,4,4,5.626,5.626,0,Low
2026-07-30 14:00:25,1,4,4,5.626,5.626,0,Low
2026-07-30 14:10:19,1,4,4,5.626,5.626,0,Low
2026-07-30 14:20:24,1,4,4,5.626,5.626,0,Low
2026-07-30 14:30:19,1,4,4,5.626,5.626,0,Low
2026-07-30 14:40:24,1,8,8,5.625,5.625,0,Low
2026-07-30 14:50:24,1,8,8,5.625,5.625,0,Low
2026-07-30 15:00:18,1,8,8,5.625,5.625,0,Low
2026-07-30 15:10:20,1,8,8,5.625,5.625,0,Low
2026-07-30 15:20:20,1,8,8,5.625,5.625,0,Low
2026-07-30 15:30:24,1,8,8,5.625,5.625,0,Low
2026-07-30 15:40:21,1,8,8,5.625,5.625,0,Low
2026-07-30 15:50:15,1,8,8,5.625,5.625,0,Low
2026-07-30 16:00:18,0,0,0,,,0,Low
2026-07-30 16:10:20,0,0,0,,,0,Low
2026-07-30 16:20:13,0,0,0,,,0,Low
2026-07-30 16:30:17,1,8,8,8.751,8.751,0,Low
2026-07-30 16:40:14,1,8,8,8.751,8.751,0,Low
2026-07-30 16:50:16,0,0,0,,,0,Low
2026-07-30 17:00:17,0,0,0,,,0,Low
2026-07-30 17:10:20,1,8,8,5.625,5.625,0,Low
2026-07-30 17:20:20,1,8,8,5.625,5.625,0,Low
2026-07-30 17:30:22,1,8,8,5.625,5.625,0,Low
2026-07-30 17:40:13,1,8,8,5.625,5.625,0,Low
2026-07-30 17:50:12,1,8,8,5.625,5.625,0,Low
2026-07-30 18:00:26,1,8,8,5.625,5.625,0,Low
2026-07-30 18:04:34,1,8,8,5.625,5.625,0,Low
2026-07-30 18:10:15,1,8,8,5.625,5.625,0,Low
2026-07-30 18:20:12,2,16,16,5.625,7.188,0,Low
2026-07-30 18:30:16,2,16,16,5.625,7.188,0,Low
2026-07-30 18:40:27,2,16,16,5.625,7.188,0,Low
2026-07-30 18:50:12,2,16,16,5.625,7.188,0,Low
2026-07-30 19:00:25,2,16,16,5.625,7.188,0,Low
2026-07-30 19:10:17,2,16,16,5.625,7.188,0,Low
2026-07-30 19:20:18,0,0,0,,,0,Low
2026-07-30 19:30:16,0,0,0,,,0,Low
2026-07-30 19:40:25,0,0,0,,,0,Low
2026-07-30 19:50:18,0,0,0,,,0,
2026-07-30 20:00:18,0,0,0,,,0,Low
2026-07-30 20:10:13,0,0,0,,,0,Low
2026-07-30 20:20:13,0,0,0,,,0,Low
2026-07-30 20:30:22,0,0,0,,,0,Low
2026-07-30 20:40:19,0,0,0,,,0,
2026-07-30 20:50:16,0,0,0,,,0,
2026-07-30 21:00:18,2,16,16,5.625,7.188,0,
2026-07-30 21:10:13,2,12,12,5.626,7.188,0,
2026-07-30 21:20:16,2,12,12,5.626,7.188,0,
2026-07-30 21:30:16,2,12,12,5.626,7.188,0,
2026-07-30 21:40:15,2,12,12,5.626,7.188,0,
2026-07-30 21:50:11,2,12,12,5.626,7.188,0,
2026-07-30 21:53:21,2,12,12,5.626,7.188,0,
2026-07-30 22:08:09,2,12,12,5.626,7.188,0,
2026-07-30 22:10:13,2,12,12,5.626,7.188,0,
2026-07-30 22:20:14,2,12,12,5.626,7.188,0,Low
2026-07-30 22:30:17,2,12,12,5.626,7.188,0,Low
2026-07-30 22:40:22,2,12,12,5.626,7.188,0,Low
2026-07-30 22:50:11,2,12,12,5.626,7.188,0,Low
2026-07-30 23:00:18,2,12,12,5.626,7.188,0,
2026-07-30 23:10:14,2,12,12,5.626,7.188,0,
2026-07-30 23:20:14,2,12,12,5.626,7.188,0,Low
2026-07-30 23:30:14,2,12,12,5.626,7.188,0,Low
2026-07-30 23:40:22,2,12,12,5.626,7.188,0,Low
2026-07-30 23:50:16,2,12,12,5.626,7.188,0,Low
2026-07-31 00:00:16,2,12,12,5.626,7.188,0,Low
2026-07-31 00:10:11,1,4,4,5.626,5.626,0,Low
2026-07-31 00:20:14,1,4,4,5.626,5.626,0,Low
2026-07-31 00:30:20,2,12,12,5.626,7.188,0,Low
2026-07-31 00:40:19,2,12,12,5.626,7.188,0,
2026-07-31 00:50:14,1,4,4,5.626,5.626,0,
2026-07-31 01:00:18,1,4,4,5.626,5.626,0,
2026-07-31 01:10:13,1,4,4,5.626,5.626,0,Low
2026-07-31 01:20:12,1,4,4,5.626,5.626,0,Low
2026-07-31 01:30:19,1,4,4,5.626,5.626,0,Low
2026-07-31 01:40:16,1,4,4,5.626,5.626,0,Low
2026-07-31 01:50:19,1,4,4,5.626,5.626,0,Low
2026-07-31 02:00:18,1,4,4,5.626,5.626,0,Low
2026-07-31 02:10:20,1,4,4,5.626,5.626,0,Low
2026-07-31 02:20:17,1,4,4,5.626,5.626,0,Low
2026-07-31 02:30:14,1,4,4,5.626,5.626,0,Low
2026-07-31 02:40:22,1,4,4,5.626,5.626,0,Low
2026-07-31 02:50:16,1,4,4,5.626,5.626,0,
2026-07-31 03:00:25,1,4,4,5.626,5.626,0,
2026-07-31 03:10:14,1,4,4,5.626,5.626,0,
2026-07-31 03:20:19,1,4,4,5.626,5.626,0,
2026-07-31 03:30:14,1,4,4,5.626,5.626,0,
2026-07-31 03:40:13,1,4,4,5.626,5.626,0,
2026-07-31 03:50:14,1,4,4,5.626,5.626,0,
2026-07-31 04:00:18,4,21,21,5.626,8.751,0,
2026-07-31 04:10:14,4,22,22,5.626,8.751,0,
2026-07-31 04:20:13,4,25,25,5.625,8.751,0,
2026-07-31 04:30:21,3,24,24,5.625,8.751,0,
2026-07-31 04:40:17,3,24,24,5.625,8.751,0,
2026-07-31 04:50:14,4,28,28,5.625,8.751,0,
2026-07-31 05:00:17,3,24,24,5.625,8.751,0,
2026-07-31 05:10:11,4,25,25,5.625,8.751,0,Low
2026-07-31 05:20:11,4,26,26,5.625,8.751,0,Low
2026-07-31 05:30:19,3,24,24,5.625,8.751,0,Low
2026-07-31 05:40:19,4,25,25,5.625,8.751,0,Low
2026-07-31 05:50:15,4,26,26,8.751,8.751,0,Low
2026-07-31 06:00:18,4,25,25,8.751,8.751,0,Low
2026-07-31 06:10:18,3,24,24,8.751,8.751,0,Low
2026-07-31 06:20:13,4,26,26,8.751,8.751,0,Low
2026-07-31 06:30:16,3,24,24,8.751,8.751,0,Low
2026-07-31 06:40:22,4,26,26,8.751,8.751,0,Low
2026-07-31 06:50:21,4,25,25,8.751,8.751,0,Low
2026-07-31 07:00:16,4,28,28,8.751,8.751,0,Low
2026-07-31 07:10:18,4,25,25,8.751,8.751,0,Low
2026-07-31 07:20:13,4,25,25,8.751,8.751,0,Low
2026-07-31 07:30:22,3,24,24,8.751,8.751,0,Low
2026-07-31 07:40:20,4,26,26,8.751,8.751,0,Low
2026-07-31 07:50:18,3,24,24,8.751,8.751,0,Low
2026-07-31 08:00:25,4,25,25,8.751,8.751,0,Low
2026-07-31 08:10:12,4,25,25,8.751,8.751,0,Low
2026-07-31 08:19:29,3,24,24,8.751,8.751,0,Low
2026-07-31 08:20:12,3,24,24,8.751,8.751,0,Low
2026-07-31 08:30:21,3,24,24,8.751,8.751,0,Low
2026-07-31 08:40:14,3,24,24,8.751,8.751,0,Low
2026-07-31 08:50:21,4,25,25,8.751,8.751,0,Low
2026-07-31 09:00:21,3,24,24,8.751,8.751,0,Low
2026-07-31 09:10:15,3,24,24,8.751,8.751,0,Low
2026-07-31 09:20:13,4,28,28,8.751,8.751,0,Low
2026-07-31 09:30:14,2,16,16,8.751,8.751,0,Low
2026-07-31 09:40:12,0,0,0,,,0,Low
2026-07-31 09:50:21,0,0,0,,,0,Low
2026-07-31 10:00:28,0,0,0,,,0,Low
2026-07-31 10:10:14,0,0,0,,,0,Low
2026-07-31 10:20:18,0,0,0,,,0,Low
2026-07-31 10:30:17,0,0,0,,,0,Low
2026-07-31 10:40:15,0,0,0,,,0,Low
2026-07-31 10:50:20,0,0,0,,,0,Low
2026-07-31 11:00:20,0,0,0,,,0,Low
2026-07-31 11:10:19,0,0,0,,,0,Low
2026-07-31 11:20:13,0,0,0,,,0,Low
2026-07-31 11:30:21,0,0,0,,,0,Low
2026-07-31 11:40:17,0,0,0,,,0,Low
2026-07-31 11:50:16,0,0,0,,,0,Low
2026-07-31 12:00:23,0,0,0,,,0,Low
2026-07-31 12:10:15,1,8,8,8.751,8.751,0,Low
2026-07-31 12:20:13,2,16,16,8.751,8.751,0,Low
2026-07-31 12:30:16,2,16,16,8.751,8.751,0,Low
2026-07-31 12:40:11,2,16,16,8.751,8.751,0,Low
2026-07-31 12:50:19,2,16,16,8.751,8.751,0,Low
2026-07-31 13:00:26,2,16,16,8.751,8.751,0,Low
2026-07-31 13:10:15,2,16,16,8.751,8.751,0,Low
2026-07-31 13:20:23,2,16,16,8.751,8.751,0,Low
2026-07-31 13:30:18,2,16,16,8.751,8.751,0,Low
2026-07-31 13:40:23,2,16,16,8.751,8.751,0,Low
2026-07-31 13:50:12,2,16,16,8.751,8.751,0,Low
2026-07-31 14:00:19,2,16,16,8.751,8.751,0,
2026-07-31 14:10:18,2,16,16,8.751,8.751,0,
2026-07-31 14:20:20,2,16,16,8.751,8.751,0,
2026-07-31 14:30:17,2,16,16,8.751,8.751,0,
2026-07-31 14:40:14,2,16,16,8.751,8.751,0,
2026-07-31 14:50:13,2,16,16,8.751,8.751,0,Low
2026-07-31 15:00:25,2,16,16,8.751,8.751,0,Low
2026-07-31 15:10:25,2,16,16,8.751,8.751,0,Low
2026-07-31 15:20:20,2,16,16,8.751,8.751,0,Low
2026-07-31 15:30:23,2,16,16,8.751,8.751,0,Low
2026-07-31 15:40:36,2,16,16,8.751,8.751,0,Low
2026-07-31 15:51:50,2,16,16,8.751,8.751,0,Low
2026-07-31 16:00:25,2,16,16,8.751,8.751,0,Low
2026-07-31 16:10:24,2,16,16,8.751,8.751,0,Low
2026-07-31 16:20:19,2,16,16,8.751,8.751,0,Low
2026-07-31 16:30:32,2,16,16,8.751,8.751,0,Low
2026-07-31 16:40:16,3,18,18,7.501,8.751,0,Low
2026-07-31 16:50:14,4,26,26,7.501,8.751,0,Low
2026-07-31 17:00:26,2,10,10,7.501,8.126,0,Low
2026-07-31 17:10:15,2,10,10,7.501,8.126,0,Low
2026-07-31 17:20:25,2,10,10,7.501,8.126,0,Low
2026-07-31 17:30:21,2,10,10,7.501,8.126,0,Low
2026-07-31 17:41:19,2,10,10,7.501,8.126,0,Low
2026-07-31 17:50:13,2,10,10,7.501,8.126,0,Low
2026-07-31 18:00:24,2,10,10,7.501,8.126,0,Low
2026-07-31 18:10:20,2,10,10,7.501,8.126,0,Low
2026-07-31 18:20:25,2,10,10,7.501,8.126,0,Low
2026-07-31 18:37:07,3,18,18,7.501,8.751,0,Low
2026-07-31 18:40:25,3,18,18,7.501,8.751,0,Low
2026-07-31 18:50:21,3,18,18,7.501,8.751,0,Low
2026-07-31 19:00:25,3,18,18,7.501,8.751,0,Low
2026-07-31 19:10:17,3,18,18,7.501,8.751,0,Low
2026-07-31 19:20:15,3,18,18,7.501,8.751,0,Low
2026-07-31 19:30:22,3,18,18,7.501,8.751,0,Low
2026-07-31 19:40:13,3,18,18,7.501,8.751,0,Low
2026-07-31 19:50:15,3,18,18,7.501,8.751,0,Low
2026-07-31 20:00:19,2,16,16,8.751,8.751,0,Low
2026-07-31 20:10:21,3,18,18,7.501,8.751,0,Low
2026-07-31 20:20:15,3,18,18,7.501,8.751,0,Low
2026-07-31 20:32:41,3,18,18,7.501,8.751,0,Low
2026-07-31 20:42:28,3,18,18,7.501,8.751,0,Low
2026-07-31 20:50:29,2,16,16,8.751,8.751,0,Low
2026-07-31 21:00:26,2,16,16,8.751,8.751,0,Low
2026-07-31 21:10:12,2,16,16,8.751,8.751,0,Low
2026-07-31 21:20:13,2,16,16,8.751,8.751,0,Low
2026-07-31 21:32:39,2,16,16,8.751,8.751,0,Low
2026-07-31 21:40:19,2,16,16,8.751,8.751,0,Low
2026-07-31 21:50:16,2,16,16,8.751,8.751,0,Low
2026-07-31 22:00:18,2,16,16,8.751,8.751,0,Low
2026-07-31 22:10:14,2,16,16,8.751,8.751,0,Low
2026-07-31 22:20:21,2,16,16,8.751,8.751,0,Low
2026-07-31 22:30:24,2,16,16,8.751,8.751,0,Low
2026-07-31 22:40:18,2,16,16,8.751,8.751,0,
2026-07-31 22:50:12,2,16,16,8.751,8.751,0,Low
2026-07-31 23:00:20,2,16,16,8.751,8.751,0,Low
2026-07-31 23:10:20,2,16,16,8.751,8.751,0,Low
2026-07-31 23:20:19,3,18,18,7.501,8.751,0,Low
2026-07-31 23:30:16,2,10,10,7.501,8.126,0,Low
2026-07-31 23:40:15,2,10,10,7.501,8.126,0,Low
2026-07-31 23:50:15,2,10,10,7.501,8.126,0,Low
2026-08-01 00:00:26,2,10,10,7.501,8.126,0,Low
2026-08-01 00:10:14,2,10,10,7.501,8.126,0,Low
2026-08-01 00:20:20,2,10,10,7.501,8.126,0,Low
2026-08-01 00:31:52,2,10,10,7.501,8.126,0,Low
2026-08-01 00:40:17,2,10,10,7.501,8.126,0,Low
2026-08-01 00:50:13,2,10,10,7.501,8.126,0,Low
2026-08-01 01:02:41,2,10,10,7.501,8.126,0,Low
2026-08-01 01:14:15,1,2,2,7.501,7.501,0,Low
2026-08-01 01:20:16,1,2,2,7.501,7.501,0,Low
2026-08-01 01:30:16,1,2,2,7.501,7.501,0,Low
2026-08-01 01:40:11,1,2,2,7.501,7.501,0,Low
2026-08-01 01:50:13,1,2,2,7.501,7.501,0,Low
2026-08-01 02:02:32,1,2,2,7.501,7.501,0,Low
2026-08-01 02:10:17,1,2,2,7.501,7.501,0,Low
2026-08-01 02:20:11,1,2,2,7.501,7.501,0,Low
2026-08-01 02:30:16,1,2,2,7.501,7.501,0,Low
2026-08-01 02:40:22,1,2,2,7.501,7.501,0,Low
2026-08-01 02:50:17,1,2,2,7.501,7.501,0,Low
2026-08-01 03:00:18,1,2,2,7.501,7.501,0,Low
2026-08-01 03:10:11,1,2,2,7.501,7.501,0,Low
2026-08-01 03:20:20,2,10,10,7.501,8.126,0,Low
2026-08-01 03:32:51,2,10,10,7.501,8.126,0,Low
2026-08-01 03:40:21,2,10,10,7.501,8.126,0,Low
2026-08-01 03:50:20,2,10,10,7.501,8.126,0,Low
2026-08-01 04:02:21,2,10,10,7.501,8.126,0,Low
2026-08-01 04:10:18,2,10,10,7.501,8.126,0,Low
2026-08-01 04:20:14,2,10,10,7.501,8.126,0,Low
2026-08-01 04:30:20,2,10,10,7.501,8.126,0,Low
2026-08-01 04:40:18,2,10,10,7.501,8.126,0,Low
2026-08-01 04:50:12,2,10,10,7.501,8.126,0,Low
2026-08-01 05:02:14,2,10,10,7.501,8.126,0,Low
2026-08-01 05:10:13,2,10,10,7.501,8.126,0,Low
2026-08-01 05:20:14,2,10,10,7.501,8.126,0,Low
2026-08-01 05:32:24,2,10,10,7.501,8.126,0,Low
2026-08-01 05:40:12,2,10,10,7.501,8.126,0,Low
2026-08-01 05:50:17,2,10,10,7.501,8.126,0,Low
2026-08-01 06:00:28,2,10,10,7.501,8.126,0,Low
2026-08-01 06:12:00,2,10,10,7.501,8.126,0,Low
2026-08-01 06:20:12,3,18,18,7.501,8.751,0,Low
2026-08-01 06:30:22,3,18,18,7.501,8.751,0,Low
2026-08-01 06:42:34,3,18,18,7.501,8.751,0,Low
2026-08-01 06:50:14,3,18,18,7.501,8.751,0,Low
2026-08-01 07:00:18,2,10,10,7.501,8.126,0,Low
2026-08-01 07:10:16,2,10,10,7.501,8.126,0,Low
2026-08-01 07:20:21,2,10,10,7.501,8.126,0,Low
2026-08-01 07:30:17,2,10,10,7.501,8.126,0,Low
2026-08-01 07:40:12,2,10,10,7.501,8.126,0,Low
2026-08-01 07:50:16,2,10,10,7.501,8.126,0,Low
2026-08-01 08:00:17,2,10,10,7.501,8.126,0,Low
2026-08-01 08:10:18,2,10,10,7.501,8.126,0,Low
2026-08-01 08:20:14,2,10,10,7.501,8.126,0,Low
2026-08-01 08:30:15,2,10,10,7.501,8.126,0,Low
2026-08-01 08:41:52,2,10,10,7.501,8.126,0,Low
2026-08-01 08:50:14,2,10,10,7.501,8.126,0,Low
2026-08-01 09:00:26,2,10,10,7.501,8.126,0,Low
2026-08-01 09:10:16,2,10,10,7.501,8.126,0,Low
2026-08-01 09:20:15,3,18,18,7.501,8.751,0,Low
2026-08-01 09:30:16,3,18,18,7.501,8.751,0,Low
2026-08-01 09:40:14,3,18,18,7.501,8.751,0,Low
2026-08-01 09:52:46,3,18,18,7.501,8.751,0,Low
2026-08-01 10:03:06,3,18,18,7.501,8.751,0,Low
2026-08-01 10:10:14,3,18,18,7.501,8.751,0,Low
2026-08-01 10:21:32,3,18,18,7.501,8.751,0,Low
2026-08-01 10:30:16,2,10,10,7.501,8.126,0,Low
2026-08-01 10:40:15,2,10,10,7.501,8.126,0,Low
2026-08-01 10:50:13,2,10,10,7.501,8.126,0,Low
2026-08-01 11:00:16,2,10,10,7.501,8.126,0,Low
2026-08-01 11:11:45,2,10,10,7.501,8.126,0,Low
2026-08-01 11:30:18,2,10,10,7.501,8.126,0,Low
2026-08-01 11:40:36,2,10,10,7.501,8.126,0,Low
2026-08-01 11:50:13,2,10,10,7.501,8.126,0,Low
2026-08-01 12:00:25,2,10,10,7.501,8.126,0,Low
2026-08-01 12:10:14,2,10,10,7.501,8.126,0,Low
2026-08-01 12:13:43,2,10,10,7.501,8.126,0,Low
2026-08-01 12:20:13,2,10,10,7.501,8.126,0,Low
2026-08-01 12:30:15,2,10,10,7.501,8.126,0,Low
2026-08-01 12:42:13,2,10,10,7.501,8.126,0,Low
2026-08-01 12:50:15,1,2,2,7.501,7.501,0,Low
2026-08-01 13:00:18,1,2,2,7.501,7.501,0,Low
2026-08-01 13:10:14,1,2,2,7.501,7.501,0,Low
2026-08-01 13:20:13,1,2,2,7.501,7.501,0,Low
2026-08-01 13:30:17,1,2,2,7.501,7.501,0,Low
2026-08-01 13:40:18,1,2,2,7.501,7.501,0,Low
2026-08-01 13:50:13,1,2,2,7.501,7.501,0,Low
2026-08-01 14:00:17,1,2,2,7.501,7.501,0,Low
2026-08-01 14:11:49,1,2,2,7.501,7.501,0,Low
2026-08-01 14:20:20,1,2,2,7.501,7.501,0,Low
2026-08-01 14:30:22,1,2,2,7.501,7.501,0,Low
2026-08-01 14:40:14,1,2,2,7.501,7.501,0,Low
2026-08-01 14:50:14,1,2,2,7.501,7.501,0,Low
2026-08-01 15:00:23,1,2,2,7.501,7.501,0,Low
2026-08-01 15:10:25,1,2,2,7.501,7.501,0,Low
2026-08-01 15:20:19,1,2,2,7.501,7.501,0,Low
2026-08-01 15:32:08,1,2,2,7.501,7.501,0,Low
2026-08-01 15:40:15,1,2,2,7.501,7.501,0,Low
2026-08-01 15:46:48,1,2,2,7.501,7.501,0,Low
2026-08-01 15:50:13,1,2,2,7.501,7.501,0,Low
2026-08-01 16:00:17,1,2,2,7.501,7.501,0,Low
2026-08-01 16:10:14,1,2,2,7.501,7.501,0,Low
2026-08-01 16:20:19,1,2,2,7.501,7.501,0,Low
2026-08-01 16:31:43,1,2,2,7.501,7.501,0,Low
2026-08-01 16:40:13,1,2,2,7.501,7.501,0,Low
2026-08-01 16:50:15,1,2,2,7.501,7.501,0,Low
2026-08-01 17:00:17,1,2,2,7.501,7.501,0,Low
2026-08-01 17:10:12,1,2,2,7.501,7.501,0,Low
2026-08-01 17:20:20,1,2,2,7.501,7.501,0,Low
2026-08-01 17:32:46,1,2,2,7.501,7.501,0,Low
2026-08-01 17:42:52,1,2,2,7.501,7.501,0,Low
2026-08-01 17:50:17,1,2,2,7.501,7.501,0,Low
2026-08-01 18:02:27,2,10,10,7.501,8.126,0,Low
2026-08-01 18:10:16,2,10,10,7.501,8.126,0,Low
2026-08-01 18:20:13,2,10,10,7.501,8.126,0,Low
2026-08-01 18:30:22,2,10,10,7.501,8.126,0,Low
2026-08-01 18:40:18,2,10,10,7.501,8.126,0,Low
2026-08-01 18:50:12,2,10,10,7.501,8.126,0,Low
2026-08-01 19:00:19,1,2,2,7.501,7.501,0,Low
2026-08-01 19:10:13,1,2,2,7.501,7.501,0,Low
2026-08-01 19:20:15,1,2,2,7.501,7.501,0,Low
2026-08-01 19:30:17,1,2,2,7.501,7.501,0,Low
2026-08-01 19:40:16,1,2,2,7.501,7.501,0,Low
2026-08-01 19:50:14,1,2,2,7.501,7.501,0,Low
2026-08-01 20:00:23,1,2,2,7.501,7.501,0,Low
2026-08-01 20:02:26,1,2,2,7.501,7.501,0,Low
2026-08-01 20:10:15,1,2,2,7.501,7.501,0,Low
2026-08-01 20:20:21,1,4,4,7.501,7.501,0,Low
2026-08-01 20:30:15,1,4,4,7.501,7.501,0,Low
2026-08-01 20:41:34,1,4,4,7.501,7.501,0,Low
2026-08-01 20:53:11,1,4,4,7.501,7.501,0,Low
2026-08-01 21:02:21,1,4,4,7.501,7.501,0,Low
2026-08-01 21:10:16,1,4,4,7.501,7.501,0,Low
2026-08-01 21:20:20,1,4,4,7.501,7.501,0,Low
2026-08-01 21:32:38,1,4,4,7.501,7.501,0,Low
2026-08-01 21:43:43,1,4,4,7.501,7.501,0,Low
2026-08-01 21:53:10,1,4,4,7.501,7.501,0,Low
2026-08-01 22:03:35,1,4,4,7.501,7.501,0,Low
2026-08-01 22:10:13,1,4,4,7.501,7.501,0,Low
2026-08-01 22:20:21,1,4,4,7.501,7.501,0,Low
2026-08-01 22:33:00,1,4,4,7.501,7.501,0,Low
2026-08-01 22:46:44,1,4,4,7.501,7.501,0,Low
2026-08-01 22:54:43,1,4,4,7.501,7.501,0,Low
2026-08-01 23:02:48,1,4,4,7.501,7.501,0,Low
2026-08-01 23:16:41,1,4,4,7.501,7.501,0,Low
2026-08-01 23:20:18,1,4,4,7.501,7.501,0,Low
2026-08-01 23:32:39,1,4,4,7.501,7.501,0,Low
2026-08-01 23:38:19,1,4,4,7.501,7.501,0,Low
2026-08-01 23:40:14,1,4,4,7.501,7.501,0,Low
2026-08-01 23:50:13,1,4,4,7.501,7.501,0,Low
2026-08-02 00:00:17,1,4,4,7.501,7.501,0,Low
2026-08-02 00:10:14,1,4,4,7.501,7.501,0,Low
2026-08-02 00:20:14,1,4,4,7.501,7.501,0,Low
2026-08-02 00:32:06,1,4,4,7.501,7.501,0,Low
2026-08-02 00:43:11,1,4,4,7.501,7.501,0,Low
2026-08-02 00:50:17,1,4,4,7.501,7.501,0,Low
2026-08-02 01:02:47,1,4,4,7.501,7.501,0,Low
2026-08-02 01:10:15,1,4,4,7.501,7.501,0,Low
2026-08-02 01:23:36,1,4,4,7.501,7.501,0,Low
2026-08-02 01:30:15,1,4,4,7.501,7.501,0,Low
2026-08-02 01:40:14,1,4,4,7.501,7.501,0,Low
2026-08-02 01:50:21,1,4,4,7.501,7.501,0,Low
2026-08-02 02:00:20,1,4,4,7.501,7.501,0,Low
2026-08-02 02:10:15,1,2,2,7.501,7.501,0,Low
2026-08-02 02:20:13,1,2,2,7.501,7.501,0,Low
2026-08-02 02:32:04,1,2,2,7.501,7.501,0,Low
2026-08-02 02:40:14,1,2,2,7.501,7.501,0,Low
2026-08-02 02:50:17,1,4,4,7.501,7.501,0,Low
2026-08-02 03:00:17,1,4,4,7.501,7.501,0,Low
2026-08-02 03:11:35,1,4,4,7.501,7.501,0,Low
2026-08-02 03:20:14,1,4,4,7.501,7.501,0,Low
2026-08-02 03:34:13,1,4,4,7.501,7.501,0,Low
2026-08-02 03:40:17,1,4,4,7.501,7.501,0,Low
2026-08-02 03:52:50,1,4,4,7.501,7.501,0,Low
2026-08-02 04:03:31,1,4,4,7.501,7.501,0,Low
2026-08-02 04:17:06,1,4,4,7.501,7.501,0,Low
2026-08-02 04:29:49,1,4,4,7.501,7.501,0,Low
2026-08-02 04:49:24,1,4,4,7.501,7.501,0,Low
2026-08-02 04:54:53,1,4,4,7.501,7.501,0,Low
2026-08-02 05:04:36,1,4,4,7.501,7.501,0,Low
2026-08-02 05:18:49,1,4,4,7.501,7.501,0,Low
2026-08-02 05:41:26,1,4,4,7.501,7.501,0,Low
2026-08-02 05:50:15,1,4,4,7.501,7.501,0,Low
2026-08-02 06:00:18,1,4,4,7.501,7.501,0,Low
2026-08-02 06:18:57,1,4,4,7.501,7.501,0,Low
2026-08-02 06:21:21,1,4,4,7.501,7.501,0,Low
2026-08-02 06:30:15,1,4,4,7.501,7.501,0,Low
2026-08-02 06:40:13,1,4,4,7.501,7.501,0,Low
2026-08-02 06:51:44,1,4,4,7.501,7.501,0,Low
2026-08-02 07:00:18,1,4,4,7.501,7.501,0,Low
2026-08-02 07:10:14,1,4,4,7.501,7.501,0,Low
2026-08-02 07:20:21,1,4,4,7.501,7.501,0,Low
2026-08-02 07:30:16,1,4,4,7.501,7.501,0,Low
2026-08-02 07:40:14,1,4,4,7.501,7.501,0,Low
2026-08-02 07:50:14,1,4,4,7.501,7.501,0,Low
2026-08-02 07:53:03,1,4,4,7.501,7.501,0,Low
2026-08-02 08:00:18,1,4,4,7.501,7.501,0,Low
2026-08-02 08:10:19,1,4,4,7.501,7.501,0,Low
2026-08-02 08:20:13,1,4,4,7.501,7.501,0,Low
2026-08-02 08:30:17,1,4,4,7.501,7.501,0,Low
2026-08-02 08:40:15,1,4,4,7.501,7.501,0,Low
2026-08-02 08:50:20,1,4,4,7.501,7.501,0,Low
2026-08-02 09:00:17,1,4,4,7.501,7.501,0,Low
2026-08-02 09:10:14,1,4,4,7.501,7.501,0,Low
2026-08-02 09:20:13,1,4,4,7.501,7.501,0,Low
2026-08-02 09:30:16,1,4,4,7.501,7.501,0,Low
2026-08-02 09:40:14,1,4,4,7.501,7.501,0,Low
2026-08-02 09:50:15,1,4,4,7.501,7.501,0,Low
2026-08-02 10:00:24,1,4,4,7.501,7.501,0,Low
2026-08-02 10:10:11,1,4,4,7.501,7.501,0,Low
2026-08-02 10:20:12,1,4,4,7.501,7.501,0,Low
2026-08-02 10:30:17,1,4,4,7.501,7.501,0,Low
2026-08-02 10:40:18,1,4,4,7.501,7.501,0,Low
2026-08-02 10:50:13,1,4,4,7.501,7.501,0,Low
2026-08-02 11:00:18,1,4,4,7.501,7.501,0,Low
2026-08-02 11:10:14,1,4,4,7.501,7.501,0,Low
2026-08-02 11:20:12,1,4,4,7.501,7.501,0,Low
2026-08-02 11:30:14,1,4,4,7.501,7.501,0,Low
2026-08-02 11:40:13,1,4,4,7.501,7.501,0,Low
2026-08-02 11:45:14,1,4,4,7.501,7.501,0,Low
2026-08-02 11:50:11,1,4,4,7.501,7.501,0,Low
2026-08-02 12:00:19,1,4,4,7.501,7.501,0,Low
2026-08-02 12:10:14,1,4,4,7.501,7.501,0,Low
2026-08-02 12:20:13,1,4,4,7.501,7.501,0,Low
2026-08-02 12:30:15,1,4,4,7.501,7.501,0,Low
2026-08-02 12:40:11,1,4,4,7.501,7.501,0,Low
2026-08-02 12:50:13,1,4,4,6.751,6.751,0,Low
2026-08-02 13:00:17,1,4,4,8.438,8.438,0,Low
2026-08-02 13:10:14,1,4,4,8.438,8.438,0,Low
2026-08-02 13:20:13,1,2,2,8.439,8.439,0,Low
2026-08-02 13:30:16,1,2,2,8.439,8.439,0,Low
2026-08-02 13:40:14,1,2,2,8.439,8.439,0,Low
2026-08-02 13:50:12,1,4,4,8.438,8.438,0,Low
2026-08-02 14:00:21,1,4,4,8.438,8.438,0,Low
2026-08-02 14:10:17,1,4,4,8.438,8.438,0,Low
2026-08-02 14:20:14,2,12,12,8.438,8.594,0,Low
2026-08-02 14:30:16,1,4,4,8.438,8.438,0,Low
2026-08-02 14:40:11,1,4,4,8.438,8.438,0,Low
2026-08-02 14:50:12,1,4,4,8.438,8.438,0,Low
2026-08-02 15:00:26,1,4,4,8.438,8.438,0,Low
2026-08-02 15:10:20,1,4,4,8.438,8.438,0,Low
2026-08-02 15:20:14,1,4,4,8.438,8.438,0,Low
2026-08-02 15:32:31,1,4,4,8.438,8.438,0,Low
2026-08-02 15:40:13,1,4,4,8.438,8.438,0,Low
2026-08-02 15:43:40,1,4,4,8.438,8.438,0,Low
2026-08-02 15:50:15,1,4,4,8.438,8.438,0,Low
2026-08-02 16:02:41,1,4,4,8.438,8.438,0,Low
2026-08-02 16:10:20,1,4,4,8.438,8.438,0,Low
2026-08-02 16:20:20,1,4,4,8.438,8.438,0,Low
2026-08-02 16:30:20,1,4,4,8.438,8.438,0,Low
2026-08-02 16:40:14,1,4,4,8.438,8.438,0,Low
2026-08-02 16:50:14,1,4,4,8.438,8.438,0,Low
2026-08-02 17:00:26,1,4,4,8.438,8.438,0,Low
2026-08-02 17:10:11,1,4,4,8.438,8.438,0,Low
2026-08-02 17:20:19,1,4,4,8.438,8.438,0,Low
2026-08-02 17:30:21,1,4,4,8.438,8.438,0,Low
2026-08-02 17:40:12,1,4,4,8.438,8.438,0,Low
2026-08-02 17:50:12,1,4,4,8.438,8.438,0,Low
2026-08-02 18:00:18,1,4,4,8.438,8.438,0,Low
2026-08-02 18:10:12,1,4,4,8.438,8.438,0,Low
2026-08-02 18:20:14,1,4,4,8.438,8.438,0,Low
