timestamp_utc,vast_machines,vast_gpus,vast_gpus_under_cap,vast_min_price,vast_median_price,lambda_regions,runpod_stock
2026-07-17 02:19:30,12,29,15,4.877,7.314,0,Low
2026-07-17 02:20:14,12,29,15,4.877,7.314,0,Low
2026-07-17 02:29:09,12,38,26,4.877,7.127,0,Low
2026-07-17 02:30:19,12,38,26,4.877,7.127,0,Low
2026-07-17 02:40:16,13,39,27,4.877,7.126,0,Low
2026-07-17 02:50:14,12,40,29,4.877,7.064,0,Low
2026-07-17 03:00:21,12,40,29,4.877,7.064,0,Low
2026-07-17 03:10:14,13,42,31,4.877,7.002,0,Low
2026-07-17 03:20:15,13,42,29,4.877,7.126,0,Low
2026-07-17 03:30:18,13,40,27,4.877,7.126,0,Low
2026-07-17 03:40:11,13,42,29,4.877,7.126,0,Low
2026-07-17 03:50:13,12,40,29,4.877,7.064,0,Low
2026-07-17 04:00:17,12,40,29,4.877,7.064,0,Low
2026-07-17 04:10:19,12,40,29,4.877,7.064,0,Low
2026-07-17 04:20:12,14,46,35,4.877,7.064,0,Low
2026-07-17 04:30:14,14,46,35,4.877,7.064,0,Low
2026-07-17 04:40:13,14,47,34,4.877,7.127,0,Low
2026-07-17 04:50:13,14,45,32,4.877,7.127,0,Low
2026-07-17 05:00:19,14,45,32,4.877,7.127,0,Low
2026-07-17 05:10:16,14,45,32,4.877,7.127,0,Low
2026-07-17 05:20:13,13,44,31,4.877,7.127,0,Low
2026-07-17 05:30:16,12,41,28,4.877,7.127,0,Low
2026-07-17 05:40:16,12,41,28,4.877,7.127,0,Low
2026-07-17 05:50:14,12,41,28,4.877,7.127,0,Low
2026-07-17 06:00:19,12,41,28,4.877,7.127,0,Low
2026-07-17 06:10:15,11,40,28,4.877,7.127,0,Low
2026-07-17 06:20:15,12,41,28,4.877,7.127,0,Low
2026-07-17 06:30:15,11,39,28,4.877,7.127,0,Low
2026-07-17 06:40:16,11,39,28,4.877,7.127,0,Low
2026-07-17 06:50:15,11,39,28,4.877,7.127,0,Low
2026-07-17 07:00:20,13,42,29,4.877,7.127,0,Low
2026-07-17 07:10:13,12,35,22,4.877,7.127,0,Low
2026-07-17 07:20:15,13,36,23,4.877,7.127,0,Low
2026-07-17 07:30:16,12,35,22,4.877,7.127,0,Low
2026-07-17 07:31:02,12,35,22,4.877,7.127,0,Low
2026-07-17 07:40:16,12,35,22,4.877,7.127,0,Low
2026-07-17 07:50:14,12,42,29,4.877,7.127,0,Low
2026-07-17 08:00:18,12,46,33,4.877,7.127,0,Low
2026-07-17 08:10:12,13,47,34,4.877,7.126,0,Low
2026-07-17 08:20:14,13,47,34,4.877,7.126,0,Low
2026-07-17 08:30:21,11,37,24,4.877,7.127,0,Low
2026-07-17 08:40:14,10,36,25,4.877,7.127,0,Low
2026-07-17 08:50:14,11,37,26,4.877,7.126,0,Low
2026-07-17 09:00:19,13,46,34,4.877,7.126,0,Low
2026-07-17 09:10:13,15,49,35,4.877,7.126,0,Low
2026-07-17 09:20:13,14,49,35,4.877,7.127,0,Low
2026-07-17 09:30:15,15,50,36,4.877,7.126,0,Low
2026-07-17 09:40:14,14,49,35,4.877,7.127,0,Low
2026-07-17 09:50:12,14,49,35,4.877,7.127,0,Low
2026-07-17 10:00:20,15,46,32,4.877,7.127,0,Low
2026-07-17 10:10:13,14,45,31,4.877,7.127,0,Low
2026-07-17 10:20:13,14,45,31,4.877,7.127,0,Low
2026-07-17 10:30:17,15,46,32,4.877,7.127,0,Low
2026-07-17 10:33:50,12,43,0,6.251,7.439,0,Low
2026-07-17 10:40:12,11,42,0,6.251,7.75,0,Low
2026-07-17 10:50:14,11,42,0,6.251,7.75,0,Low
2026-07-17 11:00:18,11,42,0,6.251,7.75,0,Low
2026-07-17 11:10:14,12,43,0,6.251,7.439,0,Low
2026-07-17 11:20:14,11,46,0,6.876,7.75,0,Low
2026-07-17 11:30:14,11,39,0,6.252,7.75,0,Low
2026-07-17 11:40:14,10,38,0,6.876,7.876,0,Low
2026-07-17 11:50:17,10,38,0,6.251,7.876,0,Low
2026-07-17 12:00:04,9,37,0,6.251,7.75,0,Low
2026-07-17 12:10:14,9,33,0,6.251,7.75,0,Low
2026-07-17 12:20:12,8,31,0,6.251,7.876,0,Low
2026-07-17 12:30:21,9,32,0,6.251,7.75,0,Low
2026-07-17 12:40:14,8,30,0,6.251,7.876,0,Low
2026-07-17 12:50:12,8,31,0,6.251,7.876,0,Low
2026-07-17 13:00:22,8,31,0,6.251,7.876,0,Low
2026-07-17 13:10:13,8,31,0,6.251,7.876,0,Low
2026-07-17 13:20:14,8,27,0,6.251,7.876,0,Low
2026-07-17 13:30:16,8,27,0,6.251,7.876,0,Low
2026-07-17 13:40:15,7,26,0,6.251,7.751,0,Low
2026-07-17 13:50:16,8,27,0,6.252,7.439,0,Low
2026-07-17 14:00:24,9,28,0,6.252,7.751,0,Low
2026-07-17 14:10:14,8,27,0,6.251,7.876,0,Low
2026-07-17 14:20:15,8,27,0,6.251,7.94,0,Low
2026-07-17 14:30:19,9,28,0,6.252,7.751,0,Low
2026-07-17 14:40:16,9,28,0,6.252,7.751,0,Low
2026-07-17 14:50:12,10,36,0,6.251,7.439,0,Low
2026-07-17 15:00:29,10,36,0,6.251,7.439,0,Low
2026-07-17 15:10:18,10,36,0,6.251,7.439,0,Low
2026-07-17 15:20:25,10,34,0,6.252,7.439,0,Low
2026-07-17 15:30:16,9,35,0,6.251,7.751,0,Low
2026-07-17 15:40:13,9,34,0,6.252,7.751,0,Low
2026-07-17 15:50:16,9,35,0,6.251,7.751,0,Low
2026-07-17 16:00:24,9,33,0,6.876,7.751,0,Low
2026-07-17 16:10:18,9,26,0,6.252,7.751,0,Low
2026-07-17 16:20:16,8,23,0,6.252,7.94,0,Low
2026-07-17 16:30:15,6,21,0,7.127,8.441,0,Low
2026-07-17 16:38:23,6,18,0,6.252,8.441,0,Low
2026-07-17 16:40:15,6,18,0,6.877,8.441,0,Low
2026-07-17 16:50:16,5,16,0,6.877,8.751,0,Low
2026-07-17 17:00:20,6,27,0,6.877,7.439,0,Low
2026-07-17 17:10:16,7,28,0,6.877,7.751,0,Low
2026-07-17 17:20:17,7,28,0,6.877,7.751,0,Low
2026-07-17 17:30:15,7,28,0,6.877,7.751,0,Low
2026-07-17 17:40:14,7,22,0,6.876,7.751,0,Low
2026-07-17 17:50:16,6,19,0,6.876,8.563,0,Low
2026-07-17 18:00:18,6,18,0,6.876,8.563,0,Low
2026-07-17 18:10:13,6,18,0,6.876,8.563,0,Low
2026-07-17 18:20:13,6,19,0,6.876,8.563,0,Low
2026-07-17 18:30:20,5,15,0,6.876,9.376,0,Low
2026-07-17 18:40:17,5,15,0,6.876,9.376,0,Low
2026-07-17 18:50:16,6,23,0,6.876,8.251,0,Low
2026-07-17 19:00:21,7,24,0,6.251,7.126,0,Low
2026-07-17 19:10:14,5,15,0,6.251,9.376,0,Low
2026-07-17 19:20:15,5,15,0,6.251,9.376,0,Low
2026-07-17 19:30:15,5,14,0,6.876,9.376,0,
2026-07-17 19:40:16,6,16,0,6.876,8.753,0,Low
2026-07-17 19:50:17,5,15,0,6.876,9.376,0,Low
2026-07-17 20:00:20,5,15,0,6.876,9.376,0,Low
2026-07-17 20:10:16,5,15,0,6.876,9.376,0,
2026-07-17 20:15:01,5,15,0,6.876,9.376,0,
2026-07-17 20:20:15,7,27,0,6.876,7.252,0,
2026-07-17 20:31:37,7,27,0,6.876,7.252,0,
2026-07-17 20:40:13,8,28,0,6.876,7.691,0,
2026-07-17 20:50:12,9,32,0,6.876,8.127,0,Low
2026-07-17 21:00:18,9,31,0,6.252,8.127,0,Low
2026-07-17 21:10:14,9,31,0,6.252,8.127,0,Low
2026-07-17 21:20:13,8,23,0,6.877,8.129,0,Low
2026-07-17 21:30:15,8,23,0,6.252,8.129,0,Low
2026-07-17 21:40:14,8,23,0,6.252,8.129,0,Low
2026-07-17 21:50:16,9,32,0,6.251,8.127,0,Low
2026-07-17 22:00:21,9,25,0,6.251,8.127,0,
2026-07-17 22:10:14,8,24,0,6.251,8.129,0,Low
2026-07-17 22:20:18,9,32,0,6.251,8.127,0,Low
2026-07-17 22:30:15,9,31,0,6.877,8.127,0,
2026-07-17 22:40:15,9,31,0,6.252,8.127,0,Low
2026-07-17 22:50:17,9,31,0,6.252,8.127,0,Low
2026-07-17 23:00:22,9,31,0,6.252,8.127,0,Low
2026-07-17 23:10:16,8,29,0,6.252,8.127,0,Low
2026-07-17 23:12:33,7,21,0,6.877,8.127,0,Low
2026-07-17 23:20:15,8,23,0,6.252,8.129,0,Low
2026-07-17 23:30:17,8,23,0,6.877,8.129,0,
2026-07-17 23:40:14,8,23,0,6.252,8.129,0,Low
2026-07-17 23:50:15,8,23,0,6.877,8.129,0,Low
2026-07-18 00:00:20,9,25,0,6.252,8.13,0,
2026-07-18 00:10:16,8,23,0,6.252,8.129,0,Low
2026-07-18 00:20:13,9,31,0,6.252,8.127,0,Low
2026-07-18 00:30:17,9,31,0,6.877,8.127,0,Low
2026-07-18 00:40:16,9,29,0,6.252,8.13,0,Low
2026-07-18 00:50:13,8,29,0,6.252,7.939,0,Low
2026-07-18 01:00:21,8,29,0,6.877,7.939,0,Low
2026-07-18 01:10:12,7,28,0,6.877,7.75,0,Low
2026-07-18 01:20:13,8,27,0,6.252,7.94,0,Low
2026-07-18 01:30:13,7,26,0,6.877,8.13,0,Low
2026-07-18 01:40:13,8,27,0,6.252,7.94,0,Low
2026-07-18 01:50:12,8,27,0,6.877,7.94,0,Low
2026-07-18 02:00:23,7,26,0,6.877,8.13,0,Low
2026-07-18 02:10:14,9,29,0,6.252,7.75,0,Low
2026-07-18 02:20:11,9,29,0,6.252,7.75,0,Low
2026-07-18 02:30:13,9,29,0,6.252,7.75,0,Low
2026-07-18 02:40:12,9,25,0,6.252,7.751,0,Low
2026-07-18 02:50:12,9,25,0,6.252,7.751,0,Low
2026-07-18 03:00:16,9,25,0,6.876,7.751,0,Low
2026-07-18 03:10:13,9,25,0,6.252,7.751,0,Low
2026-07-18 03:20:13,9,25,0,6.876,7.751,0,Low
2026-07-18 03:30:16,9,25,0,6.252,7.751,0,Low
2026-07-18 03:40:14,9,25,0,6.876,7.751,0,Low
2026-07-18 03:50:15,9,25,0,6.876,7.751,0,Low
2026-07-18 04:00:18,9,29,0,6.876,7.75,0,Low
2026-07-18 04:10:12,8,21,0,6.876,7.629,0,Low
2026-07-18 04:20:12,8,21,0,6.876,7.629,0,Low
2026-07-18 04:30:15,8,27,0,6.877,7.629,0,Low
2026-07-18 04:40:14,7,19,0,6.877,8.13,0,Low
2026-07-18 04:50:13,7,19,0,6.877,8.13,0,Low
2026-07-18 05:00:23,8,27,0,6.877,7.629,0,Low
2026-07-18 05:12:07,7,19,0,6.877,8.13,0,
2026-07-18 05:20:16,8,27,0,6.877,7.629,0,Low
2026-07-18 05:30:14,8,27,0,6.877,7.629,0,Low
2026-07-18 05:40:58,8,27,0,6.877,7.628,0,Low
2026-07-18 05:50:13,9,28,0,6.252,7.127,0,Low
2026-07-18 06:00:18,9,35,0,6.877,7.75,0,Low
2026-07-18 06:10:14,9,37,0,6.821,7.75,0,Low
2026-07-18 06:20:11,9,32,0,6.821,7.75,0,Low
2026-07-18 06:30:17,10,36,0,6.821,7.438,0,Low
2026-07-18 06:31:58,10,36,0,6.821,7.439,0,Low
2026-07-18 06:40:11,10,36,0,6.821,7.439,0,Low
2026-07-18 06:50:14,10,37,0,6.876,7.551,0,Low
2026-07-18 07:00:17,10,37,0,6.876,7.551,0,Low
2026-07-18 07:10:10,10,37,0,6.876,7.551,0,Low
2026-07-18 07:20:12,11,46,0,6.252,7.24,0,Low
2026-07-18 07:30:17,11,46,0,6.252,7.127,0,Low
2026-07-18 07:40:12,11,46,0,6.252,7.24,0,Low
2026-07-18 07:50:14,11,46,0,6.252,7.24,0,Low
2026-07-18 08:00:16,12,48,0,6.876,7.495,0,Low
2026-07-18 08:10:12,12,48,0,6.252,7.495,0,Low
2026-07-18 08:20:11,11,45,0,6.252,7.75,0,Low
2026-07-18 08:31:33,11,46,0,6.252,7.75,0,Low
2026-07-18 08:40:10,11,45,0,6.252,7.75,0,Low
2026-07-18 08:50:11,10,44,0,6.821,7.94,0,Low
2026-07-18 09:00:20,9,37,0,7.126,8.13,0,Low
2026-07-18 09:10:15,9,37,0,6.821,8.13,0,Low
2026-07-18 09:20:13,9,37,0,6.821,8.13,0,Low
2026-07-18 09:30:17,9,37,0,6.877,8.13,0,Low
2026-07-18 09:41:39,10,38,0,6.877,7.94,0,Low
2026-07-18 09:50:14,10,38,0,6.877,7.94,0,Low
2026-07-18 10:00:16,9,37,0,6.877,8.13,0,Low
2026-07-18 10:10:12,8,34,0,6.252,7.495,0,Low
2026-07-18 10:21:56,9,38,0,6.252,7.75,0,Low
2026-07-18 10:30:15,11,42,0,6.721,7.75,0,Low
2026-07-18 10:41:54,11,40,0,6.876,7.75,0,Low
2026-07-18 10:48:53,11,42,0,6.252,7.75,0,Low
2026-07-18 10:50:11,12,44,0,6.252,7.495,0,Low
2026-07-18 11:02:01,11,43,0,6.876,7.75,0,Low
2026-07-18 11:10:15,11,41,0,6.876,7.75,0,Low
2026-07-18 11:20:13,11,41,0,6.876,7.75,0,Low
2026-07-18 11:30:16,11,43,0,6.721,7.75,0,Low
2026-07-18 11:40:13,11,43,0,6.876,7.75,0,Low
2026-07-18 11:50:14,11,44,0,6.876,7.75,0,Low
2026-07-18 12:00:19,11,44,0,6.876,7.75,0,Low
2026-07-18 12:10:11,10,43,0,6.876,7.939,0,Low
2026-07-18 12:20:16,12,46,0,6.252,7.939,0,Low
2026-07-18 12:32:32,10,41,0,6.876,7.939,0,Low
2026-07-18 12:40:13,11,42,0,6.252,7.75,0,Low
2026-07-18 12:50:15,11,42,0,6.252,7.75,0,Low
2026-07-18 13:00:19,11,41,0,6.252,7.75,0,Low
2026-07-18 13:10:15,11,42,0,6.876,8.127,0,Low
2026-07-18 13:20:15,10,40,0,6.876,7.939,0,Low
2026-07-18 13:30:18,9,38,0,6.876,7.75,0,Low
2026-07-18 13:40:18,9,36,0,6.876,7.75,0,Low
2026-07-18 13:50:14,9,38,0,6.721,7.75,0,Low
2026-07-18 14:00:22,8,30,0,6.876,7.627,0,Low
2026-07-18 14:10:12,8,30,0,6.876,7.627,0,Low
2026-07-18 14:20:12,9,32,0,6.876,8.127,0,Low
2026-07-18 14:30:15,11,41,0,6.521,8.127,0,Low
2026-07-18 14:36:55,9,32,0,6.876,8.127,0,Low
2026-07-18 14:41:10,10,34,0,6.876,8.129,0,Low
2026-07-18 14:50:12,9,32,0,6.521,8.127,0,Low
2026-07-18 15:00:18,9,31,0,6.521,8.127,0,Low
2026-07-18 15:10:13,11,41,8,5.625,7.126,0,Low
2026-07-18 15:20:11,10,39,8,5.625,7.684,0,Low
2026-07-18 15:31:49,11,41,8,5.625,7.24,0,Low
2026-07-18 15:40:12,10,40,8,5.625,7.684,0,Low
2026-07-18 15:50:13,11,42,8,5.625,7.24,0,Low
2026-07-18 16:00:16,10,41,8,5.625,7.627,0,Low
2026-07-18 16:10:11,9,39,8,5.625,7.24,0,Low
2026-07-18 16:20:15,11,42,8,5.625,7.126,0,Low
2026-07-18 16:30:14,10,41,8,5.625,7.627,0,Low
2026-07-18 16:40:11,10,41,8,5.625,7.755,0,Low
2026-07-18 16:50:13,10,41,8,5.625,7.627,0,Low
2026-07-18 17:00:14,10,41,8,5.625,7.627,0,Low
2026-07-18 17:10:12,11,42,8,5.625,7.383,0,Low
2026-07-18 17:20:13,11,42,8,5.625,7.383,0,Low
2026-07-18 17:31:51,10,41,8,5.625,7.755,0,Low
2026-07-18 17:40:12,12,44,8,5.625,7.627,0,Low
2026-07-18 17:43:28,10,41,8,5.625,7.755,0,Low
2026-07-18 17:50:11,10,34,8,5.625,7.755,0,Low
2026-07-18 18:00:19,10,35,8,5.625,8.129,0,Low
2026-07-18 18:10:15,10,28,0,6.783,8.129,0,Low
2026-07-18 18:20:16,11,36,8,5.625,8.127,0,Low
2026-07-18 18:31:57,9,33,8,5.625,8.127,0,Low
2026-07-18 18:40:15,11,36,8,5.625,7.751,0,Low
2026-07-18 18:50:11,11,43,8,5.625,8.127,0,Low
2026-07-18 19:00:15,12,44,8,5.625,7.627,0,Low
2026-07-18 19:10:11,10,41,8,5.625,7.755,0,Low
2026-07-18 19:20:13,11,42,8,5.625,7.127,0,Low
2026-07-18 19:30:13,10,40,8,5.625,7.255,0,Low
2026-07-18 19:40:13,11,43,8,5.625,7.751,0,Low
2026-07-18 19:50:11,11,43,8,5.625,7.751,0,Low
2026-07-18 20:01:47,11,42,8,5.625,7.383,0,Low
2026-07-18 20:10:14,10,41,8,5.625,7.627,0,Low
2026-07-18 20:20:14,11,43,8,5.625,7.751,0,Low
2026-07-18 20:27:21,12,44,8,5.625,7.458,0,Low
2026-07-18 20:31:50,10,41,8,5.625,7.627,0,Low
2026-07-18 20:40:13,10,41,8,5.625,7.646,0,Low
2026-07-18 20:51:48,10,40,8,5.625,7.646,0,Low
2026-07-18 21:00:24,10,40,8,5.625,7.646,0,Low
2026-07-18 21:10:14,11,43,8,5.625,8.127,0,Low
2026-07-18 21:20:13,10,47,8,5.625,7.939,0,Low
2026-07-18 21:31:43,10,45,8,5.625,7.94,0,Low
2026-07-18 21:40:16,10,47,8,5.625,7.939,0,Low
2026-07-18 21:50:13,10,46,8,5.625,7.457,0,Low
2026-07-18 22:00:19,11,48,8,5.625,7.75,0,Low
2026-07-18 22:10:13,11,48,8,5.625,7.75,0,Low
2026-07-18 22:20:11,11,48,8,5.625,7.165,0,Low
2026-07-18 22:31:44,12,50,8,5.625,7.439,0,Low
2026-07-18 22:41:33,13,61,8,5.625,7.165,0,Low
2026-07-18 22:50:16,12,59,8,5.625,7.146,0,Low
2026-07-18 23:00:17,12,59,8,5.625,7.146,0,Low
2026-07-18 23:11:42,11,49,8,5.625,7.165,0,Low
2026-07-18 23:20:48,10,47,8,5.625,7.457,0,Low
2026-07-18 23:31:56,12,50,8,5.625,7.457,0,Low
2026-07-18 23:36:43,11,49,8,5.625,7.75,0,Low
2026-07-18 23:40:15,11,49,8,5.625,7.75,0,Low
2026-07-18 23:50:13,12,49,8,5.625,7.529,0,Low
2026-07-19 00:00:20,12,49,8,5.625,7.439,0,Low
2026-07-19 00:10:12,13,57,8,5.625,7.127,0,Low
2026-07-19 00:20:12,12,56,8,5.625,7.218,0,Low
2026-07-19 00:30:20,12,54,8,5.625,7.127,0,Low
2026-07-19 00:40:13,12,56,8,5.625,7.127,0,Low
2026-07-19 00:50:14,12,57,8,5.625,7.439,0,Low
2026-07-19 01:02:01,13,58,8,5.625,7.308,0,Low
2026-07-19 01:10:15,13,58,8,5.625,7.308,0,Low
2026-07-19 01:20:17,13,52,8,5.625,7.75,0,Low
2026-07-19 01:30:14,13,52,8,5.625,7.75,0,Low
2026-07-19 01:40:11,13,52,8,5.625,7.75,0,Low
2026-07-19 01:50:14,12,48,8,5.625,7.529,0,Low
2026-07-19 02:00:20,13,51,8,5.625,7.308,0,Low
2026-07-19 02:10:17,13,51,8,5.625,7.308,0,Low
2026-07-19 02:20:11,13,52,8,5.625,7.127,0,Low
2026-07-19 02:30:16,13,52,8,5.625,7.126,0,Low
2026-07-19 02:40:12,12,51,8,5.625,7.127,0,Low
2026-07-19 02:50:11,11,42,8,5.625,7.308,0,Low
2026-07-19 03:00:20,10,41,8,5.625,7.217,0,Low
2026-07-19 03:11:39,11,42,8,5.625,7.126,0,Low
2026-07-19 03:21:15,11,42,8,5.625,7.126,0,Low
2026-07-19 03:30:14,10,41,8,5.625,7.217,0,Low
2026-07-19 03:40:13,11,43,8,5.625,7.127,0,Low
2026-07-19 03:50:13,10,41,8,5.625,7.001,0,Low
2026-07-19 04:02:23,10,41,8,5.625,7.145,0,Low
2026-07-19 04:10:15,11,43,8,5.625,7.127,0,Low
2026-07-19 04:22:40,12,51,8,5.625,7.146,0,Low
2026-07-19 04:30:18,12,50,8,5.625,7.145,0,Low
2026-07-19 04:40:13,13,52,8,5.625,7.127,0,Low
2026-07-19 04:50:13,14,60,8,5.625,7.126,0,Low
2026-07-19 05:02:06,13,59,8,5.625,7.126,0,Low
2026-07-19 05:10:20,13,59,8,5.625,7.126,0,Low
2026-07-19 05:23:54,14,59,8,5.625,7.127,0,Medium
2026-07-19 05:33:47,14,57,8,5.625,7.146,0,Medium
2026-07-19 05:42:21,12,50,8,5.625,7.439,0,Low
2026-07-19 05:50:11,12,50,8,5.625,7.439,0,Medium
2026-07-19 06:00:22,11,49,8,5.625,7.165,0,Medium
2026-07-19 06:11:43,12,50,8,5.625,7.146,0,Low
2026-07-19 06:20:13,11,49,8,5.625,7.165,0,Low
2026-07-19 06:30:16,11,43,8,5.625,7.165,0,Low
2026-07-19 06:40:11,11,43,8,5.625,7.165,0,Low
2026-07-19 06:50:15,11,41,8,5.625,7.165,0,Low
2026-07-19 07:00:15,10,41,8,5.625,7.457,0,Low
2026-07-19 07:10:13,11,43,8,5.625,7.75,0,Low
2026-07-19 07:20:14,11,41,8,5.625,7.127,0,Low
2026-07-19 07:30:16,11,43,8,5.625,7.127,0,Low
2026-07-19 07:41:29,11,43,8,5.625,7.165,0,Low
2026-07-19 07:48:34,11,43,8,5.625,7.127,0,Low
2026-07-19 07:50:13,10,41,8,5.625,7.351,0,Low
2026-07-19 08:02:17,12,51,8,5.625,7.127,0,Low
2026-07-19 08:10:13,12,51,8,5.625,7.127,0,Low
2026-07-19 08:20:15,11,49,8,5.625,7.126,0,Low
2026-07-19 08:30:12,11,49,8,5.625,7.126,0,Low
2026-07-19 08:40:13,11,49,8,5.625,7.126,0,Low
2026-07-19 08:50:13,13,52,8,5.625,7.126,0,Low
2026-07-19 09:00:19,12,51,8,5.625,7.127,0,Low
2026-07-19 09:10:14,12,51,8,5.625,7.127,0,Low
2026-07-19 09:20:11,13,52,8,5.625,7.126,0,Low
2026-07-19 09:30:15,13,52,8,5.625,7.126,0,Low
2026-07-19 09:42:09,12,51,8,5.625,7.439,0,Low
2026-07-19 09:50:13,12,53,8,5.625,7.439,0,Low
2026-07-19 10:02:03,12,53,8,5.625,7.127,0,Low
2026-07-19 10:10:16,12,53,8,5.625,7.439,0,Low
2026-07-19 10:20:11,13,52,8,5.625,7.126,0,Low
2026-07-19 10:30:15,12,53,8,5.625,7.439,0,Low
2026-07-19 10:40:11,13,50,8,5.625,7.126,0,Low
2026-07-19 10:50:13,12,51,8,5.625,7.439,0,Low
2026-07-19 11:00:19,12,51,8,5.625,7.439,0,Low
2026-07-19 11:10:14,12,51,8,5.625,7.127,0,Low
2026-07-19 11:20:19,12,51,8,5.625,7.439,0,Low
2026-07-19 11:30:15,12,51,8,5.625,7.439,0,Low
2026-07-19 11:39:20,12,51,8,5.625,7.439,0,Low
2026-07-19 11:40:12,13,52,8,5.625,7.126,0,Low
2026-07-19 11:50:11,12,51,8,5.625,7.127,0,Low
2026-07-19 12:00:20,12,50,8,5.625,7.001,0,Low
2026-07-19 12:10:12,12,51,8,5.625,7.127,0,Low
2026-07-19 12:20:11,13,52,8,5.625,7.127,0,Low
2026-07-19 12:31:48,13,52,8,5.625,7.127,0,Low
2026-07-19 12:40:14,13,52,8,5.625,7.127,0,Low
2026-07-19 12:50:13,12,51,8,5.625,7.439,0,Low
2026-07-19 13:00:20,13,52,8,5.625,7.127,0,Low
2026-07-19 13:10:14,12,51,8,5.625,7.439,0,Low
2026-07-19 13:20:15,13,59,8,5.625,7.127,0,Low
2026-07-19 13:30:15,13,59,8,5.625,7.127,0,Low
2026-07-19 13:40:14,13,59,8,5.625,7.127,0,Low
2026-07-19 13:50:14,14,63,8,5.625,7.127,0,Low
2026-07-19 14:02:03,14,60,8,5.625,7.127,0,Low
2026-07-19 14:11:29,14,60,8,5.625,7.127,0,Low
2026-07-19 14:20:11,14,61,8,5.625,7.127,0,Low
2026-07-19 14:30:14,13,61,8,5.625,7.127,0,Low
2026-07-19 14:40:12,13,61,8,5.625,7.127,0,Low
2026-07-19 14:44:33,13,61,8,5.625,7.127,0,Low
2026-07-19 14:50:13,13,61,8,5.625,7.127,0,Low
2026-07-19 15:00:16,12,51,8,5.625,7.439,0,Low
2026-07-19 15:10:15,12,50,8,5.625,7.439,0,Low
2026-07-19 15:20:13,13,50,8,5.625,7.127,0,Low
2026-07-19 15:31:49,13,50,8,5.625,7.127,0,Low
2026-07-19 15:40:13,13,52,8,5.625,7.127,0,Low
2026-07-19 15:50:15,13,52,8,5.625,7.127,0,Low
2026-07-19 16:00:19,12,51,8,5.625,7.439,0,Low
2026-07-19 16:10:16,13,52,8,5.625,7.127,0,Low
2026-07-19 16:20:14,13,52,8,5.625,7.127,0,Low
2026-07-19 16:30:13,13,52,8,5.625,7.127,0,Low
2026-07-19 16:40:12,13,52,8,5.625,7.127,0,Low
2026-07-19 16:50:13,13,52,8,5.625,7.127,0,Low
2026-07-19 17:00:15,13,51,8,5.625,7.127,0,Low
2026-07-19 17:10:11,13,51,8,5.625,7.127,0,Low
2026-07-19 17:20:12,12,50,8,5.625,7.439,0,Low
2026-07-19 17:30:14,12,52,8,5.625,7.439,0,Low
2026-07-19 17:40:12,13,53,8,5.625,7.127,0,Low
2026-07-19 17:50:13,13,54,8,5.625,7.127,0,Low
2026-07-19 18:00:17,11,49,8,5.625,7.75,0,Low
2026-07-19 18:06:59,10,41,8,5.625,7.939,0,Low
2026-07-19 18:10:13,10,34,8,5.625,7.627,0,Low
2026-07-19 18:20:13,10,34,8,5.625,7.627,0,Low
2026-07-19 18:31:53,10,41,8,5.625,7.939,0,Low
2026-07-19 18:40:15,10,41,8,5.625,7.939,0,Low
2026-07-19 18:50:26,9,42,8,5.625,8.127,0,Low
2026-07-19 18:54:08,11,44,8,5.625,7.75,0,Low
2026-07-19 19:00:20,11,43,8,5.625,8.127,0,Low
2026-07-19 19:10:14,13,51,8,5.625,7.127,0,Low
2026-07-19 19:20:14,11,41,8,5.625,7.75,0,Low
2026-07-19 19:30:17,12,44,8,5.625,7.939,0,Low
2026-07-19 19:40:14,12,50,8,5.625,7.939,0,Low
2026-07-19 19:50:21,11,44,8,5.625,7.75,0,Low
2026-07-19 20:00:19,13,47,8,5.625,7.75,0,Low
2026-07-19 20:10:16,13,53,8,5.625,7.127,0,Low
2026-07-19 20:20:11,13,54,8,5.625,7.75,0,Low
2026-07-19 20:30:13,14,53,8,5.625,7.439,0,Low
2026-07-19 20:34:06,13,52,8,5.625,7.75,0,Low
2026-07-19 20:41:44,13,49,8,5.625,7.127,0,Low
2026-07-19 20:50:14,14,53,8,5.625,7.439,0,Low
2026-07-19 21:01:53,12,52,8,5.625,7.438,0,Low
2026-07-19 21:10:13,13,54,8,5.625,7.127,0,Low
2026-07-19 21:20:13,12,51,8,5.625,7.939,0,Low
2026-07-19 21:31:53,11,49,8,5.625,8.127,0,Low
2026-07-19 21:40:12,13,52,8,5.625,7.75,0,Low
2026-07-19 21:50:11,12,49,8,5.625,7.94,0,Low
2026-07-19 22:00:15,12,51,8,5.625,7.939,0,Low
2026-07-19 22:10:12,12,51,8,5.625,7.939,0,Low
2026-07-19 22:20:15,13,52,8,5.625,7.75,0,Low
2026-07-19 22:30:15,13,52,8,5.625,7.75,0,Low
2026-07-19 22:40:37,13,52,8,5.625,7.75,0,Low
2026-07-19 22:50:10,12,51,8,5.625,8.127,0,Low
2026-07-19 23:01:53,13,53,8,5.625,7.75,0,Low
2026-07-19 23:10:12,14,54,8,5.625,7.939,0,Low
2026-07-19 23:20:16,12,51,8,5.625,7.939,0,Low
2026-07-19 23:30:19,13,53,8,5.625,7.75,0,Low
2026-07-19 23:40:12,12,51,8,5.625,7.939,0,Low
2026-07-19 23:42:16,13,52,8,5.625,7.75,0,Low
2026-07-19 23:50:13,13,53,8,5.625,8.127,0,Low
2026-07-20 00:00:19,14,54,8,5.625,7.939,0,Low
2026-07-20 01:10:19,11,49,8,5.625,7.75,0,Low
2026-07-20 01:30:16,9,52,8,5.625,7.127,0,Low
2026-07-20 01:40:22,9,52,8,5.625,7.127,0,Low
2026-07-20 01:50:17,10,48,8,5.625,7.439,0,Low
2026-07-20 02:00:23,11,48,8,5.625,7.127,0,Low
2026-07-20 02:08:49,11,48,8,5.625,7.127,0,Low
2026-07-20 02:10:15,10,47,8,5.625,7.439,0,Low
2026-07-20 02:20:12,12,49,8,5.625,7.002,0,Low
2026-07-20 02:30:13,11,48,8,5.625,7.127,0,Low
2026-07-20 02:40:11,11,48,8,5.625,7.127,0,Low
2026-07-20 02:50:16,9,39,8,5.625,7.127,0,Low
2026-07-20 03:00:20,9,39,8,5.625,7.127,0,Low
2026-07-20 03:10:13,11,42,8,5.625,7.127,0,Low
2026-07-20 03:20:15,10,40,8,5.625,7.127,0,Low
2026-07-20 03:30:13,10,41,8,5.625,7.127,0,Low
2026-07-20 03:40:16,9,39,8,5.625,7.127,0,Low
2026-07-20 03:50:13,10,41,8,5.625,7.127,0,Low
2026-07-20 04:00:18,11,42,8,5.625,7.127,0,Low
2026-07-20 04:10:11,10,41,8,5.625,7.127,0,Low
2026-07-20 04:21:38,11,41,8,5.625,7.127,0,Low
2026-07-20 04:33:13,12,49,8,5.625,7.127,0,Low
2026-07-20 04:40:13,12,49,8,5.625,7.127,0,Low
2026-07-20 04:50:12,12,49,8,5.625,7.127,0,Low
2026-07-20 05:00:20,12,49,8,5.625,7.127,0,Low
2026-07-20 05:10:12,12,49,8,5.625,7.127,0,Low
2026-07-20 05:20:11,13,51,8,5.625,7.127,0,
2026-07-20 05:30:18,13,51,8,5.625,7.127,0,Low
2026-07-20 05:47:34,13,51,8,5.625,7.127,0,Low
2026-07-20 05:50:16,12,50,8,5.625,7.127,0,Low
2026-07-20 06:00:18,12,50,8,5.625,7.127,0,Low
2026-07-20 06:11:59,12,50,8,5.625,7.127,0,Low
2026-07-20 06:20:13,13,51,8,5.625,7.127,0,Low
2026-07-20 06:30:18,13,51,8,5.625,7.127,0,Low
2026-07-20 06:40:16,12,50,8,5.625,7.127,0,Low
2026-07-20 06:50:11,14,53,8,5.625,7.127,0,
2026-07-20 07:00:21,14,53,8,5.625,7.127,0,Low
2026-07-20 07:10:12,14,53,8,5.625,7.127,0,Low
2026-07-20 07:20:11,14,53,8,5.625,7.127,0,Low
2026-07-20 07:30:15,13,52,8,5.625,7.127,0,Low
2026-07-20 07:40:13,10,41,8,5.625,7.939,0,Low
2026-07-20 07:50:12,11,43,8,5.625,7.75,0,Low
2026-07-20 08:00:21,11,42,8,5.625,7.75,0,Low
2026-07-20 08:10:14,11,43,8,5.625,7.75,0,Low
2026-07-20 08:20:12,12,51,8,5.625,7.439,0,Low
2026-07-20 08:30:19,12,49,8,5.625,7.439,0,Low
2026-07-20 08:40:14,13,51,8,5.625,7.127,0,Low
2026-07-20 08:50:15,13,54,8,5.625,7.75,0,Low
2026-07-20 09:00:19,12,53,8,5.625,7.127,0,Low
2026-07-20 09:10:12,11,45,8,5.625,7.127,0,Low
2026-07-20 09:20:16,12,48,8,5.625,7.439,0,Low
2026-07-20 09:30:14,12,52,8,5.625,7.439,0,Low
2026-07-20 09:40:19,13,54,8,5.625,7.127,0,Low
2026-07-20 09:50:14,13,54,8,5.625,7.127,0,Low
2026-07-20 10:00:22,14,55,8,5.625,7.127,0,
2026-07-20 10:10:14,13,51,8,5.625,7.127,0,
2026-07-20 10:20:13,13,54,8,5.625,7.127,0,
2026-07-20 10:30:18,13,52,8,5.625,7.127,0,
2026-07-20 10:40:11,13,52,8,5.625,7.127,0,
2026-07-20 10:50:14,13,51,8,5.625,7.126,0,
2026-07-20 11:00:21,13,52,8,5.625,7.127,0,Low
2026-07-20 11:10:12,13,52,8,5.625,7.127,0,Low
2026-07-20 11:20:14,12,44,8,5.625,7.439,0,Low
2026-07-20 11:30:16,12,43,8,5.625,7.127,0,Low
2026-07-20 11:40:13,12,43,8,5.625,7.127,0,Low
2026-07-20 11:50:13,11,39,8,5.625,7.75,0,Low
2026-07-20 12:00:20,12,39,8,5.625,7.127,0,Low
2026-07-20 12:10:15,11,35,8,5.625,7.127,0,Low
2026-07-20 12:20:17,12,44,8,5.625,7.127,0,Low
2026-07-20 12:30:17,12,43,8,5.625,7.127,0,Low
2026-07-20 12:40:14,12,43,8,5.625,7.127,0,Low
2026-07-20 12:50:13,12,44,8,5.625,7.127,0,Low
2026-07-20 13:00:26,12,43,8,5.625,7.127,0,Low
2026-07-20 13:10:13,12,43,8,5.625,7.127,0,Low
2026-07-20 13:20:16,11,42,8,5.625,7.127,0,Low
2026-07-20 13:30:16,9,32,8,5.625,7.127,0,Low
2026-07-20 13:40:15,9,26,8,5.625,7.127,0,Low
2026-07-20 13:50:17,9,26,8,5.625,7.127,0,Low
2026-07-20 14:00:22,8,24,8,5.625,7.127,0,Low
2026-07-20 14:10:18,9,26,8,5.625,7.127,0,Low
2026-07-20 14:20:15,9,26,8,5.625,7.127,0,Low
2026-07-20 14:30:19,10,28,8,5.625,7.127,0,Low
2026-07-20 14:40:12,8,20,8,5.625,7.503,0,Low
2026-07-20 14:50:15,7,18,8,5.625,8.13,0,Low
2026-07-20 15:00:25,7,18,8,5.625,8.13,0,Low
2026-07-20 15:10:14,7,18,8,5.625,8.13,0,Low
2026-07-20 15:20:18,7,20,8,5.625,6.88,0,Low
2026-07-20 15:30:16,8,22,8,5.625,7.065,0,Low
2026-07-20 15:40:18,8,23,8,5.625,7.557,0,Low
2026-07-20 15:50:16,9,26,8,5.625,6.877,0,Low
2026-07-20 16:00:22,7,22,8,5.625,8.435,0,Low
2026-07-20 16:10:16,8,24,8,5.625,8.594,0,Low
2026-07-20 16:16:14,8,30,8,5.625,7.843,0,Low
2026-07-20 16:20:14,9,32,8,5.625,8.435,0,Low
2026-07-20 16:30:16,8,24,8,5.625,8.594,0,Low
2026-07-20 16:40:12,9,32,8,5.625,8.435,0,Low
2026-07-20 16:50:12,8,31,8,5.625,7.939,0,Low
2026-07-20 17:00:25,9,31,8,5.625,7.126,0,Low
2026-07-20 17:10:16,10,33,8,5.625,7.78,0,Low
2026-07-20 17:20:12,10,39,8,5.625,7.438,0,Low
2026-07-20 17:30:14,10,38,8,5.625,7.438,0,Low
2026-07-20 17:40:15,11,41,8,5.625,7.75,0,Low
2026-07-20 17:50:14,10,40,8,5.625,8.092,0,Low
2026-07-20 18:00:30,10,39,8,5.625,7.438,0,
2026-07-20 18:10:13,11,41,8,5.625,7.126,0,Low
2026-07-20 18:20:14,12,41,8,5.625,7.126,0,Low
2026-07-20 18:30:14,10,32,8,5.625,7.78,0,Low
2026-07-20 18:40:14,11,33,8,5.625,7.126,0,Low
2026-07-20 18:50:15,9,30,8,5.625,7.126,0,Low
2026-07-20 19:00:21,6,19,8,5.625,7.815,0,Low
2026-07-20 19:10:15,7,27,8,5.625,7.75,0,Low
2026-07-20 19:20:12,8,29,8,5.625,8.251,0,
2026-07-20 19:30:15,7,27,8,5.625,8.752,0,Low
2026-07-20 19:40:15,8,29,8,5.625,8.251,0,Low
2026-07-20 19:50:17,8,29,8,5.625,7.314,0,
2026-07-20 20:00:26,9,31,8,5.625,7.75,0,Low
2026-07-20 20:10:17,10,32,8,5.625,8.092,0,Low
2026-07-20 20:20:14,9,23,8,5.625,8.435,0,Low
2026-07-20 20:30:21,9,23,8,5.625,8.435,0,Low
2026-07-20 20:40:13,10,30,8,5.625,8.593,0,Low
2026-07-20 20:50:13,9,36,8,5.625,8.43,0,Low
2026-07-20 20:51:16,10,38,8,5.625,8.591,0,Low
2026-07-20 21:00:23,9,36,8,5.625,8.43,0,Low
2026-07-20 21:10:14,9,36,8,5.625,8.43,0,Low
2026-07-20 21:20:12,9,36,8,5.625,8.43,0,Low
2026-07-20 21:30:17,9,36,8,5.625,8.43,0,Low
2026-07-20 21:40:11,9,34,8,5.625,8.43,0,Low
2026-07-20 21:50:14,10,42,8,5.625,8.01,0,Low
2026-07-20 22:00:19,10,42,8,5.625,8.01,0,Low
2026-07-20 22:10:16,9,34,8,5.625,8.43,0,Low
2026-07-20 22:20:14,9,34,8,5.625,8.43,0,Low
2026-07-20 22:30:17,9,34,8,5.625,8.43,0,Low
2026-07-20 22:40:11,10,38,8,5.625,8.01,0,Low
2026-07-20 22:50:13,9,34,8,5.625,8.43,0,Low
2026-07-20 23:00:17,10,38,8,5.625,8.01,0,Low
2026-07-20 23:10:15,10,38,8,5.625,8.01,0,Low
2026-07-20 23:20:16,9,37,8,5.625,8.43,0,Low
2026-07-20 23:30:20,9,37,8,5.625,8.43,0,Low
2026-07-20 23:40:11,9,34,8,5.625,8.43,0,Low
2026-07-20 23:50:22,10,39,8,5.625,7.9,0,Low
2026-07-21 00:00:19,10,39,8,5.625,7.9,0,Low
2026-07-21 00:10:16,10,39,8,5.625,7.9,0,Low
2026-07-21 00:15:33,9,35,8,5.625,8.43,0,Low
2026-07-21 00:20:11,9,37,8,5.625,7.371,0,Low
2026-07-21 00:30:16,9,37,8,5.625,7.371,0,Low
2026-07-21 00:40:21,8,32,8,5.625,8.061,0,Low
2026-07-21 00:50:15,8,32,8,5.625,8.061,0,Low
2026-07-21 01:00:19,9,36,8,5.625,7.371,0,Low
2026-07-21 01:10:11,8,32,8,5.625,8.061,0,Low
2026-07-21 01:20:15,10,38,8,5.625,7.9,0,Low
2026-07-21 01:30:17,9,34,8,5.625,8.43,0,Low
2026-07-21 01:40:19,9,34,8,5.625,8.43,0,Low
2026-07-21 01:50:11,8,32,8,5.625,8.061,0,Low
2026-07-21 02:00:22,9,36,8,5.625,7.371,0,Low
2026-07-21 02:10:17,9,36,8,5.625,7.371,0,Low
2026-07-21 02:20:15,9,36,8,5.625,7.371,0,Low
2026-07-21 02:30:20,9,36,8,5.625,7.371,0,Low
2026-07-21 02:40:13,8,32,8,5.625,8.061,0,Low
2026-07-21 02:50:14,8,33,8,5.625,8.061,0,Low
2026-07-21 03:00:23,11,39,8,5.625,7.127,0,Low
2026-07-21 03:10:15,10,38,8,5.625,7.249,0,Low
2026-07-21 03:20:13,11,39,8,5.625,7.127,0,Low
2026-07-21 03:30:16,10,38,8,5.625,7.14,0,Low
2026-07-21 03:40:11,11,46,8,5.625,7.152,0,Low
2026-07-21 03:50:11,11,46,8,5.625,7.152,0,Low
2026-07-21 04:00:21,11,46,8,5.625,7.152,0,Low
2026-07-21 04:10:12,11,46,8,5.625,7.152,0,Low
2026-07-21 04:20:18,11,46,8,5.625,7.152,0,Low
2026-07-21 04:30:13,11,46,8,5.625,7.152,0,Low
2026-07-21 04:40:13,12,48,8,5.625,7.451,0,Low
2026-07-21 04:50:12,12,48,8,5.625,7.451,0,Low
2026-07-21 05:00:20,12,48,8,5.625,7.451,0,Low
2026-07-21 05:10:12,12,47,8,5.625,7.451,0,Low
2026-07-21 05:20:13,12,47,8,5.625,7.451,0,Low
2026-07-21 05:30:13,11,38,8,5.625,7.152,0,Low
2026-07-21 05:40:13,10,38,8,5.625,7.793,0,Low
2026-07-21 05:50:11,10,39,8,5.625,7.865,0,Low
2026-07-21 06:00:20,10,39,8,5.625,7.865,0,Low
2026-07-21 06:10:12,10,40,8,5.625,7.865,0,Low
2026-07-21 06:20:16,10,40,8,5.625,7.865,0,Low
2026-07-21 06:30:20,10,39,8,5.625,7.865,0,Low
2026-07-21 06:40:13,11,47,8,5.625,7.75,0,
2026-07-21 06:50:16,11,48,8,5.625,7.296,0,Low
2026-07-21 07:00:22,11,48,8,5.625,7.296,0,Low
2026-07-21 07:10:14,13,51,8,5.625,7.13,0,
2026-07-21 07:20:13,12,48,8,5.625,7.523,0,
2026-07-21 07:30:17,12,46,8,5.625,7.523,0,
2026-07-21 07:40:17,12,48,8,5.625,7.523,0,
2026-07-21 07:50:14,12,48,8,5.625,7.523,0,
2026-07-21 08:00:21,12,48,8,5.625,7.213,0,Low
2026-07-21 08:10:12,11,46,8,5.625,7.296,0,Low
2026-07-21 08:20:12,11,44,8,5.625,7.296,0,Low
2026-07-21 08:30:14,12,48,8,5.625,7.213,0,Low
2026-07-21 08:40:13,12,48,8,5.625,7.523,0,Low
2026-07-21 08:50:15,11,47,8,5.625,7.296,0,Low
2026-07-21 09:00:24,12,49,8,5.625,7.213,0,Low
2026-07-21 09:10:13,12,49,8,5.625,7.213,0,Low
2026-07-21 09:20:15,12,49,8,5.625,7.213,0,Low
2026-07-21 09:30:17,12,49,8,5.625,7.523,0,
2026-07-21 09:40:12,12,49,8,5.625,7.213,0,Low
2026-07-21 09:50:16,12,47,8,5.625,7.439,0,
2026-07-21 10:00:26,11,41,8,5.625,7.13,0,
2026-07-21 10:10:13,11,41,8,5.625,7.75,0,
2026-07-21 10:20:12,11,39,8,5.625,7.75,0,
2026-07-21 10:30:16,11,41,8,5.625,7.127,0,
2026-07-21 10:40:13,11,41,8,5.625,7.127,0,
2026-07-21 10:50:12,11,35,8,5.625,6.639,0,
2026-07-21 11:00:21,11,35,8,5.625,6.876,0,
2026-07-21 11:10:11,12,34,8,5.625,6.877,0,
2026-07-21 11:20:13,12,47,8,5.625,6.977,0,
2026-07-21 11:30:19,14,43,8,5.625,6.877,0,
2026-07-21 11:40:13,12,40,8,5.625,6.761,0,Low
2026-07-21 11:50:12,13,42,8,5.625,6.646,0,Low
2026-07-21 12:00:20,14,43,8,5.625,6.761,0,Low
2026-07-21 12:10:13,12,40,8,5.625,6.977,0,Low
2026-07-21 12:20:13,13,41,8,5.625,6.876,0,Low
2026-07-21 12:30:19,14,42,8,5.625,6.761,0,Low
2026-07-21 12:40:16,13,41,8,5.625,6.876,0,Low
2026-07-21 12:50:14,13,42,8,5.625,6.876,0,Low
2026-07-21 13:00:27,14,43,8,5.625,6.877,0,Low
2026-07-21 13:10:18,13,42,8,5.625,6.876,0,Low
2026-07-21 13:20:21,13,42,8,5.625,6.876,0,Low
2026-07-21 13:30:17,13,42,8,5.625,6.876,0,Low
2026-07-21 13:40:16,13,38,8,5.625,6.876,0,Low
2026-07-21 13:50:14,14,39,8,5.625,6.877,0,Low
2026-07-21 14:00:22,14,40,8,5.625,6.877,0,Low
2026-07-21 14:10:17,14,40,8,5.625,6.761,0,Low
2026-07-21 14:20:16,13,36,8,5.625,6.876,0,Low
2026-07-21 14:30:20,13,36,8,5.625,6.876,0,Low
2026-07-21 14:40:13,11,32,8,5.625,6.877,0,
2026-07-21 14:50:18,11,33,8,5.625,6.876,0,Low
2026-07-21 15:00:27,9,31,8,5.625,7.077,0,Low
2026-07-21 15:10:13,11,40,8,5.625,6.876,0,Low
2026-07-21 15:20:13,10,38,8,5.625,6.977,0,Low
2026-07-21 15:30:18,10,37,8,5.625,6.977,0,Low
2026-07-21 15:40:13,10,37,8,5.625,6.977,0,Low
2026-07-21 15:50:13,11,45,8,5.625,7.077,0,Low
2026-07-21 15:55:42,9,40,8,5.625,7.077,0,Low
2026-07-21 16:00:21,10,41,8,5.625,6.977,0,Low
2026-07-21 16:10:18,10,41,8,5.625,6.977,0,Low
2026-07-21 16:20:13,10,41,8,5.625,6.977,0,Low
2026-07-21 16:30:19,9,33,8,5.625,6.876,0,Low
2026-07-21 16:40:15,11,36,8,5.625,6.497,0,Low
2026-07-21 16:50:11,10,38,8,5.625,6.686,0,Low
2026-07-21 17:00:22,12,45,8,5.625,6.687,0,Low
2026-07-21 17:10:14,12,45,8,5.625,6.687,0,Low
2026-07-21 17:20:16,10,36,8,5.625,6.681,0,Low
2026-07-21 17:30:20,10,38,8,5.625,6.681,0,Low
2026-07-21 17:40:15,12,47,8,5.625,6.755,0,Low
2026-07-21 17:50:13,13,47,8,5.625,6.646,0,Low
2026-07-21 18:00:21,12,40,8,5.625,6.572,0,Low
2026-07-21 18:10:13,12,40,8,5.625,6.755,0,Low
2026-07-21 18:20:13,13,48,8,5.625,6.546,0,Low
2026-07-21 18:30:20,13,48,8,5.625,6.546,0,Low
2026-07-21 18:40:14,13,51,8,5.625,6.546,0,Low
2026-07-21 18:50:16,15,51,8,5.625,6.497,0,Low
2026-07-21 19:00:23,13,46,8,5.625,6.497,0,Low
2026-07-21 19:10:15,14,52,8,5.625,6.522,0,Low
2026-07-21 19:20:16,13,48,8,5.625,6.497,0,Low
2026-07-21 19:30:19,13,48,8,5.625,6.546,0,
2026-07-21 19:40:15,13,51,8,5.625,6.546,0,
2026-07-21 19:50:16,13,50,8,5.625,6.652,0,
2026-07-21 20:00:24,12,49,8,5.625,6.599,0,
2026-07-21 20:10:15,12,43,8,5.625,6.519,0,
2026-07-21 20:20:16,12,50,8,5.625,6.599,0,Low
2026-07-21 20:30:23,13,51,8,5.625,6.546,0,
2026-07-21 20:39:31,13,51,8,5.625,6.546,0,Low
2026-07-21 20:40:14,13,51,8,5.625,6.546,0,Low
2026-07-21 20:50:13,14,49,8,5.625,6.522,0,
2026-07-21 21:00:29,13,49,8,5.625,6.546,0,Low
2026-07-21 21:10:15,12,45,8,5.625,6.519,0,Low
2026-07-21 21:20:14,13,49,8,5.625,6.492,0,Low
2026-07-21 21:30:17,14,47,12,5.126,6.492,0,Low
2026-07-21 21:40:14,14,50,12,5.126,6.492,0,Low
2026-07-21 21:50:15,13,48,12,5.126,6.492,0,Low
2026-07-21 22:00:19,14,49,12,5.126,6.495,0,Low
2026-07-21 22:10:11,13,48,11,5.126,6.49,0,Low
2026-07-21 22:20:12,11,45,11,5.226,6.49,0,Low
2026-07-21 22:30:20,14,50,11,5.226,6.492,0,Low
2026-07-21 22:40:14,12,45,11,5.226,6.492,0,Low
2026-07-21 22:50:12,11,47,10,5.226,6.492,0,Low
2026-07-21 23:00:23,12,45,11,5.226,6.492,0,Low
2026-07-21 23:10:11,12,48,10,5.226,6.495,0,Low
2026-07-21 23:20:13,12,46,11,5.332,6.495,0,Low
2026-07-21 23:30:16,12,47,11,5.332,6.491,0,Low
2026-07-21 23:40:15,11,46,11,5.332,6.49,0,Low
2026-07-21 23:43:58,12,47,11,5.332,6.491,0,
2026-07-21 23:50:12,13,48,11,5.332,6.492,0,Low
2026-07-22 00:00:19,12,40,11,5.332,6.491,0,Low
2026-07-22 00:10:12,12,47,10,5.332,6.687,0,Low
2026-07-22 00:20:14,11,50,10,5.439,6.497,0,Low
2026-07-22 00:30:18,11,52,10,5.439,6.876,0,Low
2026-07-22 00:40:20,12,54,10,5.439,6.687,0,Low
2026-07-22 00:50:11,12,54,10,5.439,6.491,0,Low
2026-07-22 01:00:20,13,55,11,5.439,6.876,0,Low
2026-07-22 01:10:13,12,53,9,5.521,7.001,0,Low
2026-07-22 01:20:19,10,48,9,5.625,7.001,0,Low
2026-07-22 01:30:14,12,51,11,5.545,6.877,0,Low
2026-07-22 01:40:17,11,43,11,5.545,6.497,0,Low
2026-07-22 01:50:14,11,43,11,5.545,6.497,0,Low
2026-07-22 02:00:19,12,44,11,5.545,6.687,0,Low
2026-07-22 02:10:12,11,46,11,5.545,6.876,0,Low
2026-07-22 02:20:11,14,52,11,5.545,6.687,0,Low
2026-07-22 02:30:14,12,50,11,5.545,7.001,0,Low
2026-07-22 02:40:11,13,51,10,5.545,6.877,0,
2026-07-22 02:50:13,12,50,10,5.625,7.002,0,
2026-07-22 03:00:19,13,51,10,5.625,6.877,0,Low
2026-07-22 03:10:13,12,50,10,5.625,7.001,0,Low
2026-07-22 03:20:15,11,49,10,5.625,7.126,0,Low
2026-07-22 03:30:15,14,52,11,5.625,6.877,0,Low
2026-07-22 03:40:13,13,51,11,5.625,6.876,0,Low
2026-07-22 03:50:12,12,50,10,5.625,7.002,0,
2026-07-22 04:00:20,13,51,11,5.615,6.877,0,Low
2026-07-22 04:10:17,12,47,11,5.615,6.687,0,Low
2026-07-22 04:20:13,12,49,9,5.615,7.001,0,Low
2026-07-22 04:30:19,13,50,9,5.625,6.877,0,Low
2026-07-22 04:40:11,11,48,8,5.625,7.126,0,Low
2026-07-22 04:50:14,12,49,8,5.625,7.002,0,Low
2026-07-22 05:00:20,12,49,8,5.625,7.002,0,Low
2026-07-22 05:10:13,12,49,8,5.625,7.002,0,Low
2026-07-22 05:20:15,11,48,8,5.625,7.126,0,Low
2026-07-22 05:30:16,12,49,8,5.625,7.002,0,Low
2026-07-22 05:40:14,12,49,8,5.625,7.002,0,Low
2026-07-22 05:50:16,11,48,8,5.625,7.126,0,
2026-07-22 06:00:27,11,48,8,5.625,7.126,0,
2026-07-22 06:10:13,11,45,8,5.625,6.877,0,Low
2026-07-22 06:20:14,12,49,8,5.625,7.001,0,
2026-07-22 06:30:17,11,47,8,5.625,7.126,0,Low
2026-07-22 06:40:13,10,43,8,5.625,6.812,0,Low
2026-07-22 06:50:13,10,43,8,5.625,7.001,0,Low
2026-07-22 07:00:24,12,48,8,5.625,7.002,0,Low
2026-07-22 07:10:12,11,44,8,5.625,7.126,0,Low
2026-07-22 07:20:16,10,43,8,5.625,7.438,0,
2026-07-22 07:30:16,12,48,8,5.625,7.127,0,
2026-07-22 07:40:15,10,36,0,6.25,7.438,0,Low
2026-07-22 07:50:14,13,50,8,5.625,7.126,0,Low
2026-07-22 08:00:23,12,49,8,5.625,7.127,0,
2026-07-22 08:01:04,11,45,8,5.625,7.126,0,
2026-07-22 08:10:12,11,45,8,5.625,7.126,0,
2026-07-22 08:20:12,12,46,8,5.625,7.002,0,
2026-07-22 08:30:17,12,46,8,5.625,7.001,0,
2026-07-22 08:40:12,12,47,8,5.625,7.001,0,Low
2026-07-22 08:50:13,12,47,8,5.625,7.001,0,Low
2026-07-22 09:00:26,13,48,8,5.625,6.877,0,
2026-07-22 09:10:16,14,56,8,5.625,6.877,0,Low
2026-07-22 09:20:15,14,56,8,5.625,6.687,0,Low
2026-07-22 09:30:20,14,52,10,5.625,7.001,0,Low
2026-07-22 09:40:13,14,52,10,5.625,6.877,0,
2026-07-22 09:50:14,14,52,10,5.625,6.687,0,Low
2026-07-22 10:00:28,14,52,10,5.625,6.687,0,
2026-07-22 10:10:11,14,52,10,5.625,6.877,0,
2026-07-22 10:20:14,13,51,10,5.625,6.876,0,
2026-07-22 10:30:17,11,49,10,5.625,6.876,0,Low
2026-07-22 10:40:15,13,51,10,5.625,7.126,0,Low
2026-07-22 10:50:13,13,51,10,5.625,6.876,0,
2026-07-22 11:00:24,12,50,10,5.625,7.001,0,Low
2026-07-22 11:10:16,13,51,10,5.625,6.751,0,Low
2026-07-22 11:20:12,12,50,10,5.625,7.126,0,Low
2026-07-22 11:30:14,11,49,10,5.625,7.126,0,Low
2026-07-22 11:40:14,11,49,10,5.625,7.126,0,Low
2026-07-22 11:50:15,12,51,10,5.625,6.809,0,Low
2026-07-22 12:00:21,13,52,10,5.625,6.877,0,Low
2026-07-22 12:10:15,13,52,10,5.625,7.126,0,Low
2026-07-22 12:20:13,15,57,2,5.739,6.877,0,
2026-07-22 12:30:23,16,61,10,5.625,6.877,0,Low
2026-07-22 12:40:16,15,60,10,5.625,6.497,0,Low
2026-07-22 12:50:25,14,59,8,5.625,7.126,0,Low
2026-07-22 13:00:22,15,60,8,5.625,7.126,0,
2026-07-22 13:10:15,14,56,8,5.625,7.002,0,
2026-07-22 13:12:05,13,55,8,5.625,7.126,0,Low
2026-07-22 13:20:15,13,52,8,5.625,7.126,0,Low
2026-07-22 13:30:19,13,52,8,5.625,6.877,0,Low
2026-07-22 13:40:14,12,51,8,5.625,7.127,0,Low
2026-07-22 13:50:16,11,43,8,5.625,7.127,0,Low
2026-07-22 14:00:28,12,44,8,5.625,7.127,0,Low
2026-07-22 14:10:18,13,52,8,5.625,7.126,0,Low
2026-07-22 14:20:13,14,53,8,5.625,7.001,0,Low
2026-07-22 14:30:20,13,52,8,5.625,7.126,0,Low
2026-07-22 14:40:18,12,53,8,5.625,7.126,0,Low
2026-07-22 14:50:16,13,54,8,5.625,7.126,0,Low
2026-07-22 15:00:26,12,52,8,5.625,7.126,0,Low
2026-07-22 15:10:28,12,45,8,5.625,7.001,0,Low
2026-07-22 15:20:14,12,53,8,5.625,7.126,0,Low
2026-07-22 15:30:22,12,53,8,5.625,7.126,0,Low
2026-07-22 15:40:16,12,53,8,5.625,7.127,0,Low
2026-07-22 15:50:19,12,52,8,5.625,7.126,0,Low
2026-07-22 16:00:21,13,53,8,5.625,7.126,0,Low
2026-07-22 16:10:16,13,53,8,5.625,7.126,0,Low
2026-07-22 16:20:13,13,53,8,5.625,7.126,0,Low
2026-07-22 16:30:19,12,49,8,5.625,7.002,0,Low
2026-07-22 16:40:18,11,45,8,5.625,6.526,0,Low
2026-07-22 16:50:16,10,38,8,5.625,6.687,0,Low
2026-07-22 17:00:25,12,46,8,5.625,6.701,0,Low
2026-07-22 17:10:13,12,43,8,5.625,7.002,0,Low
2026-07-22 17:20:14,12,46,8,5.625,6.701,0,Low
2026-07-22 17:30:18,12,41,8,5.625,7.001,0,Low
2026-07-22 17:40:12,10,40,8,5.625,7.001,0,Low
2026-07-22 17:50:17,12,46,8,5.625,7.127,0,Low
2026-07-22 17:51:57,12,46,8,5.625,7.002,0,Low
2026-07-22 18:00:21,12,43,8,5.625,6.877,0,Low
2026-07-22 18:10:16,12,46,8,5.625,7.127,0,Low
2026-07-22 18:20:16,13,47,8,5.625,6.877,0,Low
2026-07-22 18:30:18,12,46,8,5.625,7.001,0,Low
2026-07-22 18:40:14,12,46,8,5.625,7.001,0,Low
2026-07-22 18:50:17,12,46,8,5.625,7.001,0,Low
2026-07-22 19:00:24,14,51,8,5.625,6.877,0,
2026-07-22 19:10:13,12,45,8,5.625,7.127,0,Low
2026-07-22 19:20:15,11,41,8,5.625,7.126,0,Low
2026-07-22 19:30:19,12,45,8,5.625,7.127,0,Low
2026-07-22 19:40:14,11,44,8,5.625,7.127,0,Low
2026-07-22 19:50:14,11,44,11,4.989,7.126,0,
2026-07-22 20:00:23,10,42,9,5.121,7.127,0,
2026-07-22 20:10:12,10,39,9,5.121,7.002,0,
2026-07-22 20:20:14,12,47,9,5.377,7.127,0,Low
2026-07-22 20:30:18,11,43,9,5.439,7.126,0,
2026-07-22 20:40:18,11,46,8,5.625,7.127,0,
2026-07-22 20:50:14,10,42,9,5.625,7.127,0,
2026-07-22 21:00:25,10,42,9,5.625,7.127,0,Low
2026-07-22 21:10:16,10,41,9,5.625,7.127,0,
2026-07-22 21:20:14,10,41,9,5.625,7.127,0,
2026-07-22 21:30:17,11,46,9,5.625,7.127,0,Low
2026-07-22 21:40:17,11,46,9,5.625,7.127,0,Low
2026-07-22 21:54:28,11,46,9,5.377,7.127,0,
2026-07-22 22:00:34,12,47,9,5.377,7.127,0,Low
2026-07-22 22:10:13,11,46,9,5.377,7.127,0,Low
2026-07-22 22:20:12,11,47,9,5.377,7.127,0,
2026-07-22 22:30:18,10,42,9,5.377,7.127,0,
2026-07-22 22:40:13,12,47,9,5.439,7.127,0,
2026-07-22 22:50:14,13,48,9,5.439,7.126,0,
2026-07-22 23:00:22,13,48,9,5.483,6.877,0,Low
2026-07-22 23:10:14,12,47,9,5.483,6.814,0,Low
2026-07-22 23:20:14,12,44,9,5.483,6.701,0,Low
2026-07-22 23:30:17,11,46,9,5.483,7.127,0,Low
2026-07-22 23:40:13,12,48,11,5.239,6.814,0,Low
2026-07-22 23:50:12,11,45,11,5.239,6.876,0,Low
2026-07-23 00:00:19,12,46,11,5.239,6.684,0,Low
2026-07-23 00:10:12,12,46,11,5.239,6.684,0,Low
2026-07-23 00:20:13,10,38,9,5.483,6.509,0,Low
2026-07-23 00:30:14,10,38,9,5.625,6.814,0,Low
2026-07-23 00:40:11,9,37,9,5.625,6.751,0,Low
2026-07-23 00:50:11,10,40,9,5.625,6.702,0,Low
2026-07-23 01:00:24,11,44,8,5.625,6.876,0,Low
2026-07-23 01:10:15,10,43,8,5.625,7.002,0,Low
2026-07-23 01:20:12,10,43,8,5.625,6.701,0,Low
2026-07-23 01:30:17,10,46,8,5.625,6.702,0,Low
2026-07-23 01:40:17,11,47,8,5.625,6.877,0,Low
2026-07-23 01:50:14,9,41,8,5.625,6.876,0,Low
2026-07-23 02:00:22,10,45,8,5.625,6.814,0,Low
2026-07-23 02:10:13,10,45,9,5.625,6.814,0,Low
2026-07-23 02:20:14,10,42,9,5.625,6.682,0,Low
2026-07-23 02:30:16,9,41,9,5.625,6.527,0,Low
2026-07-23 02:40:14,9,43,8,5.625,7.127,0,Low
2026-07-23 02:50:13,10,45,8,5.625,7.002,0,Low
2026-07-23 03:00:25,9,44,8,5.625,7.127,0,Low
2026-07-23 03:10:13,10,44,8,5.625,7.002,0,Low
2026-07-23 03:20:19,9,41,8,5.625,7.127,0,Low
2026-07-23 03:30:13,9,41,8,5.625,6.876,0,Low
2026-07-23 03:40:14,10,42,8,5.625,7.002,0,Low
2026-07-23 03:50:11,10,42,8,5.625,7.002,0,Low
2026-07-23 04:00:19,11,45,8,5.625,6.877,0,Low
2026-07-23 04:10:12,12,46,8,5.625,6.702,0,Low
2026-07-23 04:20:15,11,42,8,5.625,6.526,0,Low
2026-07-23 04:30:14,10,44,8,5.625,7.002,0,Low
2026-07-23 04:40:14,12,46,8,5.625,6.639,0,Low
2026-07-23 04:50:12,11,45,8,5.625,6.527,0,Low
2026-07-23 05:00:22,11,45,8,5.625,6.876,0,Low
2026-07-23 05:10:11,12,46,8,5.625,6.684,0,Low
2026-07-23 05:20:13,12,46,8,5.625,6.701,0,Low
2026-07-23 05:30:15,10,43,8,5.625,7.002,0,Low
2026-07-23 05:40:14,11,44,8,5.625,6.876,0,Low
2026-07-23 05:50:11,10,43,8,5.625,6.877,0,Low
2026-07-23 06:00:22,10,43,8,5.625,6.877,0,Low
2026-07-23 06:10:12,9,42,8,5.625,6.876,0,Low
2026-07-23 06:20:14,9,39,8,5.625,6.876,0,Low
2026-07-23 06:30:18,11,44,8,5.625,6.877,0,Low
2026-07-23 06:40:13,11,44,8,5.625,6.876,0,Low
2026-07-23 06:46:04,10,43,8,5.625,7.002,0,Low
2026-07-23 06:50:15,11,43,8,5.625,6.877,0,Low
2026-07-23 07:00:22,10,42,8,5.625,6.702,0,Low
2026-07-23 07:10:16,11,44,8,5.625,6.527,0,Low
2026-07-23 07:20:14,10,39,8,5.625,6.702,0,Low
2026-07-23 07:30:16,9,38,8,5.625,6.876,0,Low
2026-07-23 07:40:14,9,37,8,5.625,6.876,0,Low
2026-07-23 07:50:13,9,38,8,5.625,6.877,0,Low
2026-07-23 08:00:24,11,43,8,5.625,6.876,0,Low
2026-07-23 08:10:11,11,43,8,5.625,6.876,0,Low
2026-07-23 08:20:12,11,41,8,5.625,6.751,0,Low
2026-07-23 08:30:17,10,44,8,5.625,7.002,0,Low
2026-07-23 08:40:14,10,42,8,5.625,7.002,0,Low
2026-07-23 08:50:38,10,42,8,5.625,7.002,0,Low
2026-07-23 09:00:23,10,40,8,5.625,6.814,0,Low
2026-07-23 09:10:14,11,42,8,5.625,6.751,0,Low
2026-07-23 09:20:13,12,46,8,5.625,6.877,0,Low
2026-07-23 09:30:22,10,44,8,5.625,7.002,0,Low
2026-07-23 09:40:16,9,40,8,5.625,6.876,0,Low
2026-07-23 09:50:12,10,41,8,5.625,6.877,0,Low
2026-07-23 10:00:25,10,40,8,5.625,6.814,0,Low
2026-07-23 10:10:12,11,41,8,5.625,6.876,0,Low
2026-07-23 10:20:15,11,44,8,5.625,6.876,0,Low
2026-07-23 10:30:18,10,36,8,5.625,7.002,0,Low
2026-07-23 10:40:14,8,34,8,5.625,7.002,0,Low
2026-07-23 10:50:16,9,35,8,5.625,7.127,0,Low
2026-07-23 11:00:24,10,36,8,5.625,7.002,0,
2026-07-23 11:10:13,12,45,8,5.625,6.877,0,Low
2026-07-23 11:20:13,11,37,8,5.625,6.877,0,Low
2026-07-23 11:30:16,10,36,8,5.625,7.002,0,
2026-07-23 11:40:11,9,34,8,5.625,7.127,0,
2026-07-23 11:50:12,8,37,8,5.625,7.313,0,Low
2026-07-23 12:00:27,8,33,8,5.625,7.439,0,Low
2026-07-23 12:10:14,9,38,8,5.625,6.877,0,Low
2026-07-23 12:14:31,10,42,8,5.625,6.877,0,Low
2026-07-23 12:20:14,9,41,8,5.625,6.876,0,Low
2026-07-23 12:30:19,10,43,8,5.625,6.877,0,Low
2026-07-23 12:40:13,8,38,8,5.625,7.313,0,Low
2026-07-23 12:50:17,10,43,8,5.625,7.002,0,Low
2026-07-23 13:00:24,10,43,8,5.625,7.002,0,Low
2026-07-23 13:10:12,10,44,8,5.625,6.876,0,Low
2026-07-23 13:20:19,9,35,8,5.625,7.127,0,Low
2026-07-23 13:30:21,10,43,16,5.625,7.002,0,Low
2026-07-23 13:40:15,10,50,16,5.625,7.002,0,Low
2026-07-23 13:50:15,10,43,16,5.625,7.002,0,Low
2026-07-23 14:00:26,8,34,8,5.625,7.313,0,
2026-07-23 14:10:15,10,43,16,5.625,7.002,0,
2026-07-23 14:20:13,11,45,16,5.625,6.876,0,Low
2026-07-23 14:30:20,11,45,16,5.625,6.876,0,
2026-07-23 14:40:15,11,45,16,5.625,6.876,0,Low
2026-07-23 14:50:16,9,42,16,5.625,7.127,0,Low
2026-07-23 15:00:30,11,58,16,5.625,6.251,0,Low
2026-07-23 15:10:16,11,58,16,5.625,6.251,0,Low
2026-07-23 15:20:14,11,57,16,5.625,6.251,0,Low
2026-07-23 15:30:20,11,58,16,5.625,6.251,0,Low
2026-07-23 15:40:17,11,57,16,5.625,6.251,0,Low
2026-07-23 15:50:15,10,46,8,5.625,6.374,0,Low
2026-07-23 16:00:21,11,52,16,5.625,6.251,0,
2026-07-23 16:10:18,11,52,16,5.625,6.251,0,Low
2026-07-23 16:20:13,12,60,8,5.625,6.684,0,
2026-07-23 16:30:15,14,65,16,5.625,6.495,0,
2026-07-23 16:40:13,13,57,12,5.625,6.492,0,
2026-07-23 16:50:15,13,56,12,5.625,6.497,0,
2026-07-23 17:00:22,14,58,12,5.625,6.495,0,Low
2026-07-23 17:05:32,15,59,12,5.625,6.497,0,
2026-07-23 17:10:23,14,58,12,5.625,6.495,0,Low
2026-07-23 17:20:12,15,59,12,5.625,6.497,0,Low
2026-07-23 17:30:21,13,56,12,5.625,6.492,0,Low
2026-07-23 17:40:12,13,56,12,5.625,6.492,0,Low
2026-07-23 17:50:12,13,54,4,5.625,6.527,0,Low
2026-07-23 18:00:24,15,66,12,5.625,6.526,0,Low
2026-07-23 18:10:13,11,51,12,5.625,6.876,0,Low
2026-07-23 18:20:15,14,64,12,5.625,6.389,0,
2026-07-23 18:30:18,13,63,12,5.625,6.526,0,
2026-07-23 18:40:14,15,66,14,5.47,6.252,0,
2026-07-23 18:50:14,14,67,14,5.47,6.389,0,
2026-07-23 19:00:21,14,67,14,5.389,6.389,0,
2026-07-23 19:10:16,14,66,14,5.375,6.389,0,
2026-07-23 19:20:14,16,70,14,5.375,6.509,0,
2026-07-23 19:30:20,15,67,14,5.375,6.492,0,Low
2026-07-23 19:40:12,16,68,14,5.375,6.509,0,Low
2026-07-23 19:50:12,16,71,14,5.375,6.509,0,Low
2026-07-23 20:00:22,16,68,14,5.375,6.509,0,Low
2026-07-23 20:10:15,16,71,14,5.375,6.509,0,Low
2026-07-23 20:20:12,17,71,14,5.375,6.497,0,Low
2026-07-23 20:30:17,16,69,14,5.375,6.495,0,
2026-07-23 20:40:15,14,60,14,5.375,6.372,0,Low
2026-07-23 20:42:35,14,60,14,5.375,6.372,0,Low
2026-07-23 20:50:15,16,63,14,5.375,6.495,0,Low
2026-07-23 21:00:22,15,62,14,5.375,6.492,0,Low
2026-07-23 21:10:14,15,62,14,5.375,6.492,0,Low
2026-07-23 21:20:18,14,61,14,5.375,6.372,0,Low
2026-07-23 21:30:17,14,60,14,5.375,6.372,0,
2026-07-23 21:40:13,16,69,14,5.375,6.653,0,
2026-07-23 21:50:14,17,72,14,5.375,6.492,0,
2026-07-23 22:00:20,16,70,14,5.375,6.491,0,Low
2026-07-23 22:10:15,16,70,14,5.375,6.491,0,
2026-07-23 22:20:20,15,62,14,5.375,6.715,0,Low
2026-07-23 22:30:16,16,70,14,5.375,6.603,0,
2026-07-23 22:40:20,16,70,14,5.375,6.603,0,Low
2026-07-23 22:50:12,16,70,14,5.375,6.603,0,Low
2026-07-23 23:00:21,16,67,14,5.226,6.606,0,Low
2026-07-23 23:10:15,16,70,14,5.226,6.603,0,Low
2026-07-23 23:20:14,17,72,14,5.226,6.715,0,Low
2026-07-23 23:30:13,17,72,14,5.226,6.715,0,Low
2026-07-23 23:40:18,17,71,14,5.226,6.715,0,Low
2026-07-23 23:50:12,17,71,14,5.226,6.497,0,Low
2026-07-24 00:00:20,18,72,12,5.375,6.606,0,Low
2026-07-24 00:10:15,14,64,4,5.625,6.77,0,Low
2026-07-24 00:12:09,16,70,12,5.375,6.839,0,Low
2026-07-24 00:20:12,17,68,12,5.375,6.826,0,Low
2026-07-24 00:30:15,16,67,12,5.375,6.669,0,Low
2026-07-24 00:40:11,15,66,12,5.375,6.497,0,Low
2026-07-24 00:50:11,16,67,12,5.375,6.674,0,Low
2026-07-24 01:00:20,17,66,12,5.375,6.497,0,Low
2026-07-24 01:10:12,17,68,12,5.375,6.497,0,Low
2026-07-24 01:20:13,17,69,14,5.375,6.492,0,Low
2026-07-24 01:30:13,16,65,14,5.375,6.372,0,Low
2026-07-24 01:40:13,16,71,14,5.375,6.659,0,Low
2026-07-24 01:50:14,16,71,14,5.375,6.659,0,Low
2026-07-24 02:00:19,18,71,14,5.375,6.659,0,Low
2026-07-24 02:10:12,17,73,14,5.375,6.492,0,Low
2026-07-24 02:20:13,18,72,14,5.375,6.659,0,Low
2026-07-24 02:30:16,15,67,14,5.375,6.492,0,Low
2026-07-24 02:40:14,16,68,14,5.375,6.666,0,Low
2026-07-24 02:50:17,17,70,14,5.375,6.839,0,
2026-07-24 03:00:18,16,69,14,5.375,6.672,0,Low
2026-07-24 03:10:13,17,73,14,5.375,6.492,0,Low
2026-07-24 03:20:13,15,67,14,5.375,6.492,0,Low
2026-07-24 03:30:16,16,69,14,5.375,6.372,0,Low
2026-07-24 03:40:14,15,70,14,5.375,6.492,0,Low
2026-07-24 03:50:13,17,72,14,5.375,6.497,0,
2026-07-24 04:00:19,16,67,14,5.375,6.372,0,Low
2026-07-24 04:10:13,16,68,14,5.375,6.659,0,Low
2026-07-24 04:20:12,15,65,6,5.382,6.839,0,Low
2026-07-24 04:30:18,17,72,14,5.375,6.826,0,Low
2026-07-24 04:40:14,17,71,14,5.375,6.492,0,Low
2026-07-24 04:50:14,15,69,12,5.375,6.826,0,Low
2026-07-24 05:00:20,16,68,12,5.375,6.833,0,Low
2026-07-24 05:10:14,16,68,12,5.375,6.846,0,
2026-07-24 05:20:17,16,68,12,5.375,6.659,0,Low
2026-07-24 05:30:17,17,69,12,5.375,6.826,0,Low
2026-07-24 05:40:11,16,67,12,5.375,6.846,0,Low
2026-07-24 05:50:16,16,70,12,5.375,6.846,0,
2026-07-24 06:00:20,15,67,12,5.375,6.826,0,
2026-07-24 06:10:13,16,68,12,5.375,6.846,0,
2026-07-24 06:20:14,17,74,12,5.375,6.851,0,Low
2026-07-24 06:30:15,15,66,12,5.375,6.492,0,Low
2026-07-24 06:40:13,15,67,12,5.375,6.826,0,
2026-07-24 06:50:15,16,67,12,5.375,6.846,0,
2026-07-24 07:00:21,15,66,12,5.375,6.826,0,
2026-07-24 07:10:15,15,65,12,5.375,6.839,0,Low
2026-07-24 07:20:14,14,63,12,5.375,6.659,0,
2026-07-24 07:30:18,15,65,12,5.375,6.492,0,
2026-07-24 07:40:13,14,65,12,5.375,6.672,0,
2026-07-24 07:50:15,14,64,12,5.375,6.666,0,Low
2026-07-24 08:00:21,15,66,14,5.375,6.251,0,
2026-07-24 08:10:13,16,71,14,5.375,6.372,0,
2026-07-24 08:20:17,15,67,14,5.375,6.492,0,
2026-07-24 08:30:14,15,64,14,5.375,6.492,0,Low
2026-07-24 08:40:14,15,64,12,5.375,6.839,0,Low
2026-07-24 08:50:13,13,64,12,5.375,6.826,0,Low
2026-07-24 09:00:30,13,62,12,5.375,6.851,0,Low
2026-07-24 09:10:25,15,68,12,5.375,6.826,0,Low
2026-07-24 09:13:33,13,63,12,5.375,6.826,0,Low
2026-07-24 09:20:18,14,64,12,5.375,6.539,0,Low
2026-07-24 09:30:14,14,63,12,5.375,6.539,0,Low
2026-07-24 09:40:15,12,61,12,5.375,6.539,0,
2026-07-24 09:50:11,12,61,4,5.625,6.539,0,Low
2026-07-24 10:00:24,12,60,12,5.375,6.539,0,Low
2026-07-24 10:10:15,13,62,12,5.375,6.252,0,Low
2026-07-24 10:20:16,12,61,12,5.375,6.551,0,Low
2026-07-24 10:30:21,12,60,12,5.375,6.546,0,Low
2026-07-24 10:40:13,12,60,12,5.375,6.546,0,Low
2026-07-24 10:50:11,12,60,12,5.375,6.552,0,Low
2026-07-24 11:00:32,12,60,12,5.375,6.552,,Low
2026-07-24 11:10:15,13,62,12,5.375,6.252,0,Low
2026-07-24 11:20:12,13,63,12,5.375,6.492,0,Low
2026-07-24 11:30:16,14,64,12,5.375,6.672,0,Low
2026-07-24 11:40:13,14,64,12,5.375,6.666,0,Low
2026-07-24 11:50:13,14,64,12,5.375,6.672,0,Low
2026-07-24 12:00:21,15,65,12,5.375,6.851,0,Low
2026-07-24 12:10:14,15,66,12,5.375,6.851,0,Low
2026-07-24 12:20:14,15,66,12,5.375,6.851,0,Low
2026-07-24 12:30:22,15,65,12,5.375,6.851,0,Low
2026-07-24 12:40:17,15,65,12,5.375,6.851,0,Low
2026-07-24 12:50:14,16,68,12,5.375,6.666,0,Low
2026-07-24 13:00:25,16,68,12,5.375,6.672,0,Low
2026-07-24 13:10:12,16,68,12,5.375,6.666,0,Low
2026-07-24 13:20:12,13,61,12,5.375,6.492,0,Low
2026-07-24 13:30:22,13,61,12,5.375,6.251,0,Low
2026-07-24 13:40:14,12,59,4,5.625,6.545,0,Low
2026-07-24 13:50:11,13,65,16,5.375,6.251,0,Low
2026-07-24 14:00:22,12,63,16,5.375,6.545,0,Low
2026-07-24 14:10:14,14,66,16,5.375,6.539,0,Low
2026-07-24 14:20:17,12,61,16,5.375,6.372,0,Low
2026-07-24 14:30:22,13,62,16,5.375,6.492,0,Low
2026-07-24 14:40:13,12,60,16,5.375,6.564,0,Low
2026-07-24 14:50:12,11,60,16,5.375,6.25,0,Low
2026-07-24 15:00:22,10,56,16,5.375,6.251,0,Low
2026-07-24 15:10:13,11,52,16,5.375,6.251,0,Low
2026-07-24 15:15:22,11,54,16,5.375,6.251,0,Low
2026-07-24 15:20:17,12,62,16,5.375,6.371,0,Low
2026-07-24 15:30:16,12,59,16,5.375,6.374,0,Low
2026-07-24 15:40:15,11,59,16,5.375,6.251,0,Low
2026-07-24 15:50:14,10,58,16,5.375,6.25,0,Low
2026-07-24 16:00:50,13,61,12,5.375,6.492,0,Low
2026-07-24 16:36:07,13,61,12,5.375,6.851,0,Low
2026-07-24 16:40:14,14,62,12,5.375,6.839,0,Low
2026-07-24 16:50:15,14,64,12,5.375,6.252,0,Low
2026-07-24 17:00:25,15,66,12,5.375,6.252,0,Low
2026-07-24 17:10:14,14,64,12,5.375,6.659,0,Low
2026-07-24 17:20:14,14,64,12,5.375,7.688,0,Low
2026-07-24 17:30:15,13,55,12,5.375,7.625,0,Low
2026-07-24 17:40:14,12,60,12,5.375,7.563,0,Low
2026-07-24 17:50:11,11,48,12,5.375,7.5,0,
2026-07-24 18:10:14,13,55,13,4.558,7.625,0,
2026-07-24 18:20:11,13,54,13,4.652,7.625,0,Low
2026-07-24 18:30:18,12,40,13,4.652,6.877,0,Low
2026-07-24 18:40:14,15,64,13,4.652,7.5,0,Low
2026-07-24 18:50:14,14,62,13,4.79,7.563,0,Low
2026-07-24 19:00:20,15,64,12,5.375,7.5,0,Low
2026-07-24 19:10:12,16,65,13,4.79,7.189,0,Low
2026-07-24 19:20:12,16,66,13,4.79,7.189,0,Low
2026-07-24 19:30:23,15,64,13,4.79,7.5,0,Low
2026-07-24 19:40:14,14,57,9,4.79,7.251,0,Low
2026-07-24 19:50:12,14,63,8,5.375,7.563,0,Low
2026-07-24 20:00:27,15,64,9,5.027,7.5,0,Low
2026-07-24 20:04:32,14,61,9,5.027,7.233,0,Low
2026-07-24 20:10:17,15,65,9,5.027,7.501,0,Low
2026-07-24 20:20:12,16,70,9,5.027,7.313,0,Low
2026-07-24 20:30:16,16,66,9,5.027,7.313,0,Low
2026-07-24 20:40:14,15,67,9,5.027,7.5,0,Low
2026-07-24 20:50:13,16,70,9,5.027,7.313,0,Low
2026-07-24 21:00:21,16,70,9,4.79,7.313,0,Low
2026-07-24 21:10:15,16,70,9,4.79,7.313,0,Low
2026-07-24 21:20:12,15,65,9,4.79,7.5,0,Low
2026-07-24 21:30:15,14,57,9,4.79,7.002,0,Low
2026-07-24 21:40:11,15,61,9,4.79,7.126,0,Low
2026-07-24 21:50:18,16,76,9,4.79,7.001,0,Low
2026-07-24 22:00:20,15,74,16,5.375,7.126,0,Low
2026-07-24 22:10:11,14,70,16,5.375,7.001,0,Low
2026-07-24 22:20:16,14,74,16,5.375,7.001,0,Low
2026-07-24 22:30:15,14,74,16,5.375,6.372,0,Low
2026-07-24 22:40:12,14,76,16,5.375,6.371,0,Low
2026-07-24 22:50:13,13,72,16,5.375,6.492,0,Low
2026-07-24 23:00:22,14,72,16,5.375,6.251,0,Low
2026-07-24 23:10:20,15,77,16,5.375,6.25,0,Low
2026-07-24 23:20:12,14,66,16,5.375,6.251,0,Low
2026-07-24 23:30:18,13,65,16,5.375,6.493,0,Low
2026-07-24 23:40:14,14,64,16,5.375,6.251,0,Low
2026-07-24 23:44:42,14,64,16,5.375,6.251,0,Low
2026-07-24 23:50:13,14,64,16,5.375,6.251,0,Low
2026-07-25 00:00:21,14,62,16,5.375,6.251,0,Low
2026-07-25 00:10:12,14,68,16,5.375,6.251,0,Low
2026-07-25 00:20:13,14,66,16,5.375,6.251,0,Low
2026-07-25 00:30:15,12,63,16,5.375,6.25,0,Low
2026-07-25 00:40:12,14,66,16,5.375,6.252,0,Low
2026-07-25 00:50:12,13,65,16,5.375,6.25,0,Low
2026-07-25 01:02:34,14,61,16,5.375,6.252,0,Low
2026-07-25 01:10:13,13,62,16,5.375,6.251,0,Low
2026-07-25 01:20:41,13,61,16,5.375,6.251,0,Low
2026-07-25 01:30:18,14,60,16,5.375,6.252,0,Low
2026-07-25 01:40:15,13,60,16,5.375,6.25,0,Low
2026-07-25 01:50:10,16,67,16,5.375,6.251,0,Low
2026-07-25 02:00:27,16,66,17,4.808,6.251,0,Low
2026-07-25 02:10:14,14,58,17,4.808,6.251,0,Low
2026-07-25 02:20:12,17,66,9,4.808,6.251,0,Low
2026-07-25 02:30:19,15,62,9,4.808,6.251,0,Low
2026-07-25 02:40:16,15,62,9,4.808,6.251,0,Low
2026-07-25 02:50:14,13,61,8,5.375,6.251,0,Low
2026-07-25 03:00:18,13,61,8,5.375,6.251,0,Low
2026-07-25 03:10:12,12,61,8,5.375,6.251,0,Low
2026-07-25 03:20:18,12,56,8,5.375,6.375,0,Low
2026-07-25 03:30:20,11,57,8,5.375,6.25,0,Low
2026-07-25 03:40:11,12,59,8,5.375,6.251,0,Low
2026-07-25 03:50:14,12,61,8,5.375,6.251,0,Low
2026-07-25 04:02:07,11,55,8,5.375,6.251,0,Low
2026-07-25 04:11:42,12,56,8,5.375,6.252,0,Low
2026-07-25 04:20:14,11,52,8,5.375,6.498,0,Low
2026-07-25 04:30:16,12,56,9,5.096,6.251,0,Low
2026-07-25 04:40:11,13,59,9,5.096,6.251,0,Low
2026-07-25 04:52:45,10,53,8,5.375,6.251,0,Low
2026-07-25 05:00:23,12,58,8,5.375,6.252,0,Low
2026-07-25 05:10:10,11,55,8,5.375,6.251,0,Low
2026-07-25 05:21:43,11,48,0,6.128,6.498,0,Low
2026-07-25 05:30:13,13,56,0,6.128,6.252,0,Low
2026-07-25 05:40:15,10,47,0,6.126,6.374,0,Low
2026-07-25 05:50:11,12,50,0,6.126,6.372,0,Low
2026-07-25 06:02:27,12,52,0,6.128,6.372,0,Low
2026-07-25 06:10:13,13,55,1,5.196,6.492,0,Low
2026-07-25 06:20:18,12,52,0,6.128,6.469,0,Low
2026-07-25 06:35:49,11,49,0,6.126,6.251,1,Low
2026-07-25 06:40:14,11,46,0,6.128,6.493,0,Low
2026-07-25 06:50:17,11,47,0,6.126,6.251,0,Low
2026-07-25 07:00:23,12,47,0,6.126,6.372,0,Low
2026-07-25 07:10:14,11,46,0,6.126,6.252,0,Low
2026-07-25 07:20:15,13,51,1,5.302,6.252,0,Low
2026-07-25 07:30:16,11,46,1,5.302,6.251,0,Low
2026-07-25 07:33:38,10,43,0,6.126,6.372,0,Low
2026-07-25 07:40:18,11,53,0,6.126,6.251,0,Low
2026-07-25 07:51:38,13,50,1,5.196,6.252,0,Low
2026-07-25 08:00:20,12,52,1,5.196,6.251,,Low
2026-07-25 08:10:11,11,48,1,5.196,6.251,0,Low
2026-07-25 08:20:15,13,53,0,6.126,6.445,0,Low
2026-07-25 08:31:59,11,48,1,5.196,6.251,0,Low
2026-07-25 08:40:14,12,49,1,5.196,6.495,0,Low
2026-07-25 08:50:13,12,49,1,5.196,6.251,0,Low
2026-07-25 09:03:30,11,48,0,6.126,6.445,0,Low
2026-07-25 09:10:17,12,50,1,5.196,6.371,0,Low
2026-07-25 09:20:13,12,48,0,6.126,6.469,0,Low
2026-07-25 09:30:19,13,51,0,6.126,6.252,0,Low
2026-07-25 09:42:05,14,52,2,5.401,6.283,0,Low
2026-07-25 09:51:29,12,50,2,5.401,6.403,0,Low
2026-07-25 10:02:27,12,50,2,5.401,6.403,0,Low
2026-07-25 10:10:13,15,55,3,5.09,6.251,0,Low
2026-07-25 10:20:11,15,56,3,4.99,6.251,0,Low
2026-07-25 10:30:15,13,50,3,4.99,6.251,0,Low
2026-07-25 10:40:15,15,54,2,5.295,6.251,0,Low
2026-07-25 10:50:14,14,50,3,4.99,6.252,0,Low
2026-07-25 11:02:27,14,52,3,4.99,6.495,0,Low
2026-07-25 11:10:12,12,50,3,4.99,6.372,0,Low
2026-07-25 11:20:14,,,,,,0,Low
2026-07-25 11:30:15,15,58,3,4.99,6.251,0,Low
2026-07-25 11:40:13,15,59,11,4.99,6.252,0,Low
2026-07-25 11:47:57,17,65,11,4.99,6.251,0,Low
2026-07-25 11:50:12,15,60,11,4.99,6.252,0,Low
2026-07-25 12:02:04,15,61,11,4.99,6.252,0,Low
2026-07-25 12:10:11,16,63,10,5.295,6.252,0,Low
2026-07-25 12:20:12,15,64,11,4.99,6.251,0,Low
2026-07-25 12:30:16,16,58,10,5.295,6.251,0,Low
2026-07-25 12:40:17,12,48,11,4.99,6.251,0,Low
2026-07-25 12:50:13,13,55,10,5.295,6.25,0,Low
2026-07-25 13:00:24,15,58,11,4.99,6.251,0,Low
2026-07-25 13:10:14,14,55,10,5.295,6.251,0,Low
2026-07-25 13:20:14,14,57,10,5.375,6.251,0,Low
2026-07-25 13:30:19,16,62,10,5.375,6.251,0,Low
2026-07-25 13:40:14,15,57,10,5.375,6.251,0,Low
2026-07-25 13:50:14,14,54,10,5.375,6.282,0,Low
2026-07-25 14:00:18,17,59,11,5.09,6.251,0,Low
2026-07-25 14:10:12,14,54,11,5.09,6.251,0,Low
2026-07-25 14:20:14,14,56,11,5.09,6.25,0,Low
2026-07-25 14:30:15,16,62,11,5.09,6.25,0,Low
2026-07-25 14:41:36,14,57,9,5.09,6.251,0,Low
2026-07-25 14:50:11,16,60,9,5.19,6.251,0,Low
2026-07-25 15:00:21,15,58,8,5.375,6.252,0,Low
2026-07-25 15:10:16,13,55,8,5.375,6.251,0,Low
2026-07-25 15:20:16,14,57,9,5.346,6.251,0,Low
2026-07-25 15:30:17,13,55,8,5.375,6.251,0,Low
2026-07-25 15:40:13,12,53,8,5.375,6.372,0,Low
2026-07-25 15:45:28,13,53,8,5.375,6.251,0,Low
2026-07-25 15:50:19,13,55,9,5.375,6.251,0,Low
2026-07-25 16:00:16,13,57,8,5.375,6.251,0,Low
2026-07-25 16:10:13,14,59,8,5.375,6.251,0,Low
2026-07-25 16:20:12,12,54,8,5.375,6.372,0,Low
2026-07-25 16:30:17,13,55,8,5.375,6.251,0,Low
2026-07-25 16:40:14,13,54,8,5.375,6.252,0,Low
2026-07-25 16:50:12,11,44,0,5.783,6.251,0,Low
2026-07-25 17:00:20,9,41,0,5.783,6.251,0,Low
2026-07-25 17:10:13,10,45,0,5.783,6.25,0,Low
2026-07-25 17:20:13,11,43,0,5.902,6.251,0,Low
2026-07-25 17:31:53,11,43,0,5.902,6.251,0,Low
2026-07-25 17:40:15,11,42,0,6.126,6.493,0,Low
2026-07-25 17:50:13,11,47,0,5.902,6.25,0,Low
2026-07-25 18:00:20,11,47,0,5.902,6.25,0,Low
2026-07-25 18:10:12,13,49,0,5.938,6.493,0,Low
2026-07-25 18:20:14,13,49,0,5.938,6.493,0,Low
2026-07-25 18:31:49,11,45,0,5.938,6.493,0,Low
2026-07-25 18:40:13,11,47,0,5.938,6.251,0,Low
2026-07-25 18:50:12,12,57,8,5.375,6.213,0,Low
2026-07-25 19:00:17,13,55,8,5.375,6.251,0,Low
2026-07-25 19:10:14,11,48,8,5.375,6.493,0,Low
2026-07-25 19:20:13,11,51,8,5.375,6.25,0,Low
2026-07-25 19:30:14,12,53,8,5.375,6.251,0,Low
2026-07-25 19:40:13,12,54,8,5.375,6.25,0,Low
2026-07-25 19:50:47,12,52,8,5.375,6.252,0,Low
2026-07-25 20:00:22,12,57,8,5.375,6.25,0,Low
2026-07-25 20:02:26,12,55,8,5.375,6.25,0,Low
2026-07-25 20:10:12,12,52,8,5.375,6.251,0,Low
2026-07-25 20:20:15,10,49,8,5.375,6.372,0,Low
2026-07-25 20:31:46,13,56,8,5.375,6.251,0,Low
2026-07-25 20:40:14,12,55,8,5.625,6.213,0,Low
2026-07-25 20:50:15,13,56,8,5.625,6.251,0,Low
2026-07-25 21:00:21,14,58,8,5.625,6.251,0,Low
2026-07-25 21:10:20,13,56,8,5.625,6.251,0,Low
2026-07-25 21:20:12,15,59,8,5.625,6.251,0,Low
2026-07-25 21:30:14,13,54,8,5.625,6.251,0,Low
2026-07-25 21:40:12,15,62,8,5.625,6.251,0,Low
2026-07-25 21:50:14,14,60,8,5.625,6.314,0,Low
2026-07-25 22:00:18,16,64,8,5.625,6.314,0,Low
2026-07-25 22:10:16,15,61,8,5.625,6.376,0,Low
2026-07-25 22:20:13,15,62,8,5.625,6.251,0,Low
2026-07-25 22:31:55,16,64,8,5.625,6.314,0,Low
2026-07-25 22:40:12,15,58,8,5.625,6.251,0,Low
2026-07-25 22:50:14,15,62,8,5.625,6.251,0,Low
2026-07-25 23:01:52,,,,,,0,Low
2026-07-25 23:10:12,12,49,8,5.625,6.372,0,Low
2026-07-25 23:20:14,12,56,8,5.625,6.251,0,Low
2026-07-25 23:32:09,11,44,0,5.938,6.251,0,Low
2026-07-25 23:40:14,13,53,0,5.938,6.251,0,Low
2026-07-25 23:43:41,12,51,0,5.938,6.372,0,Low
2026-07-25 23:50:13,12,64,8,5.625,6.251,0,Low
2026-07-26 00:00:20,13,58,0,5.938,6.49,0,Low
2026-07-26 00:10:15,14,60,0,5.839,6.25,0,Low
2026-07-26 00:20:15,13,47,0,5.839,6.251,0,Low
2026-07-26 00:31:56,11,40,0,5.751,6.251,0,Low
2026-07-26 00:40:15,10,38,2,5.626,6.251,0,Low
2026-07-26 00:50:11,9,35,2,5.626,6.25,0,Low
2026-07-26 01:00:22,12,47,2,5.626,6.094,0,Low
2026-07-26 01:10:16,10,36,2,5.626,6.251,0,Low
2026-07-26 01:20:14,,,,,,0,Low
2026-07-26 01:30:14,11,42,2,5.626,6.251,0,Low
2026-07-26 01:40:12,13,56,2,5.626,6.19,0,Low
2026-07-26 01:50:13,12,47,2,5.626,6.252,0,Low
2026-07-26 02:00:19,12,52,2,5.626,6.25,0,Low
2026-07-26 02:10:13,12,52,2,5.626,6.25,0,Low
2026-07-26 02:20:13,11,52,10,5.625,6.251,0,Low
2026-07-26 02:30:13,11,47,10,5.625,5.938,0,Low
2026-07-26 02:40:16,10,42,2,5.626,6.094,0,Low
2026-07-26 02:50:11,10,41,2,5.626,6.251,0,Low
2026-07-26 03:00:16,10,44,2,5.626,6.251,0,Low
2026-07-26 03:10:16,9,39,2,5.626,6.189,0,Low
2026-07-26 03:20:12,12,49,2,5.626,6.25,0,Low
2026-07-26 03:31:48,13,55,10,5.625,6.25,0,Low
2026-07-26 03:40:13,13,55,10,5.625,6.25,0,Low
2026-07-26 03:50:13,13,55,10,5.625,6.251,0,Low
2026-07-26 04:02:12,13,58,10,5.625,6.189,0,Low
2026-07-26 04:10:13,13,54,2,5.626,6.25,0,Low
2026-07-26 04:21:47,12,47,2,5.626,6.295,0,Low
2026-07-26 04:30:15,14,55,2,5.457,6.25,0,Low
2026-07-26 04:40:11,12,48,2,5.457,6.22,0,Low
2026-07-26 04:50:13,12,47,2,5.457,6.22,0,Low
2026-07-26 05:00:21,14,52,2,5.457,6.251,0,Low
2026-07-26 05:10:14,15,56,2,5.457,6.251,0,Low
2026-07-26 05:21:46,12,46,2,5.457,6.22,0,Low
2026-07-26 05:32:00,14,56,2,5.457,6.25,0,Low
2026-07-26 05:40:17,13,52,2,5.457,6.25,0,Low
2026-07-26 05:51:35,12,47,2,5.457,6.251,0,Low
2026-07-26 06:00:25,13,49,2,5.457,6.25,0,Low
2026-07-26 06:11:13,12,43,2,5.457,6.22,0,Low
2026-07-26 06:21:24,11,39,2,5.457,6.19,0,Low
2026-07-26 06:30:15,13,52,2,5.457,6.251,0,Low
2026-07-26 06:40:13,15,56,2,5.457,6.25,0,Low
2026-07-26 06:50:57,13,44,2,5.457,6.25,0,Low
2026-07-26 07:00:18,11,37,2,5.457,6.251,0,Low
2026-07-26 07:11:06,14,43,2,5.457,6.251,0,Low
2026-07-26 07:20:14,11,37,2,5.457,6.251,0,Low
2026-07-26 07:30:18,13,42,2,5.457,6.251,0,Low
2026-07-26 07:40:15,13,41,2,5.457,6.25,0,Low
2026-07-26 07:50:12,12,39,2,5.457,6.251,0,Low
2026-07-26 07:58:38,11,38,2,5.457,6.251,0,Low
2026-07-26 08:00:19,11,40,2,5.457,6.25,0,Low
2026-07-26 08:10:14,11,38,2,5.457,6.19,0,Low
2026-07-26 08:20:15,13,48,2,5.457,6.251,0,Low
2026-07-26 08:30:15,12,43,2,5.295,6.251,0,Low
2026-07-26 08:40:15,12,46,2,5.295,6.25,0,Low
2026-07-26 08:50:13,13,47,2,5.295,6.251,0,Low
2026-07-26 09:01:17,,,,,,0,Low
2026-07-26 09:10:13,14,52,2,5.295,6.25,0,Low
2026-07-26 09:20:16,12,53,2,5.295,6.22,0,Low
2026-07-26 09:32:01,13,51,2,5.401,6.25,0,Low
2026-07-26 09:40:12,13,51,2,5.401,6.25,0,Low
2026-07-26 09:51:38,12,50,2,5.401,6.25,0,Low
2026-07-26 10:03:28,10,47,2,5.401,6.22,0,Low
2026-07-26 10:10:13,14,54,2,5.401,6.25,0,Low
2026-07-26 10:20:15,14,52,2,5.401,6.251,0,Low
2026-07-26 10:31:05,14,52,2,5.401,6.292,0,Low
2026-07-26 10:41:42,13,51,2,5.401,6.25,0,Low
2026-07-26 10:50:16,13,49,2,5.401,6.25,0,Low
2026-07-26 11:00:18,14,59,10,5.401,6.22,0,Low
2026-07-26 11:10:15,14,59,10,5.401,6.25,0,Low
2026-07-26 11:20:15,14,61,10,5.401,6.22,0,Low
2026-07-26 11:30:17,15,58,10,5.401,6.25,0,Low
2026-07-26 11:41:08,14,57,10,5.401,6.094,0,Low
2026-07-26 11:48:58,15,58,10,5.401,6.25,0,Low
2026-07-26 11:51:19,13,58,10,5.401,6.189,0,Low
2026-07-26 12:00:19,15,58,10,5.401,6.25,0,Low
2026-07-26 12:10:16,14,58,10,5.401,6.25,0,Low
2026-07-26 12:20:12,14,56,10,5.401,6.25,0,Low
2026-07-26 12:30:15,14,57,10,5.401,6.25,0,Low
2026-07-26 12:40:11,14,58,10,5.401,6.25,0,Low
2026-07-26 12:50:12,13,55,10,5.401,6.25,0,Low
2026-07-26 13:00:18,15,61,10,5.401,6.25,0,Low
2026-07-26 13:10:13,16,64,10,5.401,6.25,0,Low
2026-07-26 13:20:13,14,61,8,5.625,6.291,0,Low
2026-07-26 13:30:14,13,60,8,5.625,6.25,0,Low
2026-07-26 13:40:16,12,54,8,5.625,6.251,0,Low
2026-07-26 13:50:13,12,60,8,5.625,6.25,0,Low
2026-07-26 14:02:12,12,55,8,5.625,6.25,0,Low
2026-07-26 14:10:17,11,51,8,5.625,6.25,0,Low
2026-07-26 14:20:14,14,64,8,5.625,6.25,0,Low
2026-07-26 14:30:17,11,58,8,5.625,6.25,0,Low
2026-07-26 14:41:34,13,61,8,5.625,6.251,0,Low
2026-07-26 14:50:12,13,63,8,5.625,6.25,0,Low
2026-07-26 15:01:48,12,63,8,5.625,6.25,0,Low
2026-07-26 15:10:15,14,68,8,5.625,6.251,0,Low
2026-07-26 15:20:18,13,67,8,5.625,6.25,0,Low
2026-07-26 15:32:26,13,66,8,5.625,6.251,0,Low
2026-07-26 15:40:15,11,61,8,5.625,6.251,0,Low
2026-07-26 15:44:23,13,64,8,5.625,6.251,0,Low
2026-07-26 15:50:12,12,60,8,5.625,6.251,0,Low
2026-07-26 16:00:22,12,60,8,5.625,6.25,0,Low
2026-07-26 16:10:13,11,52,8,5.625,6.25,0,Low
2026-07-26 16:20:13,10,50,8,5.625,6.25,0,Low
2026-07-26 16:30:16,11,51,8,5.625,6.25,0,Low
2026-07-26 16:40:12,11,53,8,5.625,6.25,0,Low
2026-07-26 16:50:14,15,63,8,5.625,6.251,0,Low
2026-07-26 17:10:15,14,53,8,5.625,6.25,0,Low
2026-07-26 17:20:12,12,50,8,5.625,6.22,0,Low
2026-07-26 17:30:13,12,50,8,5.625,6.22,0,Low
2026-07-26 17:40:11,11,48,8,5.625,6.25,0,Low
2026-07-26 17:50:13,12,51,8,5.625,6.216,0,Low
2026-07-26 18:00:21,10,47,8,5.625,6.246,0,Low
2026-07-26 18:10:15,11,38,0,5.938,6.251,0,Low
2026-07-26 18:20:14,12,40,0,5.938,6.251,0,Low
2026-07-26 18:30:14,14,50,0,5.878,6.251,0,Low
2026-07-26 18:40:13,10,44,0,5.876,6.25,0,Low
2026-07-26 18:50:13,12,51,0,5.868,6.25,0,Low
2026-07-26 19:00:16,12,55,8,5.625,6.246,0,Low
2026-07-26 19:10:11,14,64,8,5.625,6.249,0,Low
2026-07-26 19:20:14,14,57,8,5.625,6.25,0,Low
2026-07-26 19:30:13,14,55,8,5.625,6.25,0,Low
2026-07-26 19:40:11,10,44,8,5.625,6.25,0,Low
2026-07-26 19:50:15,12,45,0,5.938,6.25,0,Low
2026-07-26 20:00:16,13,54,8,5.625,6.25,0,Low
2026-07-26 20:10:16,13,52,8,5.625,6.25,0,Low
2026-07-26 20:20:13,12,53,8,5.625,6.246,0,Low
2026-07-26 20:32:08,11,49,8,5.625,6.25,0,Low
2026-07-26 20:40:15,13,54,8,5.625,6.243,0,Low
2026-07-26 20:50:11,13,54,8,5.625,6.243,0,Low
2026-07-26 21:01:57,13,61,8,5.625,6.243,0,Low
2026-07-26 21:10:12,13,61,8,5.625,6.243,0,Low
2026-07-26 21:20:14,14,62,8,5.625,6.25,0,Low
2026-07-26 21:30:16,13,59,8,5.625,6.25,0,Low
2026-07-26 21:40:15,15,62,8,5.625,6.25,0,Low
2026-07-26 21:50:14,15,60,8,5.625,6.25,0,Low
2026-07-26 22:00:15,14,59,8,5.625,6.25,0,Low
2026-07-26 22:10:15,16,70,8,5.625,6.246,0,Low
2026-07-26 22:20:14,16,67,8,5.625,6.25,1,Low
2026-07-26 22:32:00,16,70,8,5.625,6.246,0,Low
2026-07-26 22:40:10,15,67,8,5.625,6.25,1,Low
2026-07-26 22:50:13,14,66,8,5.625,6.246,0,Low
2026-07-26 23:02:04,15,64,8,5.625,6.25,0,Low
2026-07-26 23:10:15,16,75,8,5.625,6.25,0,Low
2026-07-26 23:20:12,16,75,8,5.625,6.25,0,Low
2026-07-26 23:30:14,16,80,8,5.625,6.246,0,Low
2026-07-26 23:40:12,16,82,8,5.625,6.246,0,Low
2026-07-26 23:40:59,16,82,8,5.625,6.246,0,Low
2026-07-26 23:50:11,16,82,8,5.625,6.246,0,Low
2026-07-27 00:00:19,17,81,8,5.625,6.25,1,Low
2026-07-27 00:10:13,16,82,8,5.625,6.25,1,Low
2026-07-27 00:20:13,15,78,8,5.625,6.25,0,Low
2026-07-27 00:32:23,14,77,8,5.625,6.25,0,
2026-07-27 00:40:14,16,79,8,5.625,6.25,0,
2026-07-27 00:50:15,15,70,8,5.625,6.25,0,Low
2026-07-27 01:00:20,16,78,8,5.625,6.251,0,Low
2026-07-27 01:10:14,15,77,8,5.625,6.25,0,Low
2026-07-27 01:20:11,14,76,8,5.625,6.251,0,Low
2026-07-27 01:30:19,11,70,8,5.625,6.25,0,Low
2026-07-27 01:40:12,13,72,8,5.625,6.25,0,Low
2026-07-27 01:50:13,13,74,8,5.625,6.251,0,Low
2026-07-27 02:00:22,15,77,8,5.625,6.251,0,Low
2026-07-27 02:10:11,14,74,8,5.625,6.25,0,Low
2026-07-27 02:20:14,16,77,8,5.625,6.25,0,Low
2026-07-27 02:30:20,16,85,8,5.625,6.25,0,Low
2026-07-27 02:40:15,15,84,8,5.625,6.243,0,Low
2026-07-27 02:50:25,16,78,8,5.625,6.246,0,Low
2026-07-27 03:00:20,,,,,,0,Low
2026-07-27 03:11:34,16,80,8,5.625,6.25,0,Low
2026-07-27 03:20:14,16,80,8,5.625,6.246,0,Low
2026-07-27 03:30:15,16,78,8,5.625,6.246,0,Low
2026-07-27 03:40:17,13,74,8,5.625,6.25,0,Low
2026-07-27 03:50:12,13,68,8,5.625,6.25,0,Low
2026-07-27 04:00:17,11,64,8,5.625,6.25,0,Low
2026-07-27 04:10:16,13,67,8,5.625,6.25,0,Low
2026-07-27 04:20:12,14,68,8,5.625,6.25,0,Low
2026-07-27 04:31:50,14,65,8,5.625,6.25,0,Low
2026-07-27 04:40:12,15,65,8,5.625,6.251,0,Low
2026-07-27 04:50:11,14,62,8,5.625,6.25,0,Low
2026-07-27 05:00:22,14,63,8,5.625,6.25,0,Low
2026-07-27 05:10:11,14,63,8,5.625,6.25,0,Low
2026-07-27 05:20:17,14,63,8,5.625,6.25,0,Low
2026-07-27 05:30:17,15,64,8,5.625,6.251,0,Low
2026-07-27 05:40:14,15,64,8,5.625,6.252,0,Low
2026-07-27 05:50:13,15,64,8,5.625,6.25,0,Low
2026-07-27 06:00:20,14,56,8,5.625,6.251,0,Low
2026-07-27 06:10:11,14,56,8,5.625,6.349,0,Low
2026-07-27 06:20:13,11,51,8,5.625,6.251,0,Low
2026-07-27 06:30:15,12,59,8,5.625,6.25,1,Low
2026-07-27 06:40:13,12,59,8,5.625,6.25,0,Low
2026-07-27 06:50:12,13,61,8,5.625,6.25,0,Low
2026-07-27 07:00:37,12,62,8,5.625,6.25,0,Low
2026-07-27 07:10:15,13,56,8,5.625,6.25,0,Low
2026-07-27 07:20:13,12,55,8,5.625,6.251,0,Low
2026-07-27 07:30:18,,,,,,0,Low
2026-07-27 07:40:12,11,42,0,5.938,6.493,0,Low
2026-07-27 07:50:15,10,43,0,5.938,6.251,0,Low
2026-07-27 08:00:24,11,45,0,5.938,6.25,0,Low
2026-07-27 08:10:12,10,44,8,5.625,6.25,0,Low
2026-07-27 08:20:14,11,47,8,5.625,6.25,0,Low
2026-07-27 08:30:19,11,47,8,5.625,6.25,0,Low
2026-07-27 08:40:11,9,46,8,5.625,6.493,0,Low
2026-07-27 08:50:14,10,50,8,5.625,6.249,0,Low
2026-07-27 09:00:25,10,50,8,5.625,6.249,0,Low
2026-07-27 09:10:16,12,55,8,5.625,6.249,0,Low
2026-07-27 09:20:15,13,54,8,5.625,6.25,0,Low
2026-07-27 09:30:19,13,59,8,5.625,6.248,0,Low
2026-07-27 09:40:13,14,58,8,5.625,6.25,0,Low
2026-07-27 09:50:12,14,60,8,5.625,6.249,0,Low
2026-07-27 10:00:22,14,60,8,5.625,6.25,0,Low
2026-07-27 10:10:15,13,59,8,5.625,6.248,0,Low
2026-07-27 10:20:16,12,52,8,5.625,6.372,0,Low
2026-07-27 10:30:17,13,56,8,5.625,6.252,0,Low
2026-07-27 10:40:13,14,56,8,5.625,6.251,0,Low
2026-07-27 10:50:15,13,54,8,5.625,6.493,0,Low
2026-07-27 11:00:20,14,58,8,5.625,6.479,0,Low
2026-07-27 11:10:15,14,58,8,5.625,6.479,0,Low
2026-07-27 11:20:12,13,55,8,5.625,6.25,0,Low
2026-07-27 11:30:13,12,45,8,5.625,6.48,0,Low
2026-07-27 11:40:13,14,55,8,5.625,6.603,0,Low
2026-07-27 11:50:11,13,53,8,5.625,6.498,0,Low
2026-07-27 12:00:20,13,56,8,5.625,6.25,0,Low
2026-07-27 12:01:28,12,53,8,5.625,6.601,0,Low
2026-07-27 12:10:13,12,55,8,5.625,6.601,0,Low
2026-07-27 12:20:11,14,70,8,5.625,6.25,0,Low
2026-07-27 12:30:23,13,64,8,5.625,6.25,0,Low
2026-07-27 12:40:18,15,69,8,5.625,6.25,0,Low
2026-07-27 12:50:16,14,65,8,5.625,6.251,0,Low
2026-07-27 13:00:27,13,63,8,5.625,6.493,0,Low
2026-07-27 13:10:21,14,67,8,5.625,6.25,0,Low
2026-07-27 13:20:16,,,,,,0,Low
2026-07-27 13:30:16,15,75,8,5.625,6.25,0,Low
2026-07-27 13:40:14,15,77,8,5.625,6.25,0,Low
2026-07-27 13:50:12,15,75,8,5.625,6.25,0,Low
2026-07-27 14:00:25,15,74,8,5.625,6.251,0,Low
2026-07-27 14:10:14,16,77,8,5.625,6.25,0,
2026-07-27 14:20:15,15,74,8,5.625,6.251,0,Low
2026-07-27 14:30:19,15,75,8,5.625,6.25,0,Low
2026-07-27 14:40:16,13,69,8,5.625,6.25,0,Low
2026-07-27 14:50:25,13,66,8,5.625,6.25,0,Low
2026-07-27 15:00:20,10,60,8,5.625,6.25,0,Low
2026-07-27 15:10:15,13,57,8,5.625,6.251,0,Low
2026-07-27 15:20:16,14,63,8,5.625,6.25,0,Low
2026-07-27 15:30:17,15,65,8,5.625,6.251,0,
2026-07-27 15:40:16,13,60,8,5.625,6.251,0,
2026-07-27 15:50:13,13,62,8,5.625,6.25,0,
2026-07-27 16:00:27,12,61,8,5.625,6.25,0,
2026-07-27 16:10:19,12,52,8,5.625,6.252,0,
2026-07-27 16:20:14,12,54,8,5.625,6.251,0,
2026-07-27 16:30:26,13,55,8,5.625,6.251,0,Low
2026-07-27 16:40:14,14,56,8,5.625,6.372,0,Low
2026-07-27 16:50:21,15,64,8,5.625,6.251,0,Low
2026-07-27 17:00:33,15,64,8,5.625,6.252,0,Low
2026-07-27 17:10:14,13,55,8,5.625,6.493,0,Low
2026-07-27 17:20:13,14,59,8,5.625,6.251,0,Low
2026-07-27 17:30:18,15,60,0,5.873,6.252,0,Low
2026-07-27 17:40:14,12,54,0,5.903,6.372,0,Low
2026-07-27 17:50:22,14,66,8,5.625,6.251,0,Low
2026-07-27 18:00:23,14,64,8,5.625,6.251,0,Low
2026-07-27 18:01:15,15,68,8,5.625,6.251,0,Low
2026-07-27 18:10:15,13,62,8,5.625,6.251,0,Low
2026-07-27 18:20:19,12,61,8,5.625,6.251,0,Low
2026-07-27 18:30:26,14,70,8,5.625,6.25,0,Low
2026-07-27 18:40:18,13,67,8,5.625,6.251,0,Low
2026-07-27 18:50:18,12,63,8,5.625,6.251,0,Low
2026-07-27 19:00:30,14,68,8,5.625,6.251,0,Low
2026-07-27 19:10:19,13,67,8,5.625,6.251,0,Low
2026-07-27 19:20:13,13,66,8,5.625,6.251,0,Low
2026-07-27 19:30:15,13,65,8,5.625,6.251,0,Low
2026-07-27 19:40:19,10,46,0,5.868,6.251,0,
2026-07-27 19:50:19,13,58,0,5.865,6.251,0,Low
2026-07-27 20:00:21,12,48,0,5.868,6.25,0,
2026-07-27 20:10:12,12,47,0,5.873,6.25,0,
2026-07-27 20:20:19,12,47,0,5.873,6.25,0,Low
2026-07-27 20:30:16,13,48,0,5.873,6.25,0,Low
2026-07-27 20:40:20,12,47,0,5.873,6.25,0,Low
2026-07-27 20:50:13,13,56,8,5.625,6.25,0,Low
2026-07-27 21:00:24,14,64,8,5.625,6.22,0,Low
2026-07-27 21:10:17,15,64,8,5.625,6.25,0,Low
2026-07-27 21:20:15,15,65,8,5.625,6.25,0,Low
2026-07-27 21:30:16,16,69,8,5.625,6.22,0,Low
2026-07-27 21:40:16,15,68,8,5.625,6.19,0,Low
2026-07-27 21:50:14,15,68,8,5.625,6.19,0,Low
2026-07-27 21:53:07,13,56,8,5.625,6.126,0,Low
2026-07-27 22:00:25,14,59,8,5.625,6.158,0,Low
2026-07-27 22:10:18,13,58,8,5.625,6.19,0,Low
2026-07-27 22:20:14,14,63,8,5.625,6.22,0,Low
2026-07-27 22:30:16,12,54,8,5.625,6.22,0,Low
2026-07-27 22:40:13,13,53,8,5.625,6.19,0,Low
2026-07-27 22:50:19,14,57,8,5.625,6.158,0,Low
2026-07-27 23:00:23,14,59,8,5.625,6.158,0,Low
2026-07-27 23:10:13,12,57,8,5.625,6.158,0,Low
2026-07-27 23:20:15,13,61,8,5.625,6.19,0,Low
2026-07-27 23:30:17,11,51,8,5.625,6.25,0,Low
2026-07-27 23:40:12,14,57,8,5.625,6.22,0,Low
2026-07-27 23:50:19,13,56,8,5.625,6.239,0,Low
2026-07-28 00:00:27,13,56,8,5.625,6.239,0,Low
2026-07-28 00:10:19,13,49,8,5.625,6.25,0,Low
2026-07-28 00:20:12,13,49,8,5.625,6.25,0,Low
2026-07-28 00:30:13,13,42,8,5.625,6.25,0,Low
2026-07-28 00:40:17,12,41,8,5.625,6.22,0,Low
2026-07-28 00:50:18,13,50,8,5.625,6.25,0,Low
2026-07-28 01:00:29,12,46,8,5.625,6.094,0,Low
2026-07-28 01:10:11,11,45,8,5.625,6.25,0,Low
2026-07-28 01:20:15,14,47,8,5.625,6.22,0,Low
2026-07-28 01:30:22,13,46,8,5.625,6.19,1,Low
2026-07-28 01:40:21,14,47,8,5.625,6.22,0,Low
2026-07-28 01:50:16,12,39,8,5.625,6.02,0,Low
2026-07-28 02:00:28,13,47,8,5.625,6.25,0,Low
2026-07-28 02:10:24,11,45,8,5.625,6.102,0,Low
2026-07-28 02:20:19,11,48,8,5.625,6.25,0,Low
2026-07-28 02:30:20,13,54,8,5.625,6.19,0,Low
2026-07-28 02:40:15,13,45,8,5.625,6.25,0,Low
2026-07-28 02:50:11,12,46,8,5.625,6.187,0,Low
2026-07-28 03:00:28,14,59,8,5.625,6.187,0,Low
2026-07-28 03:10:14,14,58,8,5.625,6.187,0,Low
2026-07-28 03:20:14,14,64,8,5.625,6.187,0,Low
2026-07-28 03:30:14,14,63,8,5.625,6.187,0,Low
2026-07-28 03:40:20,14,63,8,5.625,6.187,0,Low
2026-07-28 03:50:20,13,60,8,5.625,6.183,0,Low
2026-07-28 04:00:18,13,60,8,5.625,6.19,0,Low
2026-07-28 04:10:15,15,65,8,5.625,6.19,0,Low
2026-07-28 04:20:12,14,64,8,5.625,6.187,0,Low
2026-07-28 04:30:20,14,62,8,5.625,6.187,0,Low
2026-07-28 04:40:16,15,65,8,5.625,6.19,0,Low
2026-07-28 04:50:22,15,72,8,5.625,6.183,0,Low
2026-07-28 05:00:29,14,71,8,5.625,6.064,0,Low
2026-07-28 05:10:14,13,64,8,5.625,6.239,0,Low
2026-07-28 05:20:18,14,70,8,5.625,6.064,0,Low
2026-07-28 05:30:23,15,72,8,5.625,5.938,0,Low
2026-07-28 05:40:20,15,72,8,5.625,5.938,0,Low
2026-07-28 05:50:21,13,67,8,5.625,5.938,0,Low
2026-07-28 06:00:28,15,70,8,5.625,5.938,0,Low
2026-07-28 06:10:12,15,72,8,5.625,5.938,0,Low
2026-07-28 06:20:19,15,68,8,5.625,5.938,0,Low
2026-07-28 06:30:27,15,68,8,5.625,5.938,0,Low
2026-07-28 06:40:21,14,64,8,5.625,6.064,0,Low
2026-07-28 06:50:21,15,68,8,5.625,5.938,0,Low
2026-07-28 07:00:22,13,59,8,5.625,5.938,0,Low
2026-07-28 07:10:27,13,58,8,5.625,6.19,0,Low
2026-07-28 07:20:18,13,59,8,5.625,5.938,0,Low
2026-07-28 07:30:24,15,61,8,5.625,5.938,0,Low
2026-07-28 07:40:15,13,54,8,5.625,5.938,0,Low
2026-07-28 07:47:55,13,49,8,5.625,5.938,0,Low
2026-07-28 07:50:23,12,48,8,5.625,5.938,0,Low
2026-07-28 08:00:21,12,41,8,5.625,5.938,0,Low
2026-07-28 08:10:20,12,50,8,5.625,5.938,0,Low
2026-07-28 08:20:21,13,56,8,5.625,5.938,0,Low
2026-07-28 08:30:24,14,57,8,5.625,6.064,0,Low
2026-07-28 08:40:16,14,57,8,5.625,6.064,0,Low
2026-07-28 08:50:16,13,58,8,5.625,5.938,0,Low
2026-07-28 09:00:20,13,57,8,5.625,5.938,0,Low
2026-07-28 09:10:21,14,61,8,5.625,6.064,0,Low
2026-07-28 09:20:20,14,61,10,5.625,6.029,0,Low
2026-07-28 09:30:25,13,60,10,5.625,5.938,0,Low
2026-07-28 09:40:12,13,58,10,5.625,5.938,0,Low
2026-07-28 09:50:18,14,61,10,5.625,6.029,0,Low
2026-07-28 10:00:25,13,60,10,5.625,5.938,0,Low
2026-07-28 10:10:14,14,62,10,5.625,6.029,0,Low
2026-07-28 10:20:14,16,71,10,5.625,6.029,0,Low
2026-07-28 10:30:22,16,72,10,5.625,6.029,1,Low
2026-07-28 10:40:21,14,67,10,5.625,6.064,1,Low
2026-07-28 10:50:19,13,66,8,5.625,5.938,1,Low
2026-07-28 11:00:21,16,76,8,5.625,6.214,1,Low
2026-07-28 11:10:18,15,74,8,5.625,6.19,0,Low
2026-07-28 11:20:20,13,63,8,5.625,6.19,0,Low
2026-07-28 11:30:16,12,58,8,5.625,6.088,0,Low
2026-07-28 11:40:14,13,65,8,5.625,6.19,0,Low
2026-07-28 11:50:16,14,66,8,5.625,6.214,0,Low
2026-07-28 12:00:23,14,66,8,5.625,6.245,0,Low
2026-07-28 12:10:16,13,65,8,5.625,5.938,0,Low
2026-07-28 12:20:21,13,65,8,5.625,5.938,0,Low
2026-07-28 12:30:17,14,66,8,5.625,6.064,0,Low
2026-07-28 12:40:12,14,66,8,5.625,6.064,0,Low
2026-07-28 12:50:20,14,62,8,5.625,6.22,0,Low
2026-07-28 13:00:28,15,61,8,5.625,6.251,0,Low
2026-07-28 13:10:21,14,57,8,5.625,6.221,0,Low
2026-07-28 13:20:14,14,60,8,5.625,6.341,0,Low
2026-07-28 13:22:18,15,61,8,5.625,6.252,0,Low
2026-07-28 13:30:21,14,57,8,5.625,6.245,0,Low
2026-07-28 13:40:20,14,57,8,5.625,6.22,0,Low
2026-07-28 13:50:21,14,62,8,5.625,6.22,0,Low
2026-07-28 14:00:24,14,60,8,5.625,6.22,0,Low
2026-07-28 14:10:18,13,56,8,5.625,6.19,0,Low
2026-07-28 14:20:21,14,59,8,5.625,6.22,0,Low
2026-07-28 14:30:23,12,49,8,5.625,5.938,0,Low
2026-07-28 14:40:21,14,53,8,5.625,6.22,0,Low
2026-07-28 14:50:16,11,55,8,5.625,6.251,0,Low
2026-07-28 15:00:29,15,61,10,5.625,6.251,0,Low
2026-07-28 15:10:26,12,48,10,5.625,6.341,0,Low
2026-07-28 15:20:16,12,51,10,5.625,6.094,0,Low
2026-07-28 15:30:17,14,50,10,5.625,6.495,0,Low
2026-07-28 15:40:16,11,43,10,5.625,6.251,0,Low
2026-07-28 15:50:16,11,44,10,5.625,6.251,0,Low
2026-07-28 16:00:26,10,42,10,5.625,6.094,0,Low
2026-07-28 16:10:21,10,44,8,5.625,6.22,0,Low
2026-07-28 16:20:13,9,44,8,5.625,6.19,0,Low
2026-07-28 16:30:21,10,39,8,5.625,6.064,0,Low
2026-07-28 16:40:16,8,34,8,5.625,5.938,0,Low
2026-07-28 16:50:15,8,34,8,5.625,5.938,0,Low
2026-07-28 17:00:26,,,,,,1,Low
2026-07-28 17:10:23,9,42,8,5.625,5.938,0,Low
2026-07-28 17:20:21,9,33,8,5.625,5.938,0,Low
2026-07-28 17:30:20,7,24,0,5.795,5.938,0,Low
2026-07-28 17:40:16,7,24,0,5.795,5.938,0,Low
2026-07-28 17:50:16,9,28,0,5.795,5.938,0,Low
2026-07-28 18:00:19,9,28,0,5.795,6.498,0,Low
2026-07-28 18:04:43,9,35,0,5.795,6.498,0,Low
2026-07-28 18:10:17,10,36,0,5.795,6.218,0,Low
2026-07-28 18:20:17,10,40,0,5.795,6.251,0,Low
2026-07-28 18:30:19,10,41,0,5.873,6.375,0,Low
2026-07-28 18:40:16,10,42,0,5.805,6.094,0,Low
2026-07-28 18:50:18,11,44,0,5.805,6.25,0,Low
2026-07-28 19:00:20,8,29,0,5.81,6.094,0,Low
2026-07-28 19:10:18,10,41,0,5.81,6.082,0,Low
2026-07-28 19:20:14,8,34,0,5.81,6.082,0,Low
2026-07-28 19:30:20,6,24,0,5.81,6.094,0,Low
2026-07-28 19:40:19,6,20,0,5.81,5.938,0,Low
2026-07-28 19:50:20,6,22,0,5.805,5.938,0,Low
2026-07-28 20:00:22,6,22,0,5.805,5.938,0,Low
2026-07-28 20:10:21,8,32,0,5.805,5.938,0,Low
2026-07-28 20:20:14,9,29,0,5.805,5.938,0,Low
2026-07-28 20:30:16,8,29,0,5.805,6.041,0,Low
2026-07-28 20:40:13,9,30,0,5.805,6.145,0,Low
2026-07-28 20:50:14,8,31,0,5.805,6.041,0,Low
2026-07-28 21:00:19,8,31,0,5.805,6.041,0,Low
2026-07-28 21:10:15,9,30,0,5.805,6.145,0,Low
2026-07-28 21:20:15,9,34,0,5.805,6.251,0,Low
2026-07-28 21:30:16,10,35,0,5.805,6.198,0,Low
2026-07-28 21:40:14,9,36,0,5.805,6.145,0,Low
2026-07-28 21:48:23,8,32,0,5.805,6.041,0,Low
2026-07-28 21:50:12,10,37,0,5.805,6.198,0,Low
2026-07-28 22:00:24,10,37,0,5.805,6.198,0,Low
2026-07-28 22:10:13,8,32,0,5.868,6.319,0,Low
2026-07-28 22:20:18,8,34,0,5.865,6.198,0,Low
2026-07-28 22:30:22,9,33,0,5.868,6.251,0,Low
2026-07-28 22:40:18,8,32,0,5.868,6.167,0,Low
2026-07-28 22:50:21,10,36,0,5.81,6.198,0,Low
2026-07-28 23:00:18,10,36,0,5.81,6.077,0,Low
2026-07-28 23:10:20,10,39,0,5.81,6.077,0,Low
2026-07-28 23:20:20,9,36,0,5.805,5.964,0,Low
2026-07-28 23:30:16,9,35,0,5.865,6.252,0,Low
2026-07-28 23:40:13,9,36,0,5.865,5.964,0,Low
2026-07-28 23:50:11,9,42,0,5.865,5.964,0,Low
2026-07-29 00:00:19,9,42,0,5.865,5.964,0,Low
2026-07-29 00:10:13,9,42,0,5.865,5.964,0,Low
2026-07-29 00:20:20,11,51,0,5.865,6.25,0,Low
2026-07-29 00:30:14,10,43,0,5.865,6.077,0,Low
2026-07-29 00:40:20,9,41,0,5.865,5.964,0,Low
2026-07-29 00:50:18,8,37,0,5.865,6.107,0,Low
2026-07-29 01:00:22,8,37,0,5.865,6.408,0,Low
2026-07-29 01:10:18,9,41,0,5.865,5.964,0,Low
2026-07-29 01:20:15,10,52,0,5.865,5.952,0,Low
2026-07-29 01:30:15,10,45,0,5.865,6.077,0,Low
2026-07-29 01:40:18,6,34,0,5.865,6.095,0,Low
2026-07-29 01:50:18,6,34,0,5.865,6.095,0,Low
2026-07-29 02:00:17,8,39,0,5.865,6.221,0,Low
2026-07-29 02:10:15,8,35,0,5.865,6.245,0,Low
2026-07-29 02:20:15,8,39,0,5.865,6.245,0,Low
2026-07-29 02:30:20,8,42,0,5.865,6.064,0,Low
2026-07-29 02:40:21,9,43,0,5.865,6.239,0,Low
2026-07-29 02:50:14,8,39,0,5.865,6.546,0,Low
2026-07-29 03:00:25,9,43,0,5.865,6.251,0,Low
2026-07-29 03:10:14,9,43,0,5.865,6.25,0,Low
2026-07-29 03:20:19,8,42,0,5.865,6.551,0,Low
2026-07-29 03:30:16,9,48,0,5.865,6.239,0,Low
2026-07-29 03:40:16,11,53,0,5.81,6.239,0,Low
2026-07-29 03:50:16,12,50,0,5.81,6.251,0,Low
2026-07-29 04:00:17,12,50,0,5.81,6.251,0,Low
2026-07-29 04:10:15,13,58,0,5.81,6.25,0,Low
2026-07-29 04:20:15,13,56,0,5.81,6.25,0,Low
2026-07-29 04:30:20,11,53,0,5.81,6.25,0,Low
2026-07-29 04:40:13,11,44,0,5.81,6.251,0,Low
2026-07-29 04:50:13,13,60,0,5.81,6.25,0,Low
2026-07-29 05:00:18,11,51,0,5.81,6.25,0,Low
2026-07-29 05:10:14,11,49,0,5.81,6.251,0,Low
2026-07-29 05:20:13,10,47,0,5.81,6.25,0,Low
2026-07-29 05:30:17,11,49,0,5.81,6.25,0,Low
2026-07-29 05:40:14,12,50,8,5.625,6.245,0,Low
2026-07-29 05:50:13,11,51,8,5.625,6.239,0,Low
2026-07-29 06:00:21,10,47,8,5.625,6.094,0,Low
2026-07-29 06:10:22,11,49,8,5.625,6.19,0,Low
2026-07-29 06:20:17,11,51,8,5.625,6.132,0,Low
2026-07-29 06:30:22,11,55,8,5.625,6.19,0,Low
2026-07-29 06:40:20,11,55,8,5.625,6.132,0,Low
2026-07-29 06:50:18,11,52,8,5.625,5.938,0,Low
2026-07-29 07:00:22,12,54,8,5.625,5.938,0,Low
2026-07-29 07:10:13,11,46,8,5.625,6.132,0,Low
2026-07-29 07:20:19,11,46,8,5.625,6.132,0,Low
2026-07-29 07:30:22,11,46,8,5.625,6.132,0,Low
2026-07-29 07:40:18,12,46,8,5.625,6.161,0,Low
2026-07-29 07:50:21,11,47,8,5.625,6.19,0,Low
2026-07-29 08:00:27,11,51,8,5.625,6.132,0,Low
2026-07-29 08:01:24,11,54,8,5.625,5.939,0,Low
2026-07-29 08:10:13,12,55,8,5.625,6.036,0,Low
2026-07-29 08:20:12,12,55,8,5.625,6.161,0,Low
2026-07-29 08:30:17,11,47,8,5.625,6.19,0,Low
2026-07-29 08:40:21,10,50,8,5.625,6.035,0,Low
2026-07-29 08:50:12,12,55,8,5.625,6.035,0,Low
2026-07-29 09:00:25,11,47,8,5.625,6.132,0,Low
2026-07-29 09:10:15,11,47,8,5.625,6.132,0,Low
2026-07-29 09:20:14,10,46,8,5.625,6.035,0,Low
2026-07-29 09:30:21,11,47,8,5.625,6.132,0,Low
2026-07-29 09:40:15,11,47,8,5.625,6.132,0,Low
2026-07-29 09:50:13,11,54,8,5.625,5.938,0,Low
2026-07-29 10:00:19,10,50,8,5.625,6.035,0,Low
2026-07-29 10:10:16,11,44,8,5.625,6.132,0,Low
2026-07-29 10:20:22,12,45,8,5.625,5.944,0,Low
2026-07-29 10:30:15,11,44,8,5.625,5.938,0,Low
2026-07-29 10:40:15,12,45,8,5.625,5.944,0,Low
2026-07-29 10:50:14,12,45,8,5.625,6.071,0,Low
2026-07-29 11:00:24,9,37,8,5.625,5.938,0,Low
2026-07-29 11:10:21,11,44,8,5.625,5.938,0,Low
2026-07-29 11:20:13,9,41,8,5.625,5.938,0,Low
2026-07-29 11:30:22,8,33,8,5.625,5.944,0,Low
2026-07-29 11:40:16,9,34,8,5.625,5.951,0,Low
2026-07-29 11:50:13,8,33,8,5.625,5.944,0,Low
2026-07-29 12:00:28,9,34,8,5.625,5.951,0,Low
2026-07-29 12:10:24,9,38,8,5.625,5.939,0,Low
2026-07-29 12:20:15,9,38,8,5.625,5.939,0,Low
2026-07-29 12:30:17,11,44,8,5.625,6.19,0,Low
2026-07-29 12:40:20,9,42,8,5.625,5.951,0,Low
2026-07-29 12:50:22,9,46,8,5.625,5.951,0,Low
2026-07-29 13:00:25,10,47,8,5.625,6.071,0,Low
2026-07-29 13:10:14,10,50,8,5.625,5.946,0,Low
2026-07-29 13:20:20,9,46,8,5.625,5.951,0,Low
2026-07-29 13:30:27,10,49,8,5.625,5.945,0,
2026-07-29 13:40:15,11,48,8,5.625,5.951,0,Low
2026-07-29 13:50:21,10,45,8,5.625,6.071,0,Low
2026-07-29 14:00:22,10,47,8,5.625,6.071,0,Low
2026-07-29 14:10:16,10,47,8,5.625,6.071,0,Low
2026-07-29 14:20:22,10,50,8,5.625,5.938,0,Low
2026-07-29 14:30:25,10,46,8,5.625,5.939,0,Low
2026-07-29 14:40:14,9,42,8,5.625,5.938,0,Low
2026-07-29 14:50:20,10,43,8,5.625,5.938,0,Low
2026-07-29 15:00:22,12,48,8,5.625,6.064,0,Low
2026-07-29 15:10:15,10,45,8,5.625,5.938,0,Low
2026-07-29 15:20:13,10,45,8,5.625,5.938,0,Low
2026-07-29 15:30:18,11,46,8,5.625,5.938,0,Low
2026-07-29 15:34:58,10,45,8,5.625,5.938,0,Low
2026-07-29 15:40:21,11,46,8,5.625,5.938,0,Low
2026-07-29 15:50:21,10,45,8,5.625,5.938,0,
2026-07-29 16:00:23,11,46,8,5.625,5.938,0,Low
2026-07-29 16:10:31,9,37,8,5.625,5.938,0,Low
2026-07-29 16:20:17,9,37,8,5.625,5.938,0,Low
2026-07-29 16:30:25,8,35,8,5.625,6.064,0,Low
2026-07-29 16:40:20,11,49,8,5.625,5.938,0,
2026-07-29 16:50:15,10,46,8,5.625,5.938,0,
2026-07-29 17:00:23,13,57,10,5.595,5.94,0,Low
2026-07-29 17:10:13,13,57,10,5.595,5.94,1,
2026-07-29 17:20:14,13,57,10,5.595,5.94,0,Low
2026-07-29 17:30:16,13,56,10,5.426,5.939,0,Low
2026-07-29 17:40:14,12,59,10,5.426,6.065,0,Low
2026-07-29 17:50:15,12,59,10,5.426,6.221,0,Low
2026-07-29 18:00:19,12,63,10,5.264,6.183,0,Low
2026-07-29 18:10:21,11,61,10,5.264,6.175,0,Low
2026-07-29 18:20:12,13,67,10,5.264,6.19,0,Low
2026-07-29 18:30:17,11,53,10,5.107,5.988,0,Low
2026-07-29 18:40:18,11,53,10,5.107,5.988,0,Low
2026-07-29 18:44:15,11,54,10,5.107,5.988,0,Low
2026-07-29 18:50:16,10,52,10,5.107,5.963,0,Low
2026-07-29 19:00:21,12,55,10,4.951,6.064,0,Low
2026-07-29 19:10:16,10,49,10,4.951,5.938,0,Low
2026-07-29 19:20:16,13,59,10,4.951,6.226,0,Low
2026-07-29 19:30:18,13,59,14,4.801,6.226,0,Low
2026-07-29 19:40:21,10,47,4,5.632,6.064,1,Low
2026-07-29 19:50:14,10,47,12,5.625,6.064,0,Low
2026-07-29 20:00:19,10,51,8,5.625,6.064,0,Low
2026-07-29 20:10:12,9,50,8,5.625,6.19,0,Low
2026-07-29 20:20:12,9,30,0,5.801,6.252,0,
2026-07-29 20:30:14,9,38,0,5.938,6.251,0,
2026-07-29 20:40:18,7,34,0,5.938,6.251,0,
2026-07-29 20:50:14,8,36,0,5.938,6.622,0,Low
2026-07-29 21:00:19,7,29,0,5.938,6.49,0,Low
2026-07-29 21:10:12,7,32,0,5.938,6.251,0,Low
2026-07-29 21:20:13,9,38,0,5.865,6.251,0,Low
2026-07-29 21:30:20,10,45,8,5.625,6.094,0,Low
2026-07-29 21:40:12,11,48,8,5.625,6.251,0,Low
2026-07-29 21:42:51,11,49,8,5.625,6.252,0,Low
2026-07-29 21:50:12,9,46,8,5.625,5.938,0,Low
2026-07-29 22:00:18,11,49,8,5.625,6.19,0,Low
2026-07-29 22:10:23,11,49,8,5.625,6.252,0,Low
2026-07-29 22:20:17,10,47,8,5.625,6.095,0,Low
2026-07-29 22:30:15,12,51,8,5.625,6.251,0,Low
2026-07-29 22:40:17,9,43,8,5.625,6.251,0,Low
2026-07-29 22:50:15,9,43,8,5.625,6.19,0,Low
2026-07-29 23:00:29,10,45,8,5.625,6.251,0,Low
2026-07-29 23:10:14,10,45,8,5.625,6.094,0,Low
2026-07-29 23:20:15,9,42,8,5.625,6.25,0,Low
2026-07-29 23:30:17,11,46,8,5.625,6.25,0,Low
2026-07-29 23:40:14,12,50,8,5.625,6.22,0,Low
2026-07-29 23:50:13,9,50,8,5.625,5.938,0,
2026-07-30 00:00:16,9,54,8,5.625,5.938,0,Low
2026-07-30 00:10:15,9,54,8,5.625,5.938,0,Low
2026-07-30 00:20:19,8,50,8,5.625,5.938,1,
2026-07-30 00:30:15,8,50,8,5.625,5.938,0,Low
2026-07-30 00:40:13,11,57,8,5.625,6.25,0,Low
2026-07-30 00:50:14,9,54,8,5.625,5.938,0,Low
2026-07-30 01:00:24,9,54,8,5.625,5.938,0,
2026-07-30 01:10:20,11,55,8,5.625,6.251,0,Low
2026-07-30 01:20:11,12,57,8,5.625,6.22,0,Low
2026-07-30 01:30:14,10,50,8,5.625,6.064,0,Low
2026-07-30 01:40:19,8,38,0,5.805,6.094,0,Low
2026-07-30 01:50:14,10,45,0,5.802,6.372,0,Low
2026-07-30 02:00:16,9,42,0,5.802,6.25,0,
2026-07-30 02:10:11,11,45,0,5.805,6.251,0,Low
2026-07-30 02:20:11,10,43,0,5.805,6.341,0,Low
2026-07-30 02:30:26,9,39,0,5.805,6.251,0,Low
2026-07-30 02:40:12,11,51,8,5.625,6.19,0,Low
2026-07-30 02:50:14,9,48,8,5.625,5.938,0,Low
2026-07-30 03:00:30,12,53,8,5.625,6.22,0,Low
2026-07-30 03:10:11,10,47,8,5.625,6.094,0,Low
2026-07-30 03:20:15,12,50,8,5.625,6.251,0,Low
2026-07-30 03:30:13,9,39,8,5.625,5.938,0,Low
2026-07-30 03:40:15,11,49,8,5.625,6.251,0,Low
2026-07-30 03:50:12,11,52,8,5.625,6.251,0,Low
2026-07-30 04:00:17,12,55,8,5.625,6.22,0,Low
2026-07-30 04:10:20,11,54,8,5.625,6.252,0,Low
2026-07-30 04:20:12,12,63,8,5.625,6.251,0,Low
2026-07-30 04:30:16,11,55,8,5.625,6.189,0,Low
2026-07-30 04:40:13,11,53,8,5.625,6.251,0,Low
2026-07-30 04:50:13,12,58,8,5.625,6.251,0,Low
2026-07-30 05:00:17,10,53,8,5.625,6.22,0,Low
2026-07-30 05:10:16,12,56,8,5.625,6.22,0,Low
2026-07-30 05:20:14,12,54,8,5.625,6.372,0,Low
2026-07-30 05:30:18,11,55,8,5.625,6.251,0,Low
2026-07-30 05:40:14,11,53,8,5.625,6.251,0,Low
2026-07-30 05:50:20,12,56,8,5.625,6.372,0,Low
2026-07-30 06:00:19,12,56,8,5.625,6.221,0,Low
2026-07-30 06:10:13,9,43,8,5.625,6.189,0,Low
2026-07-30 06:20:12,14,66,8,5.625,6.214,0,Low
2026-07-30 06:30:18,14,64,8,5.625,6.495,0,Low
2026-07-30 06:40:15,13,63,8,5.625,6.498,0,Low
2026-07-30 06:50:21,15,71,8,5.625,6.689,0,Low
2026-07-30 07:00:18,12,64,8,5.625,6.491,0,Low
2026-07-30 07:10:21,13,64,8,5.625,6.493,0,Low
2026-07-30 07:20:23,12,60,8,5.625,6.591,0,Low
2026-07-30 07:30:23,13,64,8,5.625,6.493,0,Low
2026-07-30 07:40:20,12,60,8,5.625,6.591,0,Low
2026-07-30 07:41:20,13,64,8,5.625,6.493,0,Low
2026-07-30 07:50:12,13,64,8,5.625,6.493,0,Low
2026-07-30 08:00:17,13,72,8,5.625,6.689,0,Low
2026-07-30 08:10:12,14,74,8,5.625,6.689,0,Low
2026-07-30 08:20:12,13,66,8,5.625,6.493,0,Low
2026-07-30 08:30:23,13,62,8,5.625,6.493,0,Low
2026-07-30 08:40:22,14,70,8,5.625,6.565,0,Low
2026-07-30 08:50:20,13,66,8,5.625,6.493,0,Low
2026-07-30 09:00:19,13,68,8,5.625,6.493,0,Low
2026-07-30 09:10:13,13,63,8,5.625,6.251,0,Low
2026-07-30 09:20:21,12,59,8,5.625,6.372,0,Low
2026-07-30 09:30:16,13,60,8,5.625,6.493,0,Low
2026-07-30 09:40:13,13,58,8,5.625,6.493,0,Low
2026-07-30 09:50:14,14,68,8,5.625,6.591,0,Low
2026-07-30 10:00:22,14,65,8,5.625,6.493,0,Low
2026-07-30 10:10:13,15,69,8,5.625,6.493,0,Low
2026-07-30 10:20:24,14,68,8,5.625,6.493,0,Low
2026-07-30 10:30:15,14,70,8,5.625,6.491,0,Low
2026-07-30 10:40:12,14,68,8,5.625,6.591,0,Low
2026-07-30 10:50:22,14,70,8,5.625,6.591,0,Low
2026-07-30 11:00:20,13,61,0,5.805,6.69,0,Low
2026-07-30 11:10:15,13,61,0,5.805,6.69,0,Low
2026-07-30 11:20:24,14,63,0,5.805,6.689,0,Low
2026-07-30 11:30:14,14,66,0,5.805,6.69,0,Low
2026-07-30 11:40:19,13,62,0,5.805,6.689,0,Low
2026-07-30 11:50:22,13,64,0,5.805,6.69,0,Low
2026-07-30 12:00:18,13,61,0,5.805,6.689,0,Low
2026-07-30 12:10:18,12,57,0,5.805,6.691,0,Low
2026-07-30 12:20:15,14,62,0,5.805,6.689,0,Low
2026-07-30 12:30:15,13,58,0,5.805,6.69,0,Low
2026-07-30 12:40:15,14,59,0,5.805,6.689,0,Low
2026-07-30 12:50:20,14,61,0,5.805,6.689,0,Low
2026-07-30 13:00:28,14,59,0,5.805,6.689,0,Low
2026-07-30 13:10:14,12,55,0,5.805,6.689,0,Low
2026-07-30 13:17:20,15,60,0,5.805,6.69,0,Low
2026-07-30 13:20:13,12,53,0,5.805,6.693,0,Low
2026-07-30 13:30:15,14,55,0,5.81,6.689,0,Low
2026-07-30 13:40:14,12,52,0,5.81,6.689,0,Low
2026-07-30 13:50:19,14,55,0,5.81,6.689,0,Low
2026-07-30 14:00:25,12,50,0,5.81,6.689,0,Low
2026-07-30 14:10:19,11,47,0,5.938,6.698,0,Low
2026-07-30 14:20:24,14,55,4,5.151,6.69,0,Low
2026-07-30 14:30:19,13,55,4,5.151,6.69,0,Low
2026-07-30 14:40:24,13,55,0,5.938,6.69,0,Low
2026-07-30 14:50:24,13,58,0,5.869,6.689,0,Low
2026-07-30 15:00:18,13,54,0,5.938,6.69,0,Low
2026-07-30 15:10:20,15,61,0,5.869,6.69,0,Low
2026-07-30 15:20:20,11,49,0,5.81,6.693,0,Low
2026-07-30 15:30:24,14,53,0,5.938,6.691,0,Low
2026-07-30 15:40:21,16,56,0,5.869,6.69,0,Low
2026-07-30 15:50:15,12,52,0,5.869,6.47,0,Low
2026-07-30 16:00:18,13,52,0,5.869,6.689,0,Low
2026-07-30 16:10:20,11,49,0,5.869,6.689,0,Low
2026-07-30 16:20:13,15,62,0,5.869,6.689,0,Low
2026-07-30 16:30:17,11,48,0,5.938,6.689,0,Low
2026-07-30 16:40:14,14,57,0,5.938,6.689,0,Low
2026-07-30 16:50:16,13,54,0,5.938,6.689,0,Low
2026-07-30 17:00:17,14,51,0,5.938,6.69,0,Low
2026-07-30 17:10:20,12,47,0,5.938,6.689,0,Low
2026-07-30 17:20:20,11,43,0,5.938,6.689,0,Low
2026-07-30 17:30:22,12,48,0,5.938,6.689,0,Low
2026-07-30 17:40:13,11,44,0,5.938,6.689,0,Low
2026-07-30 17:50:12,13,55,0,5.938,6.689,0,Low
2026-07-30 18:00:26,14,63,0,5.938,6.689,0,Low
2026-07-30 18:04:34,13,60,0,5.938,6.689,0,Low
2026-07-30 18:10:15,13,60,0,5.938,6.689,0,Low
2026-07-30 18:20:12,10,44,0,5.938,6.689,0,Low
2026-07-30 18:30:16,13,55,0,5.919,6.69,0,Low
2026-07-30 18:40:27,12,49,0,5.938,6.689,0,Low
2026-07-30 18:50:12,11,48,0,5.938,6.689,0,Low
2026-07-30 19:00:25,11,47,0,5.938,6.69,0,Low
2026-07-30 19:10:17,11,47,0,5.938,6.689,0,Low
2026-07-30 19:20:18,11,47,0,5.938,6.689,0,Low
2026-07-30 19:30:16,11,43,0,5.938,6.69,0,Low
2026-07-30 19:40:25,11,43,0,5.938,6.69,0,Low
2026-07-30 19:50:18,11,36,0,5.938,6.693,0,Low
2026-07-30 20:00:18,10,38,0,5.938,6.689,0,Low
2026-07-30 20:10:13,11,40,0,5.938,6.689,0,Low
2026-07-30 20:20:13,13,49,0,5.938,6.69,0,Low
2026-07-30 20:30:22,11,43,0,5.938,6.689,0,Low
2026-07-30 20:40:19,9,37,0,5.938,6.689,0,Low
2026-07-30 20:50:16,10,39,0,5.938,6.689,0,Low
2026-07-30 21:00:18,10,42,0,5.938,6.689,0,Low
2026-07-30 21:10:13,10,46,0,5.938,6.47,0,Low
2026-07-30 21:20:16,11,56,0,5.938,6.689,0,Low
2026-07-30 21:30:16,14,64,0,5.938,6.689,0,Low
2026-07-30 21:40:15,13,63,0,5.938,6.689,0,Low
2026-07-30 21:50:11,12,59,0,5.938,6.689,0,Low
2026-07-30 21:53:21,14,62,0,5.938,6.689,0,Low
2026-07-30 22:08:09,13,63,0,5.938,6.689,0,Low
2026-07-30 22:10:13,13,58,0,5.938,6.689,0,Low
2026-07-30 22:20:14,12,55,0,5.938,6.689,0,Low
2026-07-30 22:30:17,10,52,0,5.938,6.47,0,Low
2026-07-30 22:40:22,10,51,0,5.938,6.689,0,Low
2026-07-30 22:50:11,10,52,0,5.938,6.689,0,Low
2026-07-30 23:00:18,12,54,0,5.938,6.694,0,Low
2026-07-30 23:10:14,10,50,0,5.938,6.69,0,Low
2026-07-30 23:20:14,9,49,0,5.938,6.69,0,Low
2026-07-30 23:30:14,12,54,0,5.938,6.69,0,Low
2026-07-30 23:40:22,11,53,0,5.938,6.69,0,Low
2026-07-30 23:50:16,10,49,0,5.938,6.689,0,Low
2026-07-31 00:00:16,10,48,0,5.938,6.689,0,Low
2026-07-31 00:10:11,12,55,0,5.938,6.69,0,Low
2026-07-31 00:20:14,13,61,0,5.938,6.69,0,Low
2026-07-31 00:30:20,11,56,0,5.938,6.69,0,
2026-07-31 00:40:19,13,57,0,5.938,6.689,0,
2026-07-31 00:50:14,12,54,0,5.938,6.69,0,
2026-07-31 01:00:18,12,56,2,5.057,6.69,0,
2026-07-31 01:10:13,14,59,2,5.057,6.689,0,
2026-07-31 01:20:12,11,56,2,4.982,6.689,0,
2026-07-31 01:30:19,11,58,2,4.982,6.69,0,Low
2026-07-31 01:40:16,12,62,2,4.982,6.689,0,Low
2026-07-31 01:50:19,11,57,2,4.882,6.69,0,Low
2026-07-31 02:00:18,10,53,2,4.882,6.69,0,Low
2026-07-31 02:10:20,10,53,2,4.882,6.689,0,Low
2026-07-31 02:20:17,11,57,2,4.982,6.69,0,Low
2026-07-31 02:30:14,11,57,2,4.982,6.69,0,Low
2026-07-31 02:40:22,11,57,2,4.982,6.69,0,Low
2026-07-31 02:50:16,12,59,2,5.132,6.689,0,Low
2026-07-31 03:00:25,11,55,2,5.132,6.689,0,Low
2026-07-31 03:10:14,11,53,2,5.132,6.689,0,Low
2026-07-31 03:20:19,11,57,2,4.976,6.689,0,Low
2026-07-31 03:30:14,11,53,2,4.976,6.689,0,Low
2026-07-31 03:40:13,12,55,2,4.976,6.601,0,Low
2026-07-31 03:50:14,11,51,0,5.938,6.689,0,Low
2026-07-31 04:00:18,11,51,2,4.826,6.689,0,Low
2026-07-31 04:10:14,11,51,2,4.826,6.689,0,Low
2026-07-31 04:20:13,10,46,2,4.682,6.47,0,Low
2026-07-31 04:30:21,10,52,2,4.682,6.47,0,Low
2026-07-31 04:40:17,11,53,2,4.682,6.251,0,Low
2026-07-31 04:50:14,10,49,2,4.545,6.47,0,Low
2026-07-31 05:00:17,8,41,2,4.545,6.47,0,Low
2026-07-31 05:10:11,11,51,2,4.545,6.251,0,
2026-07-31 05:20:11,12,59,3,4.407,6.25,0,
2026-07-31 05:30:19,11,51,2,4.407,6.689,0,
2026-07-31 05:40:19,10,51,2,4.407,6.689,0,Low
2026-07-31 05:50:15,11,55,2,4.626,6.689,0,Low
2026-07-31 06:00:18,11,55,2,4.626,6.689,0,Low
2026-07-31 06:10:18,12,59,2,4.626,6.689,0,Low
2026-07-31 06:20:13,11,55,2,4.857,6.689,0,Low
2026-07-31 06:30:16,12,61,2,4.857,6.689,0,Low
2026-07-31 06:40:22,10,53,2,4.857,6.689,0,Low
2026-07-31 06:50:21,11,55,2,5.101,6.689,0,Low
2026-07-31 07:00:16,12,59,2,5.101,6.689,0,Low
2026-07-31 07:10:18,11,55,2,5.101,6.689,0,Low
2026-07-31 07:20:13,13,69,11,4.064,6.25,0,Low
2026-07-31 07:30:22,12,62,11,4.064,6.47,0,Low
2026-07-31 07:40:20,12,61,11,4.064,6.47,0,Low
2026-07-31 07:50:18,12,62,11,4.064,6.47,0,Low
2026-07-31 08:00:25,12,65,11,4.064,6.25,0,Low
2026-07-31 08:10:12,12,61,11,4.064,6.47,0,Low
2026-07-31 08:19:29,12,61,9,4.064,6.47,0,Low
2026-07-31 08:20:12,13,65,9,4.064,6.25,0,Low
2026-07-31 08:30:21,12,64,9,4.064,6.47,0,Low
2026-07-31 08:40:14,14,69,13,4.064,6.47,0,Low
2026-07-31 08:50:21,13,69,13,4.064,6.25,0,Low
2026-07-31 09:00:21,11,56,9,4.064,6.689,0,Low
2026-07-31 09:10:15,10,52,9,4.064,6.47,0,Low
2026-07-31 09:20:13,11,56,9,4.064,6.689,0,Low
2026-07-31 09:30:14,10,48,1,4.064,6.689,0,Low
2026-07-31 09:40:12,11,56,9,4.064,6.689,0,Low
2026-07-31 09:50:21,10,53,9,4.627,6.47,0,Low
2026-07-31 10:00:28,11,56,9,4.627,6.689,0,Low
2026-07-31 10:10:14,10,49,1,4.627,6.689,0,Low
2026-07-31 10:20:18,10,45,1,4.627,6.689,0,Low
2026-07-31 10:30:17,9,41,1,4.627,6.689,0,Low
2026-07-31 10:40:15,10,49,1,4.627,6.689,0,Low
2026-07-31 10:50:20,10,49,1,4.627,6.689,0,Low
2026-07-31 11:00:20,10,48,1,4.627,6.689,0,Low
2026-07-31 11:10:19,9,37,1,4.627,6.69,0,Low
2026-07-31 11:20:13,9,37,1,4.627,6.69,0,Low
2026-07-31 11:30:21,10,44,1,4.627,6.689,0,Low
2026-07-31 11:40:17,9,40,1,4.627,6.689,0,Low
2026-07-31 11:50:16,10,45,1,4.627,6.689,0,Low
2026-07-31 12:00:23,10,45,1,4.627,6.689,0,Low
2026-07-31 12:10:15,9,37,1,4.627,6.689,0,Low
2026-07-31 12:20:13,9,37,1,4.627,6.689,0,Low
2026-07-31 12:30:16,9,37,1,4.627,6.689,0,
2026-07-31 12:40:11,8,32,1,4.627,6.47,0,Low
2026-07-31 12:50:19,9,43,9,4.627,6.25,0,Low
2026-07-31 13:00:26,10,47,9,4.627,6.47,0,Low
2026-07-31 13:10:15,10,47,9,4.627,6.47,0,Low
2026-07-31 13:20:23,8,39,9,4.627,6.417,0,Low
2026-07-31 13:30:18,7,38,8,5.625,6.689,0,Low
2026-07-31 13:40:23,8,43,9,4.627,6.417,0,Low
2026-07-31 13:50:12,9,47,9,4.627,6.689,0,Low
2026-07-31 14:00:19,8,39,9,4.252,6.689,0,Low
2026-07-31 14:10:18,8,39,9,4.252,6.689,0,Low
2026-07-31 14:20:20,8,36,10,4.252,6.326,0,Low
2026-07-31 14:30:17,10,44,10,4.252,6.689,0,Low
2026-07-31 14:40:14,9,42,10,4.252,6.689,0,
2026-07-31 14:50:13,9,42,10,4.252,6.689,0,Low
2026-07-31 15:00:25,10,50,10,4.252,6.689,0,Low
2026-07-31 15:10:25,10,48,10,4.252,6.689,0,Low
2026-07-31 15:20:20,11,52,10,4.252,6.689,0,Low
2026-07-31 15:30:23,11,52,10,4.252,6.689,0,
2026-07-31 15:40:36,9,46,10,4.252,6.689,0,Low
2026-07-31 15:51:50,9,40,10,4.252,5.915,0,Low
2026-07-31 16:00:25,9,42,10,4.252,6.689,0,Low
2026-07-31 16:10:24,10,42,10,4.252,6.313,0,Low
2026-07-31 16:20:19,11,54,18,4.252,6.689,0,
2026-07-31 16:30:32,11,52,18,4.252,6.689,0,Low
2026-07-31 16:40:16,11,56,18,4.252,6.689,0,
2026-07-31 16:50:14,11,56,18,4.252,6.689,0,
2026-07-31 17:00:26,12,64,18,4.252,6.689,0,Low
2026-07-31 17:10:15,12,66,22,4.252,5.926,0,
2026-07-31 17:20:25,13,64,22,4.252,6.689,0,
2026-07-31 17:30:21,13,70,22,4.252,5.938,0,Low
2026-07-31 17:41:19,13,68,18,4.252,6.689,0,
2026-07-31 17:50:13,13,64,18,4.252,6.689,0,Low
2026-07-31 18:00:24,11,51,18,4.252,6.25,0,Low
2026-07-31 18:10:20,11,56,17,4.252,6.689,0,
2026-07-31 18:20:25,13,66,17,4.252,6.689,0,Low
2026-07-31 18:37:07,12,58,9,4.252,6.689,0,Low
2026-07-31 18:40:25,12,58,9,4.252,6.691,0,
2026-07-31 18:50:21,12,58,9,4.252,6.691,0,Low
2026-07-31 19:00:25,12,58,9,4.252,6.691,0,Low
2026-07-31 19:10:17,10,51,9,4.252,6.689,0,Low
2026-07-31 19:20:15,12,51,10,4.252,6.691,0,Low
2026-07-31 19:30:22,10,45,10,4.252,6.47,0,Low
2026-07-31 19:40:13,13,59,10,4.252,6.689,0,Low
2026-07-31 19:50:15,13,60,10,4.252,6.689,0,Low
2026-07-31 20:00:19,16,67,10,4.252,6.689,0,Low
2026-07-31 20:10:21,14,66,10,4.252,6.688,0,Low
2026-07-31 20:20:15,14,66,9,3.94,6.689,0,Low
2026-07-31 20:32:41,13,58,8,5.625,6.689,0,Low
2026-07-31 20:42:28,17,70,10,3.94,6.689,0,Low
2026-07-31 20:50:29,13,61,10,3.94,6.689,0,Low
2026-07-31 21:00:26,14,63,10,3.94,6.689,0,Low
2026-07-31 21:10:12,16,71,10,3.94,6.689,0,Low
2026-07-31 21:20:13,16,74,10,3.94,6.689,0,Low
2026-07-31 21:32:39,12,61,9,3.94,6.689,0,
2026-07-31 21:40:19,15,69,10,3.94,6.689,0,Low
2026-07-31 21:50:16,15,70,10,3.94,6.689,0,Low
2026-07-31 22:00:18,12,58,9,3.94,6.689,0,Low
2026-07-31 22:10:14,13,61,9,3.94,6.689,0,Low
2026-07-31 22:20:21,13,56,10,3.94,6.689,0,Low
2026-07-31 22:30:24,13,53,10,3.94,6.689,0,Low
2026-07-31 22:40:18,14,55,10,3.94,6.689,0,Low
2026-07-31 22:50:12,12,53,10,3.94,6.689,0,Low
2026-07-31 23:00:20,13,54,10,3.94,6.69,0,Low
2026-07-31 23:10:20,11,46,10,3.94,6.689,0,Low
2026-07-31 23:20:19,13,45,2,3.94,6.689,0,Low
2026-07-31 23:30:16,11,42,2,3.94,6.689,0,Low
2026-07-31 23:40:15,11,41,2,3.94,6.69,0,Low
2026-07-31 23:50:15,10,40,2,3.94,6.689,0,Low
2026-08-01 00:00:26,12,43,2,3.94,6.688,0,Low
2026-08-01 00:10:14,10,40,2,3.94,6.689,0,Low
2026-08-01 00:20:20,12,50,2,3.94,6.688,0,Low
2026-08-01 00:31:52,11,47,2,3.94,6.689,0,Low
2026-08-01 00:40:17,12,51,2,3.94,6.688,0,Low
2026-08-01 00:50:13,10,38,2,3.94,6.689,0,Low
2026-08-01 01:02:41,11,39,2,3.94,6.69,0,Low
2026-08-01 01:14:15,13,51,2,3.94,6.689,0,Low
2026-08-01 01:20:16,11,49,1,3.94,6.689,0,Low
2026-08-01 01:30:16,11,50,1,3.94,6.69,0,Low
2026-08-01 01:40:11,10,41,2,3.94,6.688,0,Low
2026-08-01 01:50:13,11,43,1,3.94,6.693,0,Low
2026-08-01 02:02:32,9,44,1,3.94,6.689,0,Low
2026-08-01 02:10:17,9,47,1,3.94,6.693,0,Low
2026-08-01 02:20:11,12,53,2,3.94,6.689,0,Low
2026-08-01 02:30:16,11,52,1,3.94,6.69,0,Low
2026-08-01 02:40:22,12,49,1,3.94,6.691,0,Low
2026-08-01 02:50:17,12,50,9,3.94,6.689,0,Low
2026-08-01 03:00:18,15,67,9,3.94,6.689,0,Low
2026-08-01 03:10:11,16,75,9,3.94,6.47,0,Low
2026-08-01 03:20:20,14,63,0,5.938,6.688,0,Low
2026-08-01 03:32:51,13,64,0,5.938,6.688,0,Low
2026-08-01 03:40:21,12,63,0,5.938,6.47,0,Low
2026-08-01 03:50:20,14,64,1,4.376,6.47,0,Low
2026-08-01 04:02:21,14,64,1,4.376,6.47,0,Low
2026-08-01 04:10:18,14,70,9,4.376,6.252,0,Low
2026-08-01 04:20:14,14,68,9,4.376,6.252,0,Low
2026-08-01 04:30:20,14,61,9,4.376,6.471,0,Low
2026-08-01 04:40:18,15,71,9,4.376,6.253,0,Low
2026-08-01 04:50:12,14,70,9,4.376,6.252,0,Low
2026-08-01 05:02:14,15,73,9,4.376,6.253,0,Low
2026-08-01 05:10:13,16,73,9,4.376,6.253,0,Low
2026-08-01 05:20:14,14,61,9,4.376,6.623,0,Low
2026-08-01 05:32:24,13,53,9,4.376,6.558,0,Low
2026-08-01 05:40:12,12,52,9,4.376,6.405,0,Low
2026-08-01 05:50:17,13,57,9,4.376,6.253,0,Low
2026-08-01 06:00:28,14,61,9,4.376,6.623,0,Low
2026-08-01 06:12:00,10,46,9,4.376,6.47,0,Low
2026-08-01 06:20:12,13,60,9,4.376,6.253,0,Low
2026-08-01 06:30:22,12,56,1,4.376,6.308,0,Low
2026-08-01 06:42:34,12,54,1,4.376,6.308,0,Low
2026-08-01 06:50:14,13,55,2,4.376,6.253,0,Low
2026-08-01 07:00:18,14,54,2,4.376,6.468,0,Low
2026-08-01 07:10:16,13,50,2,4.376,6.688,0,Low
2026-08-01 07:20:21,10,46,1,4.376,6.47,0,Low
2026-08-01 07:30:17,12,49,1,4.376,6.688,0,Low
2026-08-01 07:40:12,11,47,1,4.376,6.688,0,Low
2026-08-01 07:50:16,12,46,1,4.376,6.47,0,Low
2026-08-01 08:00:17,13,53,1,4.376,6.688,0,Low
2026-08-01 08:10:18,11,48,1,4.376,6.689,0,Low
2026-08-01 08:20:14,12,50,1,4.376,6.598,0,Low
2026-08-01 08:30:15,12,52,1,4.376,6.688,0,Low
2026-08-01 08:41:52,13,60,1,4.376,6.688,0,Low
2026-08-01 08:50:14,12,51,1,4.376,6.689,0,Low
2026-08-01 09:00:26,13,57,1,4.376,6.689,0,Low
2026-08-01 09:10:16,13,59,1,4.376,6.69,0,Low
2026-08-01 09:20:15,14,64,9,4.376,6.47,0,Low
2026-08-01 09:30:16,17,70,9,4.376,6.688,0,Low
2026-08-01 09:40:14,16,69,9,4.376,6.688,0,Low
2026-08-01 09:52:46,16,68,9,4.376,6.47,0,Low
2026-08-01 10:03:06,15,69,9,4.376,6.689,0,Low
2026-08-01 10:10:14,15,68,9,4.376,6.688,0,Low
2026-08-01 10:21:32,13,60,9,4.376,6.688,0,Low
2026-08-01 10:30:16,13,60,9,4.376,6.688,0,Low
2026-08-01 10:40:15,16,67,13,4.376,6.688,0,Low
2026-08-01 10:50:13,15,68,13,4.376,6.253,0,Low
2026-08-01 11:00:16,16,75,13,4.376,6.47,0,Low
2026-08-01 11:11:45,15,68,9,4.376,6.688,0,Low
2026-08-01 11:30:18,14,61,9,4.376,6.688,0,Low
2026-08-01 11:40:36,13,59,9,4.376,6.253,0,Low
2026-08-01 11:50:13,14,64,9,4.376,6.253,0,Low
2026-08-01 12:00:25,15,65,9,4.376,6.688,0,Low
2026-08-01 12:10:14,14,61,9,4.376,6.47,0,Low
2026-08-01 12:13:43,15,69,9,4.376,6.688,0,Low
2026-08-01 12:20:13,15,63,9,4.376,6.688,0,Low
2026-08-01 12:30:15,16,67,9,4.376,6.688,0,Low
2026-08-01 12:42:13,16,67,9,4.376,6.688,0,Low
2026-08-01 12:50:15,16,73,9,4.376,6.47,0,Low
2026-08-01 13:00:18,15,67,9,4.376,6.688,0,Low
2026-08-01 13:10:14,14,70,9,4.376,6.47,0,Low
2026-08-01 13:20:13,14,61,9,4.376,6.688,0,Low
2026-08-01 13:30:17,13,60,9,4.376,6.688,0,Low
2026-08-01 13:40:18,13,57,9,4.376,6.688,0,Low
2026-08-01 13:50:13,15,67,9,4.376,6.688,0,Low
2026-08-01 14:00:17,15,72,9,4.376,6.688,0,Low
2026-08-01 14:11:49,13,64,9,4.376,6.688,0,Low
2026-08-01 14:20:20,14,68,9,4.376,6.47,0,Low
2026-08-01 14:30:22,14,66,9,4.376,6.47,0,Low
2026-08-01 14:40:14,16,69,9,4.376,6.47,0,Low
2026-08-01 14:50:14,14,66,9,4.376,6.47,0,Low
