timestamp_utc,vast_machines,vast_gpus,vast_gpus_under_cap,vast_min_price,vast_median_price,lambda_regions,runpod_stock
2026-07-17 02:19:30,34,141,117,1.936,3.816,0,Low
2026-07-17 02:20:14,34,144,120,1.936,3.841,0,Low
2026-07-17 02:29:09,31,121,113,1.936,3.751,0,High
2026-07-17 02:30:19,31,121,113,1.936,3.815,0,High
2026-07-17 02:40:16,31,118,110,1.936,3.751,0,High
2026-07-17 02:50:14,34,122,114,1.936,3.783,0,High
2026-07-17 03:00:21,31,118,110,1.936,3.751,0,High
2026-07-17 03:10:14,31,118,110,1.936,3.751,0,High
2026-07-17 03:20:15,28,105,97,1.936,3.784,0,High
2026-07-17 03:30:18,31,114,106,1.936,3.751,0,High
2026-07-17 03:40:11,32,112,104,1.936,3.717,0,High
2026-07-17 03:50:13,32,110,102,1.936,3.717,1,High
2026-07-17 04:00:17,32,109,101,1.936,3.751,0,High
2026-07-17 04:10:19,29,106,98,1.936,3.684,0,High
2026-07-17 04:20:12,30,101,93,1.936,3.751,0,Low
2026-07-17 04:30:14,30,100,92,1.936,3.751,0,High
2026-07-17 04:40:13,30,101,93,1.936,3.783,0,High
2026-07-17 04:50:13,28,101,93,1.936,3.783,0,High
2026-07-17 05:00:19,28,103,95,1.936,3.773,0,High
2026-07-17 05:10:16,31,106,98,1.936,3.751,0,High
2026-07-17 05:20:13,31,107,99,1.936,3.751,0,High
2026-07-17 05:30:16,30,104,95,1.936,3.751,0,Low
2026-07-17 05:40:16,31,110,102,1.936,3.751,0,Low
2026-07-17 05:50:14,30,106,98,1.936,3.751,0,High
2026-07-17 06:00:19,31,112,104,1.936,3.751,0,High
2026-07-17 06:10:15,30,110,102,1.936,3.751,0,High
2026-07-17 06:20:15,29,103,95,1.936,3.75,0,High
2026-07-17 06:30:15,30,98,90,1.936,3.751,0,High
2026-07-17 06:40:16,26,90,82,1.936,3.718,0,Low
2026-07-17 06:50:15,28,97,89,1.936,3.751,0,High
2026-07-17 07:00:20,28,108,100,1.936,3.783,0,Low
2026-07-17 07:10:13,27,99,91,1.936,3.75,0,High
2026-07-17 07:20:15,26,100,92,1.936,3.751,0,High
2026-07-17 07:30:16,25,96,88,1.936,3.751,0,High
2026-07-17 07:31:02,26,97,89,1.936,3.751,0,High
2026-07-17 07:40:16,23,88,80,1.936,3.75,0,High
2026-07-17 07:50:14,23,82,74,1.936,3.751,0,High
2026-07-17 08:00:18,26,93,85,1.936,3.783,0,High
2026-07-17 08:10:12,27,91,83,1.936,3.751,0,High
2026-07-17 08:20:14,27,103,87,1.936,3.816,0,Low
2026-07-17 08:30:21,26,96,80,1.936,3.783,0,Low
2026-07-17 08:40:14,30,105,81,1.936,3.784,1,Low
2026-07-17 08:50:14,30,102,86,1.936,3.783,1,Low
2026-07-17 09:00:19,29,110,94,1.936,3.816,1,High
2026-07-17 09:10:13,29,107,91,1.936,3.815,1,High
2026-07-17 09:20:13,30,110,94,1.936,3.816,1,High
2026-07-17 09:30:15,29,105,89,1.936,3.818,1,High
2026-07-17 09:40:14,30,106,90,1.936,3.817,0,Low
2026-07-17 09:50:12,29,106,90,1.936,3.817,0,Low
2026-07-17 10:00:20,31,110,94,1.936,3.817,0,Low
2026-07-17 10:10:13,30,103,87,1.936,3.816,0,Low
2026-07-17 10:20:13,28,97,89,1.936,3.816,1,Low
2026-07-17 10:30:17,29,104,88,1.936,3.817,0,Low
2026-07-17 10:33:50,30,104,88,1.936,3.816,0,Low
2026-07-17 10:40:12,30,106,90,1.936,3.816,0,Low
2026-07-17 10:50:14,29,99,83,1.936,3.816,0,High
2026-07-17 11:00:18,28,99,83,1.936,3.816,0,High
2026-07-17 11:10:14,28,100,84,1.936,3.816,0,Low
2026-07-17 11:20:14,25,87,71,1.936,3.751,0,Medium
2026-07-17 11:30:14,25,85,69,1.936,3.751,0,Low
2026-07-17 11:40:14,25,79,71,1.936,3.751,0,Low
2026-07-17 11:50:17,25,80,71,1.936,3.751,0,Medium
2026-07-17 12:00:04,21,71,63,1.936,3.751,0,Medium
2026-07-17 12:10:14,21,69,61,1.936,3.751,0,High
2026-07-17 12:20:12,20,64,64,1.936,3.718,0,High
2026-07-17 12:30:21,20,61,61,1.936,3.718,0,High
2026-07-17 12:40:14,20,60,60,1.936,3.718,0,High
2026-07-17 12:50:12,23,78,70,1.936,3.751,0,High
2026-07-17 13:00:22,22,73,65,1.936,3.751,0,Medium
2026-07-17 13:10:13,20,70,62,1.936,3.718,0,Medium
2026-07-17 13:20:14,19,62,62,1.936,3.751,0,Medium
2026-07-17 13:30:16,19,62,62,1.936,3.751,0,Low
2026-07-17 13:40:15,19,73,65,1.936,3.751,0,Low
2026-07-17 13:50:16,19,71,63,1.936,3.751,0,Low
2026-07-17 14:00:24,21,72,64,1.936,3.751,0,High
2026-07-17 14:10:14,20,68,60,1.936,3.751,0,High
2026-07-17 14:20:15,17,61,53,1.936,3.686,0,Low
2026-07-17 14:30:19,19,63,55,1.936,3.751,1,High
2026-07-17 14:40:16,18,59,51,1.936,3.751,0,High
2026-07-17 14:50:12,18,59,51,1.936,3.783,0,High
2026-07-17 15:00:29,20,70,62,1.936,3.807,0,High
2026-07-17 15:10:18,19,56,56,1.936,3.751,0,High
2026-07-17 15:20:25,20,57,57,1.936,3.751,0,High
2026-07-17 15:30:16,20,64,56,1.936,3.784,0,High
2026-07-17 15:40:13,21,69,61,1.936,3.751,0,High
2026-07-17 15:50:16,20,64,56,1.936,3.808,0,High
2026-07-17 16:00:24,18,59,51,1.936,3.751,0,High
2026-07-17 16:10:18,19,64,56,1.936,3.751,0,High
2026-07-17 16:20:16,23,75,67,1.936,3.818,0,High
2026-07-17 16:30:15,21,73,65,1.936,3.864,0,Low
2026-07-17 16:38:23,23,75,67,1.936,3.818,0,Low
2026-07-17 16:40:15,23,75,67,1.936,3.818,0,Low
2026-07-17 16:50:16,25,92,76,1.936,3.864,0,High
2026-07-17 17:00:20,19,66,50,1.936,3.818,0,Low
2026-07-17 17:10:16,18,61,53,1.936,3.75,0,High
2026-07-17 17:20:17,21,77,69,1.936,3.816,0,High
2026-07-17 17:30:15,21,68,60,1.936,3.751,0,High
2026-07-17 17:40:14,21,67,59,1.936,3.751,0,High
2026-07-17 17:50:16,16,57,57,1.936,3.751,0,Medium
2026-07-17 18:00:18,20,68,68,1.936,3.816,0,High
2026-07-17 18:10:13,22,71,69,1.936,3.783,0,High
2026-07-17 18:20:13,20,64,64,1.936,3.783,0,High
2026-07-17 18:30:20,20,71,63,1.936,3.821,0,Low
2026-07-17 18:40:17,22,77,69,1.936,3.852,0,Low
2026-07-17 18:50:16,24,79,71,1.936,3.92,0,Low
2026-07-17 19:00:21,22,78,70,1.936,3.82,0,Low
2026-07-17 19:10:14,22,77,69,1.936,3.852,0,Low
2026-07-17 19:20:15,22,72,64,1.936,3.853,0,Low
2026-07-17 19:30:15,23,73,65,1.936,3.751,0,Low
2026-07-17 19:40:16,25,82,66,1.936,3.89,0,Low
2026-07-17 19:50:17,23,79,63,1.936,3.89,0,Low
2026-07-17 20:00:20,23,79,63,1.936,3.89,0,High
2026-07-17 20:10:16,24,73,65,1.936,3.821,0,High
2026-07-17 20:15:01,25,76,68,1.936,3.815,0,High
2026-07-17 20:20:15,25,76,68,1.936,3.815,0,High
2026-07-17 20:31:37,23,72,72,1.936,3.776,0,High
2026-07-17 20:40:13,21,69,69,1.936,3.751,0,High
2026-07-17 20:50:12,22,67,67,1.936,3.751,0,High
2026-07-17 21:00:18,21,65,65,1.936,3.751,0,High
2026-07-17 21:10:14,22,60,60,1.936,3.751,0,High
2026-07-17 21:20:13,19,56,56,1.936,3.751,0,High
2026-07-17 21:30:15,21,57,57,1.936,3.751,0,Low
2026-07-17 21:40:14,21,57,57,1.936,3.751,0,Low
2026-07-17 21:50:16,21,53,53,1.936,3.685,0,Low
2026-07-17 22:00:21,20,51,51,1.936,3.718,0,Low
2026-07-17 22:10:14,20,49,49,1.936,3.718,0,Low
2026-07-17 22:20:18,20,50,50,1.936,3.695,0,High
2026-07-17 22:30:15,22,58,58,1.936,3.695,0,High
2026-07-17 22:40:15,21,57,57,1.936,3.686,0,High
2026-07-17 22:50:17,22,67,67,1.936,3.728,0,High
2026-07-17 23:00:22,21,66,66,1.936,3.728,0,Low
2026-07-17 23:10:16,21,68,60,1.936,3.704,0,Low
2026-07-17 23:12:33,21,68,60,1.936,3.751,0,Low
2026-07-17 23:20:15,20,65,57,1.936,3.693,0,Low
2026-07-17 23:30:17,21,70,62,1.936,3.704,1,High
2026-07-17 23:40:14,22,71,63,1.936,3.686,0,Low
2026-07-17 23:50:15,20,61,61,1.936,3.61,0,Low
2026-07-18 00:00:20,24,79,79,1.936,3.728,0,High
2026-07-18 00:10:16,23,78,78,1.936,3.704,0,High
2026-07-18 00:20:13,23,77,77,1.936,3.706,0,High
2026-07-18 00:30:17,20,67,67,1.936,3.63,0,High
2026-07-18 00:40:16,18,58,58,1.936,3.652,0,High
2026-07-18 00:50:13,20,60,60,1.936,3.652,0,High
2026-07-18 01:00:21,17,57,57,1.936,3.554,0,Low
2026-07-18 01:10:12,20,69,61,1.936,3.728,0,Low
2026-07-18 01:20:13,23,87,87,1.936,3.816,0,Low
2026-07-18 01:30:13,24,89,89,1.936,3.869,0,Low
2026-07-18 01:40:13,23,86,86,1.936,3.751,0,Low
2026-07-18 01:50:12,24,95,95,1.936,3.791,0,Low
2026-07-18 02:00:23,21,84,84,1.936,3.816,0,Low
2026-07-18 02:10:14,22,86,86,1.936,3.854,1,Low
2026-07-18 02:20:11,21,70,70,1.936,3.816,0,Low
2026-07-18 02:30:13,22,71,71,1.936,3.784,0,Low
2026-07-18 02:40:12,22,78,70,1.936,3.784,0,Low
2026-07-18 02:50:12,22,78,70,1.936,3.853,0,Low
2026-07-18 03:00:16,23,79,71,1.936,3.89,0,Low
2026-07-18 03:10:13,23,77,69,1.936,3.816,0,Low
2026-07-18 03:20:13,23,77,69,1.936,3.89,0,Low
2026-07-18 03:30:16,26,85,77,1.936,3.849,0,Low
2026-07-18 03:40:14,25,87,79,1.936,3.751,0,Low
2026-07-18 03:50:15,25,87,79,1.936,3.816,0,Low
2026-07-18 04:00:18,22,82,74,1.936,3.783,0,Low
2026-07-18 04:10:12,25,85,77,1.936,3.751,0,Low
2026-07-18 04:20:12,24,83,75,1.936,3.784,0,Low
2026-07-18 04:30:15,25,87,79,1.936,3.817,0,Low
2026-07-18 04:40:14,21,81,73,1.936,3.817,0,Low
2026-07-18 04:50:13,22,84,76,1.936,3.853,0,Low
2026-07-18 05:00:23,20,76,68,1.936,3.853,1,Low
2026-07-18 05:12:07,23,79,71,1.936,3.751,0,Low
2026-07-18 05:20:16,20,75,67,1.936,3.784,0,Low
2026-07-18 05:30:14,18,74,66,1.936,3.784,0,Low
2026-07-18 05:40:58,19,75,67,1.936,3.751,0,Low
2026-07-18 05:50:13,13,45,45,1.936,3.554,0,High
2026-07-18 06:00:18,13,49,49,1.936,3.554,1,Low
2026-07-18 06:10:14,14,49,49,1.936,3.629,0,Low
2026-07-18 06:20:11,18,65,65,1.936,3.728,0,Low
2026-07-18 06:30:17,19,67,67,1.936,3.705,0,Low
2026-07-18 06:31:58,20,75,75,1.936,3.761,0,Low
2026-07-18 06:40:11,19,74,74,1.936,3.705,0,Low
2026-07-18 06:50:14,19,74,74,1.936,3.705,0,Low
2026-07-18 07:00:17,17,66,66,1.936,3.705,0,Low
2026-07-18 07:10:10,16,56,56,1.936,3.695,0,Low
2026-07-18 07:20:12,17,57,57,1.936,3.707,0,Low
2026-07-18 07:30:17,17,59,59,1.936,3.705,0,Low
2026-07-18 07:40:12,18,60,60,1.936,3.762,0,Low
2026-07-18 07:50:14,17,59,59,1.936,3.817,0,Low
2026-07-18 08:00:16,18,62,62,1.936,3.762,0,Low
2026-07-18 08:10:12,18,60,60,1.936,3.762,0,Low
2026-07-18 08:20:11,18,62,62,1.936,3.762,0,Low
2026-07-18 08:31:33,18,63,63,1.936,3.762,0,High
2026-07-18 08:40:10,19,64,64,1.936,3.817,0,High
2026-07-18 08:50:11,20,70,70,1.936,3.784,0,High
2026-07-18 09:00:20,20,64,64,1.938,3.784,0,Low
2026-07-18 09:10:15,20,68,68,1.936,3.784,0,Low
2026-07-18 09:20:13,20,62,62,2.8,3.784,0,Low
2026-07-18 09:30:17,19,62,62,1.936,3.817,0,Low
2026-07-18 09:41:39,19,62,62,1.936,3.817,0,High
2026-07-18 09:50:14,19,66,66,1.936,3.817,0,High
2026-07-18 10:00:16,19,66,66,1.936,3.817,0,High
2026-07-18 10:10:12,19,66,66,1.936,3.817,0,High
2026-07-18 10:21:56,21,78,70,1.936,3.948,0,Low
2026-07-18 10:30:15,21,80,72,1.936,3.948,0,Low
2026-07-18 10:41:54,20,76,68,1.936,3.882,0,Low
2026-07-18 10:48:53,19,77,69,1.936,3.948,0,Low
2026-07-18 10:50:11,19,77,69,1.936,3.948,0,Low
2026-07-18 11:02:01,21,78,70,1.936,3.817,0,Low
2026-07-18 11:10:15,20,77,69,1.936,3.882,0,Low
2026-07-18 11:20:13,19,76,68,1.936,3.948,0,Low
2026-07-18 11:30:16,22,77,69,1.936,3.954,1,Low
2026-07-18 11:40:13,22,78,70,1.936,3.855,0,Low
2026-07-18 11:50:14,22,84,76,1.936,3.882,0,Low
2026-07-18 12:00:19,22,94,86,1.936,3.954,0,Low
2026-07-18 12:10:11,22,85,85,1.936,3.918,0,Low
2026-07-18 12:20:16,21,83,83,1.936,3.889,0,Low
2026-07-18 12:32:32,22,84,84,1.936,3.852,1,Low
2026-07-18 12:40:13,22,78,77,1.936,3.882,1,Low
2026-07-18 12:50:15,22,82,82,1.936,3.783,0,Low
2026-07-18 13:00:19,23,84,84,1.936,3.816,0,High
2026-07-18 13:10:15,25,86,86,1.936,3.816,0,High
2026-07-18 13:20:15,25,85,85,1.936,3.816,0,High
2026-07-18 13:30:18,25,77,77,2.8,3.816,0,High
2026-07-18 13:40:18,24,74,74,2.8,3.784,0,High
2026-07-18 13:50:14,26,85,77,1.936,3.816,0,High
2026-07-18 14:00:22,24,88,80,1.936,3.816,0,High
2026-07-18 14:10:12,26,90,82,1.936,3.853,1,High
2026-07-18 14:20:12,26,91,83,1.936,3.816,1,High
2026-07-18 14:30:15,27,92,84,1.936,3.816,0,High
2026-07-18 14:36:55,26,81,73,1.936,3.784,0,High
2026-07-18 14:41:10,27,82,74,1.936,3.816,0,High
2026-07-18 14:50:12,27,82,74,1.936,3.816,0,High
2026-07-18 15:00:18,27,82,74,1.936,3.776,0,High
2026-07-18 15:10:13,27,82,74,1.936,3.751,0,High
2026-07-18 15:20:11,26,81,73,1.936,3.784,0,High
2026-07-18 15:31:49,27,82,74,1.936,3.751,0,High
2026-07-18 15:40:12,27,82,74,1.936,3.751,0,High
2026-07-18 15:50:13,26,82,74,1.936,3.751,0,High
2026-07-18 16:00:16,27,90,74,1.936,3.751,0,High
2026-07-18 16:10:11,28,91,75,1.936,3.751,0,High
2026-07-18 16:20:15,25,88,72,1.936,3.751,0,High
2026-07-18 16:30:14,27,90,74,1.936,3.751,0,High
2026-07-18 16:40:11,27,89,73,1.936,3.751,0,High
2026-07-18 16:50:13,25,86,78,1.936,3.704,0,High
2026-07-18 17:00:14,26,87,79,1.936,3.727,0,High
2026-07-18 17:10:12,26,87,79,1.936,3.751,0,High
2026-07-18 17:20:13,25,86,86,1.936,3.751,0,High
2026-07-18 17:31:51,27,89,89,1.936,3.816,0,High
2026-07-18 17:40:12,27,89,89,1.936,3.751,0,High
2026-07-18 17:43:28,25,87,87,1.936,3.751,1,High
2026-07-18 17:50:11,26,88,88,1.936,3.751,0,High
2026-07-18 18:00:19,25,86,86,1.936,3.751,0,High
2026-07-18 18:10:15,27,96,88,1.936,3.817,0,High
2026-07-18 18:20:16,25,93,93,1.936,3.889,0,High
2026-07-18 18:31:57,24,79,79,1.936,3.783,0,High
2026-07-18 18:40:15,24,79,79,1.936,3.783,0,High
2026-07-18 18:50:11,24,80,80,1.936,3.816,0,High
2026-07-18 19:00:15,25,74,74,1.936,3.751,0,High
2026-07-18 19:10:11,23,70,70,1.936,3.751,0,High
2026-07-18 19:20:13,26,74,74,1.936,3.751,0,High
2026-07-18 19:30:13,25,73,73,1.936,3.751,0,High
2026-07-18 19:40:13,26,78,78,1.936,3.855,0,High
2026-07-18 19:50:11,26,80,80,1.936,3.83,0,High
2026-07-18 20:01:47,26,79,79,1.936,3.783,0,High
2026-07-18 20:10:14,25,77,77,1.936,3.817,0,High
2026-07-18 20:20:14,24,74,74,1.936,3.784,0,High
2026-07-18 20:27:21,24,75,75,1.936,3.816,0,High
2026-07-18 20:31:50,24,79,79,1.936,3.853,0,High
2026-07-18 20:40:13,24,81,81,1.936,3.853,0,High
2026-07-18 20:51:48,25,84,84,1.936,3.817,0,High
2026-07-18 21:00:24,23,67,67,1.936,3.816,0,High
2026-07-18 21:10:14,23,68,68,1.936,3.816,0,High
2026-07-18 21:20:13,22,65,65,1.936,3.784,0,High
2026-07-18 21:31:43,22,65,65,1.936,3.751,0,High
2026-07-18 21:40:16,22,65,65,1.936,3.751,1,Low
2026-07-18 21:50:13,21,61,61,1.938,3.751,0,Low
2026-07-18 22:00:19,20,59,59,1.936,3.816,0,Low
2026-07-18 22:10:13,20,58,58,1.936,3.751,0,Low
2026-07-18 22:20:11,19,59,59,1.936,3.751,0,Low
2026-07-18 22:31:44,20,64,64,1.936,3.816,0,High
2026-07-18 22:41:33,19,62,62,1.936,3.816,0,High
2026-07-18 22:50:16,17,60,60,1.936,3.817,0,High
2026-07-18 23:00:17,19,62,62,1.936,3.817,0,High
2026-07-18 23:11:42,18,61,61,1.936,3.816,0,High
2026-07-18 23:20:48,22,76,76,1.936,3.853,0,High
2026-07-18 23:31:56,22,75,75,1.936,3.853,0,High
2026-07-18 23:36:43,21,74,74,1.936,3.817,0,High
2026-07-18 23:40:15,22,76,76,1.936,3.853,0,High
2026-07-18 23:50:13,20,73,73,1.936,3.853,0,High
2026-07-19 00:00:20,17,64,64,1.936,3.817,0,High
2026-07-19 00:10:12,20,66,66,1.936,3.853,0,High
2026-07-19 00:20:12,20,67,67,1.936,3.853,0,High
2026-07-19 00:30:20,18,58,58,1.936,3.784,0,High
2026-07-19 00:40:13,17,55,55,1.936,3.817,0,High
2026-07-19 00:50:14,16,50,50,1.936,3.784,0,High
2026-07-19 01:02:01,15,49,47,1.936,3.817,0,High
2026-07-19 01:10:15,15,49,47,1.936,3.817,0,High
2026-07-19 01:20:17,19,73,63,1.936,3.864,0,High
2026-07-19 01:30:14,18,72,62,1.936,3.909,0,High
2026-07-19 01:40:11,18,72,62,1.936,3.909,0,High
2026-07-19 01:50:14,20,77,67,1.936,3.909,0,High
2026-07-19 02:00:20,22,80,69,1.936,3.909,0,High
2026-07-19 02:10:17,21,72,70,1.936,3.817,0,High
2026-07-19 02:20:11,16,60,60,1.936,3.909,0,High
2026-07-19 02:30:16,17,61,61,1.936,3.817,0,High
2026-07-19 02:40:12,19,62,62,1.936,3.751,0,High
2026-07-19 02:50:11,18,60,60,1.936,3.762,0,High
2026-07-19 03:00:20,18,60,60,1.936,3.728,0,High
2026-07-19 03:11:39,19,62,62,1.936,3.751,0,High
2026-07-19 03:21:15,20,64,64,1.936,3.784,0,High
2026-07-19 03:30:14,19,61,59,1.936,3.817,1,High
2026-07-19 03:40:13,19,61,61,1.936,3.817,0,High
2026-07-19 03:50:13,19,61,61,1.936,3.751,0,High
2026-07-19 04:02:23,18,60,60,1.936,3.909,0,High
2026-07-19 04:10:15,18,53,51,1.936,3.909,0,High
2026-07-19 04:22:40,17,52,52,1.936,4.001,0,High
2026-07-19 04:30:18,16,44,42,1.936,4.007,0,High
2026-07-19 04:40:13,17,52,50,1.936,4.001,0,High
2026-07-19 04:50:13,16,51,49,1.936,3.909,0,High
2026-07-19 05:02:06,17,55,55,1.936,4.001,0,High
2026-07-19 05:10:20,14,40,40,1.936,4.007,0,High
2026-07-19 05:23:54,15,37,37,1.936,3.89,1,High
2026-07-19 05:33:47,15,37,37,1.936,3.89,1,High
2026-07-19 05:42:21,16,39,39,1.936,3.854,1,High
2026-07-19 05:50:11,17,47,47,1.936,3.89,0,High
2026-07-19 06:00:22,17,47,47,1.936,4.001,0,High
2026-07-19 06:11:43,17,55,55,1.936,4.014,1,High
2026-07-19 06:20:13,18,63,63,1.936,4.014,0,High
2026-07-19 06:30:16,17,62,62,1.936,4.015,0,High
2026-07-19 06:40:11,18,62,62,1.936,4.008,0,High
2026-07-19 06:50:15,19,61,61,1.936,4.014,1,High
2026-07-19 07:00:15,18,58,58,1.936,3.99,0,High
2026-07-19 07:10:13,19,59,59,1.936,4.014,0,High
2026-07-19 07:20:14,17,59,59,1.936,4.014,0,High
2026-07-19 07:30:16,17,59,59,1.936,4.014,0,High
2026-07-19 07:41:29,19,68,68,1.936,4.014,0,High
2026-07-19 07:48:34,18,66,66,1.936,4.014,0,High
2026-07-19 07:50:13,17,65,65,1.936,4.014,1,High
2026-07-19 08:02:17,17,62,62,1.936,4.014,0,High
2026-07-19 08:10:13,18,63,63,1.936,4.007,0,High
2026-07-19 08:20:15,19,66,66,1.936,4.015,0,High
2026-07-19 08:30:12,19,69,69,1.936,4.015,0,High
2026-07-19 08:40:13,19,71,71,1.936,4.015,0,High
2026-07-19 08:50:13,21,85,85,1.936,4.015,0,High
2026-07-19 09:00:19,21,87,87,1.936,4.014,0,High
2026-07-19 09:10:14,20,80,80,1.936,4.014,0,High
2026-07-19 09:20:11,20,75,75,1.936,4.014,0,High
2026-07-19 09:30:15,19,66,66,1.936,4.014,0,High
2026-07-19 09:42:09,21,75,63,1.936,4.014,0,High
2026-07-19 09:50:13,21,78,70,1.936,4.014,0,High
2026-07-19 10:02:03,21,78,74,1.936,4.001,0,High
2026-07-19 10:10:16,22,78,78,1.936,4.008,0,High
2026-07-19 10:20:11,20,78,78,1.936,4.007,0,High
2026-07-19 10:30:15,23,86,86,1.936,4.001,0,High
2026-07-19 10:40:11,24,87,83,1.936,4.007,0,High
2026-07-19 10:50:13,22,84,72,1.936,4.007,0,High
2026-07-19 11:00:19,23,83,75,1.936,4.001,0,High
2026-07-19 11:10:14,21,75,67,1.936,4.014,0,High
2026-07-19 11:20:19,23,75,67,1.936,4.014,0,High
2026-07-19 11:30:15,25,86,78,1.936,4.014,0,High
2026-07-19 11:39:20,24,84,76,1.936,4.014,0,High
2026-07-19 11:40:12,24,84,76,1.936,4.014,0,High
2026-07-19 11:50:11,23,80,72,1.936,4.014,1,Low
2026-07-19 12:00:20,25,88,80,1.936,4.001,1,Low
2026-07-19 12:10:12,25,88,80,1.936,3.948,0,Low
2026-07-19 12:20:11,23,84,76,1.936,4.001,0,Low
2026-07-19 12:31:48,24,90,82,1.936,4.007,0,Low
2026-07-19 12:40:14,24,87,79,1.936,4.007,0,Low
2026-07-19 12:50:13,23,85,77,1.936,4.001,0,Low
2026-07-19 13:00:20,23,85,77,1.936,4.014,0,Low
2026-07-19 13:10:14,25,88,80,1.936,4.001,0,Low
2026-07-19 13:20:15,22,79,71,1.936,3.954,0,High
2026-07-19 13:30:15,20,76,68,1.936,4.007,0,High
2026-07-19 13:40:14,22,79,71,1.936,4.007,0,High
2026-07-19 13:50:14,21,79,70,1.936,4.014,0,High
2026-07-19 14:02:03,25,86,78,1.936,4.014,0,High
2026-07-19 14:11:29,23,86,78,1.936,4.014,0,Low
2026-07-19 14:20:11,22,83,75,1.936,4.014,0,Low
2026-07-19 14:30:14,22,77,69,1.936,4.047,0,High
2026-07-19 14:40:12,21,67,59,1.936,4.015,0,High
2026-07-19 14:44:33,21,68,60,1.936,4.015,0,High
2026-07-19 14:50:13,21,68,60,1.936,4.014,0,High
2026-07-19 15:00:16,21,61,53,1.936,4.014,0,High
2026-07-19 15:10:15,22,70,62,1.936,4.014,0,High
2026-07-19 15:20:13,21,62,54,1.936,4.014,0,High
2026-07-19 15:31:49,21,67,59,1.936,4.014,0,Low
2026-07-19 15:40:13,21,68,60,1.936,4.014,0,Low
2026-07-19 15:50:15,21,62,54,1.936,4.014,0,Low
2026-07-19 16:00:19,22,64,56,1.936,4.014,0,High
2026-07-19 16:10:16,20,59,51,1.936,3.947,0,High
2026-07-19 16:20:14,19,61,53,1.936,4.001,0,High
2026-07-19 16:30:13,19,61,53,1.936,3.998,0,High
2026-07-19 16:40:12,21,65,57,1.936,3.893,0,High
2026-07-19 16:50:13,22,75,67,1.936,3.891,0,Low
2026-07-19 17:00:15,22,75,67,1.936,3.945,0,High
2026-07-19 17:10:11,21,74,66,1.936,4.001,0,High
2026-07-19 17:20:12,22,70,62,1.936,3.968,0,High
2026-07-19 17:30:14,23,80,72,1.936,4.001,0,High
2026-07-19 17:40:12,23,80,72,1.936,3.948,0,High
2026-07-19 17:50:13,25,85,77,1.936,3.948,0,High
2026-07-19 18:00:17,23,82,74,1.936,4.001,0,High
2026-07-19 18:06:59,24,89,81,1.938,4.014,0,High
2026-07-19 18:10:13,24,83,75,1.936,4.014,0,Low
2026-07-19 18:20:13,24,83,75,1.936,4.014,0,High
2026-07-19 18:31:53,24,81,73,1.936,4.014,0,High
2026-07-19 18:40:15,24,82,74,1.936,4.014,0,Low
2026-07-19 18:50:26,24,84,84,1.936,4.014,0,Low
2026-07-19 18:54:08,24,82,82,1.936,4.014,0,Low
2026-07-19 19:00:20,24,82,82,1.936,4.014,1,Low
2026-07-19 19:10:14,23,80,80,1.936,4.014,0,Low
2026-07-19 19:20:14,24,91,83,1.936,4.014,0,Low
2026-07-19 19:30:17,24,85,77,1.936,4.014,0,Low
2026-07-19 19:40:14,23,84,84,1.936,4.014,0,Low
2026-07-19 19:50:21,24,85,85,1.936,4.014,0,Low
2026-07-19 20:00:19,22,82,82,1.936,4.007,0,Low
2026-07-19 20:10:16,23,81,81,1.936,4.014,0,Low
2026-07-19 20:20:11,23,81,81,1.936,4.014,0,High
2026-07-19 20:30:13,23,81,81,1.936,4.001,0,Low
2026-07-19 20:34:06,24,82,82,1.936,4.014,0,Low
2026-07-19 20:41:44,21,71,71,1.936,4.014,0,Low
2026-07-19 20:50:14,21,68,68,1.938,4.014,0,Low
2026-07-19 21:01:53,21,70,70,1.936,4.014,0,Low
2026-07-19 21:10:13,21,70,70,1.936,4.014,0,Low
2026-07-19 21:20:13,24,75,75,1.936,4.014,0,Low
2026-07-19 21:31:53,24,74,74,1.936,4.014,0,Low
2026-07-19 21:40:12,23,72,72,1.936,4.014,0,Low
2026-07-19 21:50:11,23,74,74,1.936,4.001,0,Low
2026-07-19 22:00:15,25,80,80,1.936,4.014,0,Low
2026-07-19 22:10:12,24,72,72,1.936,4.007,0,Low
2026-07-19 22:20:15,22,68,68,1.936,4.014,0,Low
2026-07-19 22:30:15,22,71,71,1.936,4.001,0,Low
2026-07-19 22:40:37,19,64,64,1.936,4.001,0,Low
2026-07-19 22:50:10,19,60,60,1.936,4.001,0,Low
2026-07-19 23:01:53,19,60,60,1.936,4.001,0,High
2026-07-19 23:10:12,19,60,60,1.936,4.001,0,High
2026-07-19 23:20:16,19,61,61,1.936,4.001,0,High
2026-07-19 23:30:19,21,63,63,1.936,4.001,0,High
2026-07-19 23:40:12,20,65,65,1.936,4.001,0,High
2026-07-19 23:42:16,21,68,68,1.936,4.014,0,High
2026-07-19 23:50:13,22,69,69,1.936,4.007,0,Low
2026-07-20 00:00:19,21,73,73,1.936,4.014,0,Low
2026-07-20 01:10:19,20,67,67,1.936,4.007,0,Low
2026-07-20 01:30:16,19,65,65,1.936,4.014,0,Low
2026-07-20 01:40:22,22,69,69,1.936,4.014,0,Low
2026-07-20 01:50:17,24,75,75,1.936,4.014,0,Low
2026-07-20 02:00:23,23,73,73,1.936,4.014,0,Low
2026-07-20 02:08:49,24,73,73,1.936,4.014,0,Low
2026-07-20 02:10:15,24,75,75,1.936,4.014,0,Low
2026-07-20 02:20:12,26,74,74,1.936,4.014,0,Low
2026-07-20 02:30:13,24,74,74,1.936,4.014,0,Low
2026-07-20 02:40:11,25,74,74,1.936,4.001,0,Low
2026-07-20 02:50:16,24,72,72,1.936,4.007,0,Low
2026-07-20 03:00:20,24,74,74,1.936,4.007,0,Low
2026-07-20 03:10:13,23,71,71,1.936,4.001,0,High
2026-07-20 03:20:15,23,72,72,1.936,4.001,0,High
2026-07-20 03:30:13,23,70,70,1.936,4.014,0,High
2026-07-20 03:40:16,24,72,72,1.936,4.001,0,High
2026-07-20 03:50:13,25,74,74,1.936,4.001,0,High
2026-07-20 04:00:18,25,77,77,1.936,4.014,0,Low
2026-07-20 04:10:11,22,72,72,1.936,4.007,0,Low
2026-07-20 04:21:38,22,72,72,1.936,4.014,0,Low
2026-07-20 04:33:13,24,77,77,1.936,4.014,0,Low
2026-07-20 04:40:13,22,73,73,1.936,4.014,0,Low
2026-07-20 04:50:12,24,77,77,1.936,4.007,0,Low
2026-07-20 05:00:20,25,78,78,1.936,4.014,0,Low
2026-07-20 05:10:12,22,73,73,1.936,4.007,0,Low
2026-07-20 05:20:11,24,77,77,1.936,4.007,0,Low
2026-07-20 05:30:18,26,79,79,1.936,4.014,0,High
2026-07-20 05:47:34,24,75,75,1.936,4.007,0,High
2026-07-20 05:50:16,24,74,73,1.936,4.014,0,High
2026-07-20 06:00:18,24,72,72,1.936,4.007,0,Low
2026-07-20 06:11:59,22,64,64,1.936,4.014,0,Low
2026-07-20 06:20:13,21,63,63,1.936,4.001,0,Low
2026-07-20 06:30:18,22,70,70,1.936,4.008,0,Low
2026-07-20 06:40:16,21,68,68,1.936,4.014,0,Low
2026-07-20 06:50:11,18,64,64,1.936,4.008,0,Low
2026-07-20 07:00:21,21,68,68,1.936,4.014,0,Low
2026-07-20 07:10:12,21,67,67,1.936,4.015,0,Low
2026-07-20 07:20:11,21,67,67,1.936,4.015,0,Low
2026-07-20 07:30:15,20,64,64,1.936,4.014,0,Low
2026-07-20 07:40:13,17,53,53,1.936,3.961,0,Low
2026-07-20 07:50:12,16,52,52,1.936,3.954,0,Low
2026-07-20 08:00:21,17,54,54,1.936,3.961,0,Low
2026-07-20 08:10:14,19,56,56,1.936,3.961,0,Low
2026-07-20 08:20:12,17,52,52,1.936,3.948,0,Low
2026-07-20 08:30:19,18,53,52,1.936,3.988,0,Low
2026-07-20 08:40:14,17,51,51,1.936,3.961,0,Low
2026-07-20 08:50:15,17,51,51,1.936,4.015,0,Low
2026-07-20 09:00:19,18,52,52,1.936,3.988,0,Low
2026-07-20 09:10:12,19,53,53,1.936,4.015,0,Low
2026-07-20 09:20:16,19,50,50,1.936,3.961,0,Low
2026-07-20 09:30:14,18,50,50,1.936,3.988,0,Low
2026-07-20 09:40:19,18,57,57,1.936,3.988,0,Low
2026-07-20 09:50:14,17,55,55,1.936,3.961,0,High
2026-07-20 10:00:22,19,57,57,1.936,4.014,0,High
2026-07-20 10:10:14,20,59,59,1.936,3.987,0,High
2026-07-20 10:20:13,21,73,73,1.936,4.015,0,Low
2026-07-20 10:30:18,22,82,82,1.936,4.046,0,Low
2026-07-20 10:40:11,21,81,81,1.936,4.015,0,Low
2026-07-20 10:50:14,22,83,83,1.936,3.988,0,Low
2026-07-20 11:00:21,22,83,83,1.936,4.008,0,Low
2026-07-20 11:10:12,20,81,81,1.936,3.981,0,Low
2026-07-20 11:20:14,23,88,88,1.936,3.961,0,High
2026-07-20 11:30:16,26,91,91,1.936,3.954,0,High
2026-07-20 11:40:13,26,92,92,1.936,3.981,0,High
2026-07-20 11:50:13,27,95,95,1.936,4.001,0,High
2026-07-20 12:00:20,26,91,91,1.936,3.988,0,High
2026-07-20 12:10:15,24,81,81,1.936,3.987,0,High
2026-07-20 12:20:17,24,83,83,1.936,3.954,0,Medium
2026-07-20 12:30:17,22,72,72,1.936,3.954,0,High
2026-07-20 12:40:14,22,72,72,1.936,3.987,0,High
2026-07-20 12:50:13,21,67,67,1.936,3.961,0,High
2026-07-20 13:00:26,23,72,72,1.936,4.015,0,High
2026-07-20 13:10:13,23,72,72,1.936,4.015,0,Low
2026-07-20 13:20:16,22,68,68,1.936,4.008,0,Low
2026-07-20 13:30:16,24,71,71,1.936,4.008,0,Low
2026-07-20 13:40:15,24,71,71,1.936,4.008,0,Low
2026-07-20 13:50:17,20,59,59,1.936,4.008,0,Low
2026-07-20 14:00:22,23,66,66,1.936,4.015,0,Medium
2026-07-20 14:10:18,21,64,64,1.936,4.014,0,Medium
2026-07-20 14:20:15,20,55,55,1.936,4.008,1,Medium
2026-07-20 14:30:19,21,68,67,1.936,4.015,0,High
2026-07-20 14:40:12,17,51,51,1.936,4.014,0,High
2026-07-20 14:50:15,19,54,54,1.936,4.014,0,Low
2026-07-20 15:00:25,19,53,53,1.936,4.015,0,Low
2026-07-20 15:10:14,17,51,51,1.936,4.001,0,Low
2026-07-20 15:20:18,19,53,53,1.936,4.015,0,Low
2026-07-20 15:30:16,16,47,45,1.938,3.981,0,Low
2026-07-20 15:40:18,18,48,45,1.936,3.843,0,Medium
2026-07-20 15:50:16,19,50,50,1.936,3.685,0,Medium
2026-07-20 16:00:22,19,50,50,1.936,4.001,0,High
2026-07-20 16:10:16,17,47,47,1.936,3.685,0,High
2026-07-20 16:16:14,16,46,46,1.936,3.586,0,High
2026-07-20 16:20:14,17,48,48,1.936,3.685,0,High
2026-07-20 16:30:16,18,50,50,1.936,3.843,0,High
2026-07-20 16:40:12,18,49,49,1.936,3.843,0,High
2026-07-20 16:50:12,21,60,57,1.936,4.015,0,Low
2026-07-20 17:00:25,20,61,61,1.936,3.981,0,Low
2026-07-20 17:10:16,19,57,56,1.936,4.015,0,Low
2026-07-20 17:20:12,16,54,54,1.936,3.882,0,Low
2026-07-20 17:30:14,17,54,54,1.936,3.685,0,High
2026-07-20 17:40:15,20,55,53,1.936,3.989,0,High
2026-07-20 17:50:14,20,55,55,1.936,3.941,0,High
2026-07-20 18:00:30,21,50,48,1.936,3.953,0,High
2026-07-20 18:10:13,18,47,47,1.936,3.644,0,High
2026-07-20 18:20:14,21,73,65,1.936,3.935,0,High
2026-07-20 18:30:14,23,75,67,1.936,3.948,0,High
2026-07-20 18:40:14,23,82,74,1.936,3.953,0,Medium
2026-07-20 18:50:15,26,92,84,1.936,3.949,0,Medium
2026-07-20 19:00:21,24,86,78,1.936,3.95,0,High
2026-07-20 19:10:15,22,78,70,1.936,3.921,0,Medium
2026-07-20 19:20:12,24,82,74,1.936,3.948,0,Medium
2026-07-20 19:30:15,25,95,87,1.936,3.953,0,Medium
2026-07-20 19:40:15,24,87,79,1.936,3.949,0,Medium
2026-07-20 19:50:17,24,87,79,1.936,3.95,0,Medium
2026-07-20 20:00:26,23,86,78,1.936,3.979,0,Medium
2026-07-20 20:10:17,25,88,80,1.936,4.014,0,Medium
2026-07-20 20:20:14,25,89,81,1.936,3.979,0,Medium
2026-07-20 20:30:21,26,94,86,1.936,3.997,0,Medium
2026-07-20 20:40:13,25,99,91,1.936,4.015,0,Medium
2026-07-20 20:50:13,26,101,97,1.936,3.999,0,Medium
2026-07-20 20:51:16,24,99,99,1.936,3.965,0,Medium
2026-07-20 21:00:23,26,100,100,1.936,3.979,0,Medium
2026-07-20 21:10:14,25,95,91,1.936,4.004,0,Medium
2026-07-20 21:20:12,26,96,92,1.936,3.994,0,Medium
2026-07-20 21:30:17,23,70,66,1.936,3.948,0,Medium
2026-07-20 21:40:11,22,67,61,1.936,3.979,0,Medium
2026-07-20 21:50:14,19,60,60,1.936,3.784,0,Medium
2026-07-20 22:00:19,23,79,75,1.936,3.953,0,Medium
2026-07-20 22:10:16,22,71,70,1.936,3.945,0,Medium
2026-07-20 22:20:14,22,80,76,1.936,3.941,0,Medium
2026-07-20 22:30:17,22,80,80,1.936,3.941,0,Medium
2026-07-20 22:40:11,22,79,79,1.936,3.916,0,Medium
2026-07-20 22:50:13,23,81,81,1.936,3.948,0,Medium
2026-07-20 23:00:17,22,73,69,2.8,3.964,0,Medium
2026-07-20 23:10:15,23,74,66,2.8,3.983,0,Medium
2026-07-20 23:20:16,23,76,64,1.936,3.935,0,High
2026-07-20 23:30:20,24,80,72,1.936,3.941,0,High
2026-07-20 23:40:11,23,76,68,2.8,3.935,0,High
2026-07-20 23:50:22,25,79,71,2.8,3.935,0,High
2026-07-21 00:00:19,24,80,72,2.8,3.941,0,High
2026-07-21 00:10:16,26,91,83,2.8,3.995,0,High
2026-07-21 00:15:33,26,93,85,1.936,3.964,0,High
2026-07-21 00:20:11,25,91,83,1.936,3.948,0,High
2026-07-21 00:30:16,26,99,91,1.936,3.956,0,High
2026-07-21 00:40:21,25,98,90,1.936,3.98,0,High
2026-07-21 00:50:15,25,92,92,1.936,3.953,0,High
2026-07-21 01:00:19,26,93,93,1.936,3.958,0,High
2026-07-21 01:10:11,25,91,91,1.936,3.921,0,High
2026-07-21 01:20:15,27,107,91,1.936,3.896,0,High
2026-07-21 01:30:17,27,101,81,1.936,3.935,0,High
2026-07-21 01:40:19,27,100,84,1.936,3.896,0,High
2026-07-21 01:50:11,26,100,84,1.936,3.916,0,High
2026-07-21 02:00:22,28,102,86,1.936,3.916,0,High
2026-07-21 02:10:17,26,103,87,1.936,3.994,0,High
2026-07-21 02:20:15,26,100,92,1.936,3.97,0,Medium
2026-07-21 02:30:20,26,101,93,1.936,3.977,0,Medium
2026-07-21 02:40:13,27,109,101,1.936,3.983,0,Medium
2026-07-21 02:50:14,29,121,113,1.936,3.98,0,Medium
2026-07-21 03:00:23,28,119,107,1.936,3.959,1,Medium
2026-07-21 03:10:15,28,113,101,1.936,3.997,0,High
2026-07-21 03:20:13,29,115,103,1.936,4.008,0,High
2026-07-21 03:30:16,28,117,105,1.936,3.997,0,High
2026-07-21 03:40:11,29,122,114,1.936,3.98,0,High
2026-07-21 03:50:11,31,129,117,1.936,4.008,0,High
2026-07-21 04:00:21,29,127,119,1.936,4.005,0,High
2026-07-21 04:10:12,32,128,116,1.936,4.01,0,High
2026-07-21 04:20:18,30,121,113,1.936,4.009,0,High
2026-07-21 04:30:13,30,121,109,1.936,3.935,0,High
2026-07-21 04:40:13,28,109,97,1.936,3.935,0,Medium
2026-07-21 04:50:12,30,121,109,1.936,3.971,0,Medium
2026-07-21 05:00:20,30,113,105,1.936,3.935,0,Medium
2026-07-21 05:10:12,27,107,99,1.936,4.005,0,Medium
2026-07-21 05:20:13,29,111,103,1.936,3.935,0,High
2026-07-21 05:30:13,28,104,96,1.936,3.935,0,High
2026-07-21 05:40:13,28,111,103,1.936,3.935,0,Medium
2026-07-21 05:50:11,30,112,98,1.936,3.942,0,Medium
2026-07-21 06:00:20,23,99,91,1.936,3.936,0,Medium
2026-07-21 06:10:12,25,111,97,1.936,3.948,0,High
2026-07-21 06:20:16,25,108,93,1.936,3.948,0,Medium
2026-07-21 06:30:20,25,107,95,1.936,3.936,0,High
2026-07-21 06:40:13,24,107,93,1.936,3.948,0,Medium
2026-07-21 06:50:16,26,112,98,1.936,3.942,0,Medium
2026-07-21 07:00:22,26,111,97,1.936,3.942,0,High
2026-07-21 07:10:14,24,94,80,1.936,3.987,0,High
2026-07-21 07:20:13,23,95,81,1.936,3.961,0,Medium
2026-07-21 07:30:17,21,91,79,1.936,3.948,0,High
2026-07-21 07:40:17,23,98,84,1.936,3.948,0,Medium
2026-07-21 07:50:14,22,89,75,2.801,3.954,0,High
2026-07-21 08:00:21,22,87,75,1.936,3.987,0,Medium
2026-07-21 08:10:12,25,91,77,1.936,3.961,0,Medium
2026-07-21 08:20:12,24,90,78,1.936,3.987,0,Medium
2026-07-21 08:30:14,22,84,72,1.936,3.919,0,Medium
2026-07-21 08:40:13,22,85,73,1.936,3.954,0,Medium
2026-07-21 08:50:15,19,82,70,1.936,3.961,0,Medium
2026-07-21 09:00:24,22,86,74,1.936,3.987,0,Medium
2026-07-21 09:10:13,21,78,66,1.936,4.014,0,Medium
2026-07-21 09:20:15,20,82,78,1.936,3.987,0,Medium
2026-07-21 09:30:17,22,87,83,1.936,4.037,0,Medium
2026-07-21 09:40:12,21,84,80,1.936,4.014,0,Medium
2026-07-21 09:50:16,22,86,82,1.936,3.954,1,Medium
2026-07-21 10:00:26,24,81,77,1.936,3.942,0,Medium
2026-07-21 10:10:13,24,82,78,1.936,3.987,1,Medium
2026-07-21 10:20:12,23,78,74,1.936,3.935,0,Medium
2026-07-21 10:30:16,23,77,73,1.936,3.936,0,Medium
2026-07-21 10:40:13,24,77,73,1.936,3.942,0,Medium
2026-07-21 10:50:12,23,76,76,1.936,3.816,0,Medium
2026-07-21 11:00:21,23,76,76,1.936,3.936,0,Medium
2026-07-21 11:10:11,22,75,75,1.936,3.876,0,Medium
2026-07-21 11:20:13,23,76,76,1.936,3.936,0,Medium
2026-07-21 11:30:19,24,77,77,1.936,3.936,0,Medium
2026-07-21 11:40:13,26,80,80,1.936,3.935,0,Medium
2026-07-21 11:50:12,24,79,79,1.936,3.935,0,Medium
2026-07-21 12:00:20,21,74,74,1.936,3.935,0,Medium
2026-07-21 12:10:13,22,75,71,1.936,3.876,0,Medium
2026-07-21 12:20:13,20,69,65,1.936,3.975,0,Medium
2026-07-21 12:30:19,18,60,56,1.936,3.975,0,Medium
2026-07-21 12:40:16,18,66,54,1.936,3.748,0,Medium
2026-07-21 12:50:14,18,65,65,1.936,3.748,0,Medium
2026-07-21 13:00:27,18,63,63,1.936,3.709,0,Medium
2026-07-21 13:10:18,19,67,67,1.936,3.936,0,Medium
2026-07-21 13:20:21,18,58,58,1.936,3.709,0,Medium
2026-07-21 13:30:17,16,55,55,1.936,3.709,0,High
2026-07-21 13:40:16,20,69,69,1.936,3.935,0,High
2026-07-21 13:50:14,21,74,70,1.936,3.936,0,Medium
2026-07-21 14:00:22,20,69,69,1.936,3.935,0,High
2026-07-21 14:10:17,18,65,65,1.936,3.974,0,Medium
2026-07-21 14:20:16,20,84,84,1.936,4.036,0,Medium
2026-07-21 14:30:20,19,79,79,1.936,4.059,0,Medium
2026-07-21 14:40:13,16,66,66,1.936,3.937,0,Medium
2026-07-21 14:50:18,15,66,66,1.936,3.816,0,Medium
2026-07-21 15:00:27,15,65,65,1.936,3.816,0,Medium
2026-07-21 15:10:13,15,58,58,1.936,3.482,0,Medium
2026-07-21 15:20:13,14,57,57,1.936,3.408,0,Medium
2026-07-21 15:30:18,17,61,61,1.936,3.816,0,Medium
2026-07-21 15:40:13,18,69,68,1.936,3.875,0,Low
2026-07-21 15:50:13,18,73,73,1.936,3.875,0,Low
2026-07-21 15:55:42,18,69,69,1.936,3.875,0,Medium
2026-07-21 16:00:21,19,69,69,1.936,3.935,0,Medium
2026-07-21 16:10:18,20,74,74,1.936,3.935,0,Medium
2026-07-21 16:20:13,20,77,77,1.936,3.935,0,Medium
2026-07-21 16:30:19,20,68,68,2.801,3.935,0,Medium
2026-07-21 16:40:15,23,83,83,2.801,3.936,0,Medium
2026-07-21 16:50:11,24,86,86,2.801,4.007,0,Medium
2026-07-21 17:00:22,23,81,81,2.801,3.935,0,Medium
2026-07-21 17:10:14,22,82,82,2.801,4.008,0,Medium
2026-07-21 17:20:16,22,75,75,2.801,4.008,0,Medium
2026-07-21 17:30:20,20,63,63,2.801,3.876,0,Medium
2026-07-21 17:40:15,21,65,65,2.801,3.935,0,Medium
2026-07-21 17:50:13,22,79,79,2.801,4.007,0,Medium
2026-07-21 18:00:21,22,74,74,2.801,3.936,0,Medium
2026-07-21 18:10:13,21,75,75,2.801,3.936,0,Medium
2026-07-21 18:20:13,21,75,75,2.801,3.936,0,Medium
2026-07-21 18:30:20,21,75,75,2.801,3.935,0,Medium
2026-07-21 18:40:14,22,77,77,2.801,3.875,0,Medium
2026-07-21 18:50:16,22,77,77,2.801,3.875,0,Medium
2026-07-21 19:00:23,20,68,68,2.801,3.875,0,Medium
2026-07-21 19:10:15,21,77,77,2.801,3.935,0,Medium
2026-07-21 19:20:16,22,79,79,2.801,3.918,0,Medium
2026-07-21 19:30:19,21,80,80,2.801,3.819,0,Medium
2026-07-21 19:40:15,21,79,79,2.801,3.816,0,Medium
2026-07-21 19:50:16,22,82,82,2.801,3.875,0,Medium
2026-07-21 20:00:24,23,86,86,2.801,3.817,0,Medium
2026-07-21 20:10:15,22,81,81,2.8,3.935,0,Low
2026-07-21 20:20:16,22,78,78,2.801,3.935,0,Low
2026-07-21 20:30:23,21,80,80,2.801,3.923,0,Low
2026-07-21 20:39:31,22,81,81,2.801,3.889,0,Low
2026-07-21 20:40:14,23,83,83,2.801,3.843,0,Low
2026-07-21 20:50:13,21,80,80,2.801,3.784,0,Low
2026-07-21 21:00:29,22,86,86,2.801,3.751,0,Low
2026-07-21 21:10:15,24,84,82,2.801,3.751,0,Low
2026-07-21 21:20:14,24,86,82,2.801,3.875,0,Low
2026-07-21 21:30:17,23,79,75,2.801,3.935,0,Low
2026-07-21 21:40:14,23,80,76,2.801,3.935,0,Low
2026-07-21 21:50:15,24,87,83,2.801,3.875,0,Low
2026-07-21 22:00:19,26,90,85,2.801,3.876,0,Low
2026-07-21 22:10:11,24,83,77,2.753,3.816,0,Medium
2026-07-21 22:20:12,25,83,78,2.801,3.817,0,Medium
2026-07-21 22:30:20,26,84,78,2.801,3.935,0,Medium
2026-07-21 22:40:14,25,81,76,2.801,3.935,0,Medium
2026-07-21 22:50:12,25,84,80,2.801,3.935,0,Medium
2026-07-21 23:00:23,26,87,87,2.801,3.935,0,Medium
2026-07-21 23:10:11,25,100,100,2.801,3.935,0,Medium
2026-07-21 23:20:13,25,93,93,2.801,3.935,0,Medium
2026-07-21 23:30:16,23,92,92,2.801,3.935,0,Medium
2026-07-21 23:40:15,25,92,92,2.801,3.935,0,Medium
2026-07-21 23:43:58,27,98,98,2.801,3.935,0,Medium
2026-07-21 23:50:12,25,93,93,2.801,3.935,0,Low
2026-07-22 00:00:19,24,87,86,2.801,3.935,0,Low
2026-07-22 00:10:12,25,87,87,2.801,3.936,0,Low
2026-07-22 00:20:14,23,84,84,2.801,3.935,0,Low
2026-07-22 00:30:18,23,78,78,2.801,3.935,0,Low
2026-07-22 00:40:20,25,90,90,2.801,3.935,0,Low
2026-07-22 00:50:11,25,96,92,2.801,3.936,0,Low
2026-07-22 01:00:20,23,89,89,2.801,3.935,0,Low
2026-07-22 01:10:13,24,90,90,2.801,3.935,0,Low
2026-07-22 01:20:19,25,93,93,2.801,3.935,0,Low
2026-07-22 01:30:14,23,91,87,2.801,3.935,0,Low
2026-07-22 01:40:17,23,86,86,2.801,3.935,0,Low
2026-07-22 01:50:14,24,91,87,2.801,3.935,0,Medium
2026-07-22 02:00:19,28,95,91,2.801,3.935,0,Medium
2026-07-22 02:10:12,27,99,95,2.801,3.935,0,Medium
2026-07-22 02:20:11,27,98,94,2.801,3.935,1,Medium
2026-07-22 02:30:14,26,99,95,2.801,3.935,0,Medium
2026-07-22 02:40:11,25,92,86,2.801,3.935,0,Medium
2026-07-22 02:50:13,26,94,88,2.801,3.935,0,Medium
2026-07-22 03:00:19,26,93,87,2.801,3.935,0,Medium
2026-07-22 03:10:13,27,99,95,2.801,3.935,0,Low
2026-07-22 03:20:15,26,97,93,2.801,3.935,0,Low
2026-07-22 03:30:15,28,102,98,2.801,3.941,0,Medium
2026-07-22 03:40:13,28,105,105,2.801,3.955,0,Medium
2026-07-22 03:50:12,30,105,101,2.801,3.976,0,Medium
2026-07-22 04:00:20,28,99,99,2.801,3.976,1,Medium
2026-07-22 04:10:17,29,107,103,2.801,3.948,0,Low
2026-07-22 04:20:13,30,108,104,2.801,3.955,0,Low
2026-07-22 04:30:19,30,106,106,2.801,3.942,0,Low
2026-07-22 04:40:11,30,105,101,2.801,3.955,0,Medium
2026-07-22 04:50:14,29,107,107,2.801,3.948,1,Medium
2026-07-22 05:00:20,27,103,103,2.801,3.948,0,Medium
2026-07-22 05:10:13,27,97,96,2.801,3.962,0,Medium
2026-07-22 05:20:15,28,100,100,2.61,3.954,0,Medium
2026-07-22 05:30:16,27,95,95,2.801,3.962,0,Low
2026-07-22 05:40:14,28,102,102,2.801,3.976,0,Low
2026-07-22 05:50:16,29,105,105,2.801,3.962,0,Medium
2026-07-22 06:00:27,29,103,103,2.801,3.99,0,Medium
2026-07-22 06:10:13,28,103,103,2.801,3.976,0,Low
2026-07-22 06:20:14,29,103,103,2.801,3.962,0,Medium
2026-07-22 06:30:17,29,103,103,2.801,3.99,0,Low
2026-07-22 06:40:13,30,101,101,2.801,3.976,0,Low
2026-07-22 06:50:13,29,102,102,2.801,3.962,0,Low
2026-07-22 07:00:24,29,98,90,2.801,3.99,0,Low
2026-07-22 07:10:12,30,97,97,2.801,4.035,0,Low
2026-07-22 07:20:16,30,99,99,2.801,3.976,0,Low
2026-07-22 07:30:16,29,96,96,2.801,3.962,0,Low
2026-07-22 07:40:15,31,95,95,2.801,3.936,0,Medium
2026-07-22 07:50:14,29,93,93,2.801,3.961,0,Low
2026-07-22 08:00:23,29,96,96,2.801,3.961,0,Low
2026-07-22 08:01:04,28,96,96,2.801,3.948,0,Low
2026-07-22 08:10:12,30,96,96,2.801,3.948,0,Low
2026-07-22 08:20:12,28,96,96,2.801,3.948,0,Low
2026-07-22 08:30:17,31,96,96,2.801,3.935,0,Low
2026-07-22 08:40:12,28,91,91,2.801,3.935,0,Low
2026-07-22 08:50:13,30,93,93,2.801,3.935,0,Low
2026-07-22 09:00:26,30,97,97,2.801,3.935,0,Low
2026-07-22 09:10:16,29,92,92,2.801,3.935,0,Low
2026-07-22 09:20:15,29,97,97,2.801,3.935,0,Low
2026-07-22 09:30:20,30,99,99,2.801,3.935,0,Low
2026-07-22 09:40:13,27,91,83,2.801,3.935,0,Low
2026-07-22 09:50:14,28,92,92,2.738,3.935,0,Low
2026-07-22 10:00:28,29,96,96,2.801,3.936,0,Low
2026-07-22 10:10:11,27,90,90,2.801,3.935,0,Low
2026-07-22 10:20:14,26,90,90,2.801,3.89,0,Low
2026-07-22 10:30:17,26,89,89,2.801,3.935,0,Low
2026-07-22 10:40:15,26,91,91,2.801,3.868,0,Low
2026-07-22 10:50:13,25,92,92,2.801,3.936,0,Low
2026-07-22 11:00:24,26,86,86,2.801,3.948,0,Low
2026-07-22 11:10:16,27,89,89,2.801,3.936,0,Low
2026-07-22 11:20:12,28,90,90,2.801,3.935,0,Low
2026-07-22 11:30:14,28,89,88,2.801,3.935,0,Medium
2026-07-22 11:40:14,26,85,85,2.801,3.948,0,Low
2026-07-22 11:50:15,28,93,93,2.801,3.961,0,Low
2026-07-22 12:00:21,28,94,93,2.801,3.976,0,Low
2026-07-22 12:10:15,27,88,88,2.801,3.936,0,Low
2026-07-22 12:20:13,33,105,97,2.801,3.962,0,Low
2026-07-22 12:30:23,31,102,94,2.801,3.99,0,Low
2026-07-22 12:40:16,29,97,89,2.801,3.99,0,Medium
2026-07-22 12:50:25,30,100,92,2.801,3.976,0,Low
2026-07-22 13:00:22,28,102,94,2.801,3.976,0,Low
2026-07-22 13:10:15,28,95,87,2.801,3.961,0,Low
2026-07-22 13:12:05,30,103,95,2.801,3.961,0,Medium
2026-07-22 13:20:15,29,102,94,2.801,3.962,0,Low
2026-07-22 13:30:19,26,83,75,2.801,3.948,0,Low
2026-07-22 13:40:14,25,85,77,2.801,3.961,0,Low
2026-07-22 13:50:16,24,79,71,2.801,3.961,0,Low
2026-07-22 14:00:28,27,87,79,2.801,3.99,0,Low
2026-07-22 14:10:18,23,78,70,2.801,3.961,0,Low
2026-07-22 14:20:13,26,84,76,2.801,3.976,0,Low
2026-07-22 14:30:20,25,86,78,2.801,4.006,0,Low
2026-07-22 14:40:18,23,81,73,2.801,3.99,0,Low
2026-07-22 14:50:16,21,76,68,2.801,4.079,0,Low
2026-07-22 15:00:26,22,81,73,2.801,4.002,0,Low
2026-07-22 15:10:28,23,82,74,2.801,3.99,0,Medium
2026-07-22 15:20:14,23,82,74,2.801,3.99,0,Low
2026-07-22 15:30:22,20,78,70,2.801,3.961,0,Medium
2026-07-22 15:40:16,22,82,74,2.801,4.02,0,Low
2026-07-22 15:50:19,21,80,72,2.801,3.962,0,Low
2026-07-22 16:00:21,19,77,69,2.801,3.962,0,Low
2026-07-22 16:10:16,22,79,71,2.801,3.949,0,Low
2026-07-22 16:20:13,22,77,69,2.801,3.988,0,Low
2026-07-22 16:30:19,22,76,68,2.801,3.949,0,Low
2026-07-22 16:40:18,21,78,70,2.801,3.936,1,Low
2026-07-22 16:50:16,20,74,66,2.801,3.942,0,Low
2026-07-22 17:00:25,22,77,69,2.801,3.942,0,Low
2026-07-22 17:10:13,23,78,70,2.801,3.936,0,Low
2026-07-22 17:20:14,23,78,70,2.801,3.936,0,Low
2026-07-22 17:30:18,21,74,66,2.801,3.936,0,Low
2026-07-22 17:40:12,21,78,70,2.801,3.962,0,Low
2026-07-22 17:50:17,22,81,73,2.801,3.955,0,Low
2026-07-22 17:51:57,22,81,73,2.801,3.955,0,Low
2026-07-22 18:00:21,23,80,72,2.801,3.962,0,Low
2026-07-22 18:10:16,25,84,76,2.801,3.948,0,Low
2026-07-22 18:20:16,23,74,66,2.801,3.936,0,Low
2026-07-22 18:30:18,23,74,74,2.801,3.962,0,Low
2026-07-22 18:40:14,23,71,71,2.801,3.936,0,Low
2026-07-22 18:50:17,20,69,69,2.801,3.949,0,Medium
2026-07-22 19:00:24,20,69,69,2.801,3.949,0,Medium
2026-07-22 19:10:13,19,67,67,2.801,3.936,0,Medium
2026-07-22 19:20:15,20,72,72,2.801,4.02,0,Medium
2026-07-22 19:30:19,20,66,66,2.801,3.992,0,Low
2026-07-22 19:40:14,18,63,63,2.801,3.949,0,Low
2026-07-22 19:50:14,19,70,70,2.801,3.962,0,Low
2026-07-22 20:00:23,20,71,71,2.801,4.02,0,Low
2026-07-22 20:10:12,19,69,69,2.801,3.936,0,Low
2026-07-22 20:20:14,21,72,71,2.801,4.038,0,Low
2026-07-22 20:30:18,19,66,66,2.801,3.936,0,Low
2026-07-22 20:40:18,19,65,64,2.801,3.962,0,Medium
2026-07-22 20:50:14,21,67,67,2.801,3.936,0,Medium
2026-07-22 21:00:25,20,70,70,2.801,4.02,0,Low
2026-07-22 21:10:16,19,69,69,2.801,3.962,0,Low
2026-07-22 21:20:14,19,67,67,2.801,4.079,0,Low
2026-07-22 21:30:17,19,66,66,2.801,3.936,0,Low
2026-07-22 21:40:17,18,72,72,2.801,4.02,0,Low
2026-07-22 21:54:28,21,84,84,2.801,3.936,0,Low
2026-07-22 22:00:34,22,79,79,2.801,3.935,0,Medium
2026-07-22 22:10:13,20,76,76,2.801,3.935,1,Low
2026-07-22 22:20:12,21,78,78,2.801,3.935,0,Low
2026-07-22 22:30:18,21,78,78,2.801,3.935,0,Low
2026-07-22 22:40:13,24,84,84,2.801,3.988,0,Low
2026-07-22 22:50:14,22,83,83,2.801,3.941,0,Low
2026-07-22 23:00:22,24,83,83,2.801,3.955,0,Low
2026-07-22 23:10:14,23,81,81,2.801,3.948,0,Low
2026-07-22 23:20:14,26,86,86,2.801,3.942,0,Low
2026-07-22 23:30:17,29,98,98,2.801,3.948,0,Low
2026-07-22 23:40:13,26,90,90,2.801,3.942,0,Low
2026-07-22 23:50:12,26,91,89,2.801,4.021,0,Low
2026-07-23 00:00:19,26,91,91,2.801,3.962,0,Low
2026-07-23 00:10:12,26,88,88,2.801,4.021,0,Low
2026-07-23 00:20:13,23,81,81,2.801,3.961,0,Low
2026-07-23 00:30:14,25,88,88,2.801,3.961,0,Low
2026-07-23 00:40:11,26,91,91,2.801,3.961,0,Low
2026-07-23 00:50:11,24,87,87,2.801,3.941,0,Low
2026-07-23 01:00:24,25,87,87,2.801,3.948,0,Low
2026-07-23 01:10:15,26,91,90,2.801,4.021,0,Low
2026-07-23 01:20:12,24,81,81,2.801,4.021,0,Low
2026-07-23 01:30:17,23,75,75,2.802,4.079,0,Low
2026-07-23 01:40:17,23,75,75,2.802,4.022,0,Medium
2026-07-23 01:50:14,24,78,78,2.802,3.955,0,Medium
2026-07-23 02:00:22,24,79,79,2.802,3.942,0,Medium
2026-07-23 02:10:13,25,79,79,2.802,4.079,0,Low
2026-07-23 02:20:14,24,72,70,2.802,4.021,0,Low
2026-07-23 02:30:16,21,68,68,2.802,3.962,0,Low
2026-07-23 02:40:14,26,77,75,2.802,4.021,0,Low
2026-07-23 02:50:13,24,72,67,2.802,4.081,0,Low
2026-07-23 03:00:25,26,81,81,2.802,4.08,1,Low
2026-07-23 03:10:13,27,89,81,2.802,4.079,1,Medium
2026-07-23 03:20:19,26,84,84,2.802,4.021,1,Low
2026-07-23 03:30:13,28,87,87,2.802,4.021,0,Low
2026-07-23 03:40:14,28,89,89,2.802,4.005,0,Low
2026-07-23 03:50:11,28,89,89,2.802,4.023,0,Low
2026-07-23 04:00:19,29,86,82,2.801,3.962,0,Low
2026-07-23 04:10:12,29,90,88,2.801,3.962,0,Low
2026-07-23 04:20:15,27,83,83,2.801,3.962,1,Low
2026-07-23 04:30:14,29,86,82,2.801,3.936,0,Low
2026-07-23 04:40:14,28,82,82,2.801,3.98,0,Low
2026-07-23 04:50:12,28,89,89,2.801,3.99,0,Low
2026-07-23 05:00:22,29,85,85,2.801,3.962,0,Low
2026-07-23 05:10:11,26,79,79,2.801,3.948,0,Low
2026-07-23 05:20:13,27,84,84,2.801,3.962,0,Low
2026-07-23 05:30:15,29,85,85,2.801,3.936,0,Low
2026-07-23 05:40:14,27,86,84,2.801,3.962,0,Low
2026-07-23 05:50:11,28,86,82,2.801,3.964,0,Low
2026-07-23 06:00:22,21,60,60,2.801,3.816,0,Low
2026-07-23 06:10:12,23,62,62,2.801,3.802,0,Low
2026-07-23 06:20:14,23,69,69,2.801,3.725,0,Medium
2026-07-23 06:30:18,22,71,71,2.801,3.626,0,Medium
2026-07-23 06:40:13,23,71,71,2.801,3.565,0,Low
2026-07-23 06:46:04,24,71,71,2.801,3.734,0,Low
2026-07-23 06:50:15,24,73,73,2.801,3.935,0,Low
2026-07-23 07:00:22,22,70,70,2.801,3.935,0,Low
2026-07-23 07:10:16,21,67,67,2.801,3.935,0,Low
2026-07-23 07:20:14,21,69,69,2.801,3.962,0,Low
2026-07-23 07:30:16,20,67,66,2.801,3.98,0,Low
2026-07-23 07:40:14,22,68,68,2.801,3.95,0,Low
2026-07-23 07:50:13,18,58,58,2.801,4.02,0,Low
2026-07-23 08:00:24,21,50,50,2.801,3.936,0,Low
2026-07-23 08:10:11,21,47,47,2.801,3.936,0,Low
2026-07-23 08:20:12,21,44,44,2.801,3.936,0,Low
2026-07-23 08:30:17,22,46,46,2.801,3.949,0,Low
2026-07-23 08:40:14,20,41,41,2.801,3.935,0,Low
2026-07-23 08:50:38,22,46,46,2.801,3.949,0,Low
2026-07-23 09:00:23,22,43,43,2.801,3.936,0,Low
2026-07-23 09:10:14,19,40,40,2.801,3.935,0,Low
2026-07-23 09:20:13,19,40,40,2.801,3.936,0,Low
2026-07-23 09:30:22,17,38,38,2.801,3.935,0,Low
2026-07-23 09:40:16,18,41,41,2.801,3.935,0,Low
2026-07-23 09:50:12,16,37,37,2.801,3.735,0,Low
2026-07-23 10:00:25,18,42,42,2.801,3.868,0,Low
2026-07-23 10:10:12,20,44,44,2.801,3.91,0,Low
2026-07-23 10:20:15,18,40,40,2.801,3.87,0,Low
2026-07-23 10:30:18,17,40,40,2.801,3.725,0,Low
2026-07-23 10:40:14,20,45,45,2.801,3.788,0,Low
2026-07-23 10:50:16,22,50,50,2.801,3.935,0,Low
2026-07-23 11:00:24,22,49,49,2.801,3.935,0,Low
2026-07-23 11:10:13,17,38,38,2.801,3.935,0,Low
2026-07-23 11:20:13,16,35,35,2.801,3.828,0,Low
2026-07-23 11:30:16,17,34,34,2.801,3.935,0,Low
2026-07-23 11:40:11,16,31,30,2.801,3.936,0,Low
2026-07-23 11:50:12,20,68,64,2.801,4.023,0,Low
2026-07-23 12:00:27,22,71,67,2.801,4.023,0,Low
2026-07-23 12:10:14,20,63,57,2.801,4.023,0,Low
2026-07-23 12:14:31,21,64,60,2.801,3.967,0,Low
2026-07-23 12:20:14,23,66,62,2.801,3.967,0,Low
2026-07-23 12:30:19,22,63,57,2.801,3.951,0,Low
2026-07-23 12:40:13,19,51,47,2.801,3.936,0,Low
2026-07-23 12:50:17,22,62,56,2.801,3.936,0,Low
2026-07-23 13:00:24,21,59,55,2.801,3.935,0,Low
2026-07-23 13:10:12,22,58,52,2.801,4.007,0,Low
2026-07-23 13:20:19,23,62,58,2.801,3.936,0,Low
2026-07-23 13:30:21,20,61,57,2.801,3.935,0,Low
2026-07-23 13:40:15,23,61,55,2.801,3.936,1,Low
2026-07-23 13:50:15,22,62,58,2.801,3.935,0,Low
2026-07-23 14:00:26,22,63,59,2.801,3.935,0,Low
2026-07-23 14:10:15,23,67,63,2.801,3.935,0,Low
2026-07-23 14:20:13,22,73,69,2.801,3.941,0,Low
2026-07-23 14:30:20,25,77,73,2.801,4.014,0,Low
2026-07-23 14:40:15,23,74,68,2.801,4.014,0,Low
2026-07-23 14:50:16,20,56,50,2.801,4.007,0,Low
2026-07-23 15:00:30,19,49,45,2.801,3.935,0,Low
2026-07-23 15:10:16,21,50,45,2.801,3.936,0,Low
2026-07-23 15:20:14,21,50,44,2.801,3.936,0,Low
2026-07-23 15:30:20,19,44,39,2.801,3.936,0,Low
2026-07-23 15:40:17,20,45,41,2.801,3.936,0,Low
2026-07-23 15:50:15,18,43,39,2.801,3.935,0,Low
2026-07-23 16:00:21,19,46,40,2.801,3.936,0,Low
2026-07-23 16:10:18,19,46,42,2.801,3.936,0,Low
2026-07-23 16:20:13,18,46,46,2.801,3.935,0,Low
2026-07-23 16:30:15,19,47,43,2.801,3.935,0,Low
2026-07-23 16:40:13,19,39,39,2.801,3.936,0,Low
2026-07-23 16:50:15,17,36,36,2.801,3.935,0,Low
2026-07-23 17:00:22,18,37,37,2.801,3.935,0,Low
2026-07-23 17:05:32,16,34,34,2.801,3.935,0,Low
2026-07-23 17:10:23,17,35,33,2.801,3.935,0,Low
2026-07-23 17:20:12,15,33,33,2.801,3.935,0,Low
2026-07-23 17:30:21,17,39,39,2.801,3.935,0,Low
2026-07-23 17:40:12,17,39,35,2.801,3.935,0,Low
2026-07-23 17:50:12,15,38,38,2.801,3.801,0,Low
2026-07-23 18:00:24,14,37,37,2.801,3.702,0,Low
2026-07-23 18:10:13,15,38,38,2.801,3.801,0,Low
2026-07-23 18:20:15,16,41,41,2.801,3.935,0,Low
2026-07-23 18:30:18,18,43,43,2.801,3.935,0,Low
2026-07-23 18:40:14,17,40,38,2.801,3.935,0,Medium
2026-07-23 18:50:14,18,45,45,2.801,3.935,0,Medium
2026-07-23 19:00:21,18,46,46,2.801,3.935,0,Medium
2026-07-23 19:10:16,19,43,43,2.801,3.935,0,Low
2026-07-23 19:20:14,18,42,42,2.801,3.935,0,Low
2026-07-23 19:30:20,19,42,42,2.801,3.936,0,Low
2026-07-23 19:40:12,18,38,38,2.801,3.935,0,Low
2026-07-23 19:50:12,17,37,37,2.801,3.802,0,Low
2026-07-23 20:00:22,19,45,45,2.801,3.936,0,Low
2026-07-23 20:10:15,16,42,42,2.801,3.868,0,Low
2026-07-23 20:20:12,17,41,41,2.801,3.935,0,Low
2026-07-23 20:30:17,16,38,38,2.801,3.949,0,Low
2026-07-23 20:40:15,17,46,38,2.801,3.935,0,Low
2026-07-23 20:42:35,17,46,38,2.801,3.898,0,Low
2026-07-23 20:50:15,17,46,38,2.801,3.856,0,Low
2026-07-23 21:00:22,17,40,32,2.801,3.736,0,Low
2026-07-23 21:10:14,16,45,37,2.801,3.631,0,Low
2026-07-23 21:20:18,17,46,38,2.801,3.607,0,Low
2026-07-23 21:30:17,17,46,38,2.801,3.607,0,Low
2026-07-23 21:40:13,18,46,38,2.801,3.57,0,Low
2026-07-23 21:50:14,18,45,37,2.801,3.57,0,Low
2026-07-23 22:00:20,18,51,43,2.801,3.771,0,Low
2026-07-23 22:10:15,18,51,43,2.801,3.771,0,Low
2026-07-23 22:20:20,18,51,43,2.801,3.771,0,Low
2026-07-23 22:30:16,19,53,45,2.801,3.935,0,Low
2026-07-23 22:40:20,19,52,44,2.801,3.935,0,Low
2026-07-23 22:50:12,17,51,43,2.801,3.935,0,Low
2026-07-23 23:00:21,17,45,45,2.801,3.935,0,Medium
2026-07-23 23:10:15,15,42,42,2.801,3.607,0,Medium
2026-07-23 23:20:14,16,44,44,2.801,3.57,0,Medium
2026-07-23 23:30:13,19,47,47,2.801,3.802,0,Medium
2026-07-23 23:40:18,18,45,45,2.801,3.771,0,Medium
2026-07-23 23:50:12,18,45,45,2.801,3.771,0,Medium
2026-07-24 00:00:20,17,43,43,2.801,3.607,0,Medium
2026-07-24 00:10:15,18,44,44,2.801,3.771,0,Medium
2026-07-24 00:12:09,19,44,44,2.801,3.802,0,Medium
2026-07-24 00:20:12,17,42,42,2.801,3.607,0,Medium
2026-07-24 00:30:15,17,41,41,2.801,3.802,0,Medium
2026-07-24 00:40:11,16,40,40,2.801,3.704,0,Medium
2026-07-24 00:50:11,18,50,42,2.801,3.935,0,Medium
2026-07-24 01:00:20,17,48,40,2.801,3.935,0,Medium
2026-07-24 01:10:12,17,48,40,2.801,3.935,0,Low
2026-07-24 01:20:13,17,51,43,2.801,3.948,0,Low
2026-07-24 01:30:13,17,50,42,2.801,3.948,0,Low
2026-07-24 01:40:13,16,42,42,2.801,3.771,0,Medium
2026-07-24 01:50:14,20,54,46,2.801,3.935,0,High
2026-07-24 02:00:19,18,44,44,2.801,3.868,0,High
2026-07-24 02:10:12,17,44,44,2.801,3.802,0,High
2026-07-24 02:20:13,16,42,42,2.801,3.704,0,High
2026-07-24 02:30:16,18,46,46,2.801,3.868,0,High
2026-07-24 02:40:14,17,44,44,2.801,3.802,0,High
2026-07-24 02:50:17,15,41,41,2.801,3.802,0,High
2026-07-24 03:00:18,18,46,46,2.801,3.935,0,High
2026-07-24 03:10:13,19,52,44,2.801,3.936,0,Low
2026-07-24 03:20:13,16,48,40,2.801,3.869,0,Low
2026-07-24 03:30:16,17,44,44,2.801,3.935,0,High
2026-07-24 03:40:14,16,42,42,2.801,3.935,0,Medium
2026-07-24 03:50:13,17,44,44,2.801,3.936,0,High
2026-07-24 04:00:19,16,39,39,2.801,3.942,0,High
2026-07-24 04:10:13,17,43,43,2.801,3.948,0,Low
2026-07-24 04:20:12,19,47,47,2.801,3.948,0,Low
2026-07-24 04:30:18,17,43,43,2.801,3.936,0,Low
2026-07-24 04:40:14,17,51,43,2.801,3.961,0,Low
2026-07-24 04:50:14,18,53,45,2.801,4.02,0,Low
2026-07-24 05:00:20,18,53,45,2.801,4.02,0,Low
2026-07-24 05:10:14,17,56,48,2.801,4.079,0,Low
2026-07-24 05:20:17,23,72,60,2.801,3.948,0,Low
2026-07-24 05:30:17,24,75,63,2.801,4.031,0,Low
2026-07-24 05:40:11,24,79,59,2.801,3.948,0,High
2026-07-24 05:50:16,25,84,72,2.801,3.936,0,Low
2026-07-24 06:00:20,26,86,74,2.801,3.942,0,Low
2026-07-24 06:10:13,25,81,61,2.801,3.935,0,High
2026-07-24 06:20:14,25,78,58,2.801,3.935,0,High
2026-07-24 06:30:15,24,74,54,2.801,3.936,0,High
2026-07-24 06:40:13,25,76,56,2.801,3.935,0,High
2026-07-24 06:50:15,23,80,64,2.801,3.668,0,High
2026-07-24 07:00:21,25,77,61,2.801,3.935,0,High
2026-07-24 07:10:15,25,77,69,2.801,3.935,0,High
2026-07-24 07:20:14,18,55,47,2.801,3.635,0,Medium
2026-07-24 07:30:18,20,55,47,2.801,3.776,0,Medium
2026-07-24 07:40:13,21,50,42,2.801,3.803,0,Medium
2026-07-24 07:50:15,20,57,49,2.801,3.942,0,Medium
2026-07-24 08:00:21,21,57,41,2.801,3.935,0,Medium
2026-07-24 08:10:13,20,56,40,2.801,3.942,0,Medium
2026-07-24 08:20:17,19,53,37,2.801,3.948,0,Medium
2026-07-24 08:30:14,19,52,36,2.801,3.936,0,Medium
2026-07-24 08:40:14,19,52,44,2.801,3.948,0,Low
2026-07-24 08:50:13,17,48,40,2.801,3.948,0,Low
2026-07-24 09:00:30,20,53,37,2.801,3.942,0,Low
2026-07-24 09:10:25,21,66,58,2.801,3.961,0,Low
2026-07-24 09:13:33,21,58,50,2.801,3.948,0,Low
2026-07-24 09:20:18,22,58,46,2.801,3.954,0,Low
2026-07-24 09:30:14,18,51,31,2.801,3.938,0,Low
2026-07-24 09:40:15,18,51,31,2.801,3.954,0,Low
2026-07-24 09:50:11,16,49,29,2.801,3.954,0,Low
2026-07-24 10:00:24,17,49,29,2.801,3.948,0,Medium
2026-07-24 10:10:15,16,49,29,2.801,4.021,0,Medium
2026-07-24 10:20:16,17,50,38,2.801,3.961,0,Low
2026-07-24 10:30:21,16,48,40,2.801,3.936,0,Medium
2026-07-24 10:40:13,19,52,51,2.801,3.936,0,Medium
2026-07-24 10:50:11,19,56,56,2.801,3.936,0,High
2026-07-24 11:00:32,19,55,55,2.801,3.936,,Low
2026-07-24 11:10:15,18,49,49,2.801,3.935,0,Low
2026-07-24 11:20:12,17,45,45,2.801,3.936,0,Low
2026-07-24 11:30:16,18,54,54,2.801,3.942,0,Low
2026-07-24 11:40:13,19,56,56,2.801,3.936,0,Low
2026-07-24 11:50:13,21,58,57,2.801,3.936,0,Low
2026-07-24 12:00:21,24,74,74,2.801,3.935,0,Low
2026-07-24 12:10:14,22,69,69,2.801,3.935,0,Medium
2026-07-24 12:20:14,23,71,71,2.801,3.936,0,Low
2026-07-24 12:30:22,22,69,69,2.801,3.942,0,Low
2026-07-24 12:40:17,24,74,74,2.801,3.942,0,Medium
2026-07-24 12:50:14,21,61,61,2.801,3.935,0,Medium
2026-07-24 13:00:25,22,63,63,2.801,3.935,0,Medium
2026-07-24 13:10:12,22,70,62,2.801,3.935,0,Medium
2026-07-24 13:20:12,22,71,63,2.801,3.942,0,Medium
2026-07-24 13:30:22,23,75,67,2.801,3.948,0,Medium
2026-07-24 13:40:14,25,78,78,2.801,3.935,0,Medium
2026-07-24 13:50:11,25,77,77,2.801,3.935,0,Medium
2026-07-24 14:00:22,21,67,67,2.801,3.668,0,Medium
2026-07-24 14:10:14,22,70,70,2.801,3.801,0,Medium
2026-07-24 14:20:17,21,66,66,2.801,3.668,0,Low
2026-07-24 14:30:22,19,64,64,2.801,3.935,0,Low
2026-07-24 14:40:13,21,76,76,2.801,3.935,0,Low
2026-07-24 14:50:12,21,73,73,2.801,3.935,0,Medium
2026-07-24 15:00:22,20,68,68,2.801,3.81,0,Medium
2026-07-24 15:10:13,21,69,69,2.801,3.935,0,Low
2026-07-24 15:15:22,21,63,63,2.801,3.685,0,Low
2026-07-24 15:20:17,19,60,60,2.801,3.935,0,Low
2026-07-24 15:30:16,19,64,64,2.801,3.886,0,Low
2026-07-24 15:40:15,19,61,61,2.801,3.766,0,Low
2026-07-24 15:50:14,16,57,57,2.801,3.79,0,Low
2026-07-24 16:00:50,16,54,54,2.801,3.935,0,Low
2026-07-24 16:36:07,21,60,60,2.801,3.936,0,Low
2026-07-24 16:40:14,18,56,56,2.801,3.936,0,Low
2026-07-24 16:50:15,20,58,58,2.801,3.936,0,Low
2026-07-24 17:00:25,18,54,54,2.801,3.935,0,Low
2026-07-24 17:10:14,17,50,50,2.801,3.935,0,Low
2026-07-24 17:20:14,19,62,62,2.801,3.935,0,Low
2026-07-24 17:30:15,17,55,55,2.801,3.816,0,Low
2026-07-24 17:40:14,16,55,55,2.801,3.875,0,Low
2026-07-24 17:50:11,19,68,68,2.801,3.935,0,Low
2026-07-24 18:10:14,23,81,81,2.801,3.936,0,Low
2026-07-24 18:20:11,21,80,80,2.801,3.936,0,Low
2026-07-24 18:30:18,21,79,79,2.801,3.935,0,Medium
2026-07-24 18:40:14,22,83,83,2.801,3.941,0,Low
2026-07-24 18:50:14,24,93,93,2.801,3.935,0,Low
2026-07-24 19:00:20,22,90,90,2.801,3.935,0,Medium
2026-07-24 19:10:12,21,87,87,2.801,3.936,0,Medium
2026-07-24 19:20:12,20,77,76,2.801,3.935,0,Medium
2026-07-24 19:30:23,20,79,79,2.801,3.935,0,Medium
2026-07-24 19:40:14,20,79,79,2.801,3.935,0,Medium
2026-07-24 19:50:12,21,80,80,2.801,3.936,0,Medium
2026-07-24 20:00:27,22,81,81,2.801,3.936,0,High
2026-07-24 20:04:32,21,77,77,2.801,3.936,0,High
2026-07-24 20:10:17,21,77,77,2.801,3.936,0,High
2026-07-24 20:20:12,20,69,69,2.801,3.895,0,High
2026-07-24 20:30:16,18,54,54,2.801,3.835,1,Medium
2026-07-24 20:40:14,17,50,50,2.802,3.854,0,Medium
2026-07-24 20:50:13,18,49,49,2.802,3.894,0,Medium
2026-07-24 21:00:21,17,43,43,2.802,3.854,0,Medium
2026-07-24 21:10:15,19,49,49,2.802,3.936,0,Medium
2026-07-24 21:20:12,19,49,49,2.802,3.936,0,Medium
2026-07-24 21:30:15,18,53,53,2.802,3.894,0,High
2026-07-24 21:40:11,17,54,54,2.801,3.854,0,High
2026-07-24 21:50:18,14,48,48,2.801,3.64,0,High
2026-07-24 22:00:20,16,50,50,2.801,3.835,1,High
2026-07-24 22:10:11,16,50,50,2.801,3.835,0,High
2026-07-24 22:20:16,18,54,54,2.801,3.835,0,High
2026-07-24 22:30:15,16,46,46,2.801,3.835,0,High
2026-07-24 22:40:12,16,46,46,2.801,3.835,0,High
2026-07-24 22:50:13,18,49,49,2.801,3.835,0,High
2026-07-24 23:00:22,17,54,54,2.801,3.854,0,High
2026-07-24 23:10:20,19,55,55,2.801,3.816,0,High
2026-07-24 23:20:12,18,57,57,2.801,3.835,1,High
2026-07-24 23:30:18,17,50,50,2.801,3.816,0,High
2026-07-24 23:40:14,18,57,57,2.801,3.835,0,High
2026-07-24 23:44:42,19,58,58,2.801,3.677,0,High
2026-07-24 23:50:13,19,59,59,2.801,3.816,0,High
2026-07-25 00:00:21,20,66,65,2.801,3.835,0,Low
2026-07-25 00:10:12,20,66,66,2.801,3.835,1,Low
2026-07-25 00:20:13,23,67,67,2.801,3.854,0,Low
2026-07-25 00:30:15,20,66,66,2.801,3.835,0,Low
2026-07-25 00:40:12,20,64,64,2.801,3.835,0,High
2026-07-25 00:50:12,21,58,58,2.801,3.816,0,High
2026-07-25 01:02:34,21,58,58,2.801,3.816,0,High
2026-07-25 01:10:13,21,69,69,2.801,3.854,0,High
2026-07-25 01:20:41,20,66,66,2.801,3.894,0,High
2026-07-25 01:30:18,20,58,57,2.801,3.895,0,High
2026-07-25 01:40:15,21,57,57,2.801,3.854,0,High
2026-07-25 01:50:10,21,57,57,2.801,3.854,0,High
2026-07-25 02:00:27,22,60,60,2.801,3.895,0,High
2026-07-25 02:10:14,20,56,56,2.801,3.895,0,High
2026-07-25 02:20:12,21,57,57,2.801,3.854,0,High
2026-07-25 02:30:19,21,57,57,2.801,3.816,0,High
2026-07-25 02:40:16,22,59,59,2.801,3.742,0,High
2026-07-25 02:50:14,22,59,59,2.801,3.742,0,High
2026-07-25 03:00:18,21,57,57,2.801,3.668,0,High
2026-07-25 03:10:12,20,56,56,2.801,3.742,1,High
2026-07-25 03:20:18,23,62,62,2.801,3.817,0,Low
2026-07-25 03:30:20,23,63,63,2.801,3.854,0,Low
2026-07-25 03:40:11,23,68,68,2.801,3.854,0,Low
2026-07-25 03:50:14,25,71,71,2.801,3.854,0,Low
2026-07-25 04:02:07,22,60,60,2.801,3.835,0,Low
2026-07-25 04:11:42,23,63,63,2.801,3.817,0,Low
2026-07-25 04:20:14,23,61,61,2.801,3.817,0,Low
2026-07-25 04:30:16,23,63,63,2.801,3.817,1,Low
2026-07-25 04:40:11,22,55,55,2.801,3.742,0,Low
2026-07-25 04:52:45,21,57,57,2.801,3.817,0,High
2026-07-25 05:00:23,23,59,59,2.801,3.854,0,High
2026-07-25 05:10:10,22,57,57,2.801,3.895,0,High
2026-07-25 05:21:43,21,54,54,2.801,3.935,1,High
2026-07-25 05:30:13,21,55,55,2.801,3.935,0,High
2026-07-25 05:40:15,22,58,58,2.801,3.895,1,High
2026-07-25 05:50:11,20,54,54,2.801,3.895,0,High
2026-07-25 06:02:27,21,52,52,2.801,3.846,0,High
2026-07-25 06:10:13,21,53,53,2.801,3.817,0,High
2026-07-25 06:20:18,22,53,53,2.801,3.835,0,High
2026-07-25 06:35:49,21,52,52,2.801,3.854,0,High
2026-07-25 06:40:14,20,50,50,2.801,3.895,0,High
2026-07-25 06:50:17,20,48,48,2.801,3.835,0,High
2026-07-25 07:00:23,21,49,49,2.801,3.817,0,High
2026-07-25 07:10:14,21,58,58,2.801,3.817,0,High
2026-07-25 07:20:15,22,58,58,2.801,3.742,0,High
2026-07-25 07:30:16,21,57,57,2.801,3.817,0,High
2026-07-25 07:33:38,20,56,56,2.801,3.835,0,High
2026-07-25 07:40:18,21,57,57,2.801,3.854,0,High
2026-07-25 07:51:38,20,56,56,2.801,3.835,0,High
2026-07-25 08:00:20,20,58,58,2.801,3.835,0,High
2026-07-25 08:10:11,21,57,57,2.801,3.854,0,High
2026-07-25 08:20:15,20,54,54,2.801,3.835,0,High
2026-07-25 08:31:59,20,50,50,2.801,3.835,1,Medium
2026-07-25 08:40:14,20,52,52,2.801,3.835,1,Medium
2026-07-25 08:50:13,19,51,51,2.801,3.817,1,Medium
2026-07-25 09:03:30,20,52,52,2.801,3.835,1,Medium
2026-07-25 09:10:17,19,51,51,2.801,3.817,1,Medium
2026-07-25 09:20:13,19,51,51,2.801,3.817,0,High
2026-07-25 09:30:19,21,56,56,2.801,3.854,0,High
2026-07-25 09:42:05,21,56,56,2.801,3.854,0,High
2026-07-25 09:51:29,20,55,55,2.801,3.835,0,High
2026-07-25 10:02:27,20,54,54,2.801,3.835,0,Low
2026-07-25 10:10:13,18,49,49,2.801,3.742,0,Low
2026-07-25 10:20:11,20,54,54,2.801,3.835,0,Low
2026-07-25 10:30:15,20,54,54,2.801,3.835,0,Low
2026-07-25 10:40:15,20,54,54,2.801,3.835,0,Low
2026-07-25 10:50:14,20,52,52,2.801,3.811,0,Low
2026-07-25 11:02:27,21,53,53,2.801,3.817,0,Low
2026-07-25 11:10:12,20,52,52,2.801,3.742,0,Low
2026-07-25 11:20:14,,,,,,0,Low
2026-07-25 11:30:15,21,64,64,2.801,3.816,0,High
2026-07-25 11:40:13,21,64,64,2.801,3.816,0,High
2026-07-25 11:47:57,21,63,63,2.801,3.816,0,High
2026-07-25 11:50:12,21,63,63,2.801,3.816,0,High
2026-07-25 12:02:04,20,55,55,2.801,3.637,0,High
2026-07-25 12:10:11,19,54,54,2.801,3.668,0,High
2026-07-25 12:20:12,20,55,55,2.801,3.742,0,High
2026-07-25 12:30:16,19,52,52,2.801,3.668,0,High
2026-07-25 12:40:17,17,47,47,2.801,3.668,0,Low
2026-07-25 12:50:13,19,51,51,2.801,3.668,0,High
2026-07-25 13:00:24,19,51,51,2.801,3.668,0,Low
2026-07-25 13:10:14,19,49,49,2.801,3.668,0,High
2026-07-25 13:20:14,20,51,51,2.801,3.742,0,High
2026-07-25 13:30:19,18,48,47,2.801,3.742,0,High
2026-07-25 13:40:14,19,53,53,2.801,3.816,0,High
2026-07-25 13:50:14,20,57,57,2.801,3.835,0,High
2026-07-25 14:00:18,19,57,57,2.801,3.854,0,High
2026-07-25 14:10:12,22,66,65,2.801,3.895,0,High
2026-07-25 14:20:14,22,64,64,2.801,3.872,0,High
2026-07-25 14:30:15,22,64,64,2.801,3.835,0,High
2026-07-25 14:41:36,19,45,45,2.801,3.817,0,High
2026-07-25 14:50:11,18,46,46,2.801,3.836,0,High
2026-07-25 15:00:21,18,45,45,2.801,3.836,0,High
2026-07-25 15:10:16,19,46,46,2.801,3.934,0,High
2026-07-25 15:20:16,18,45,45,2.801,3.935,0,High
2026-07-25 15:30:17,17,43,43,2.801,3.934,0,High
2026-07-25 15:40:13,18,47,47,2.801,3.935,0,High
2026-07-25 15:45:28,17,46,46,2.801,3.936,0,High
2026-07-25 15:50:19,17,46,46,2.801,3.936,0,High
2026-07-25 16:00:16,17,45,45,2.801,3.936,0,High
2026-07-25 16:10:13,15,45,45,2.801,3.817,0,High
2026-07-25 16:20:12,16,51,50,2.801,3.876,0,High
2026-07-25 16:30:17,17,52,51,2.801,3.817,0,High
2026-07-25 16:40:14,17,52,51,2.801,3.817,0,High
2026-07-25 16:50:12,17,51,50,2.801,3.817,0,High
2026-07-25 17:00:20,16,44,43,2.801,3.81,0,High
2026-07-25 17:10:13,16,44,44,2.801,3.769,0,High
2026-07-25 17:20:13,17,41,41,2.801,3.817,0,Low
2026-07-25 17:31:53,16,37,37,2.801,3.771,0,Low
2026-07-25 17:40:15,17,39,39,2.801,3.817,0,Low
2026-07-25 17:50:13,18,41,41,2.801,3.876,0,Low
2026-07-25 18:00:20,17,40,40,2.801,3.935,0,Low
2026-07-25 18:10:12,15,38,38,2.801,3.607,0,Low
2026-07-25 18:20:14,15,36,36,2.801,3.607,0,Low
2026-07-25 18:31:49,14,35,35,2.801,3.471,0,Low
2026-07-25 18:40:13,15,36,36,2.801,3.784,0,Low
2026-07-25 18:50:12,14,37,37,2.801,3.589,0,Low
2026-07-25 19:00:17,14,37,37,2.801,3.471,0,Low
2026-07-25 19:10:14,15,34,34,2.801,3.607,0,Low
2026-07-25 19:20:13,16,35,35,2.801,3.624,0,Low
2026-07-25 19:30:14,14,31,31,2.801,3.564,0,Low
2026-07-25 19:40:13,14,30,30,2.801,3.526,0,Low
2026-07-25 19:50:47,12,30,30,2.801,3.334,0,Low
2026-07-25 20:00:22,14,30,30,2.801,3.471,0,Low
2026-07-25 20:02:26,14,30,30,2.801,3.471,0,Low
2026-07-25 20:10:12,13,29,29,2.801,3.334,0,Low
2026-07-25 20:20:15,13,31,31,2.801,3.334,0,Low
2026-07-25 20:31:46,12,28,28,2.801,3.471,0,Low
2026-07-25 20:40:14,13,31,31,2.801,3.607,0,High
2026-07-25 20:50:15,12,31,31,2.801,3.471,0,Low
2026-07-25 21:00:21,12,32,32,2.801,3.471,0,Low
2026-07-25 21:10:20,11,29,29,2.801,3.334,0,Low
2026-07-25 21:20:12,12,30,30,2.801,3.471,0,Low
2026-07-25 21:30:14,13,32,32,2.801,3.607,0,Low
2026-07-25 21:40:12,13,39,39,2.801,3.607,0,High
2026-07-25 21:50:14,14,38,38,2.801,3.771,0,Low
2026-07-25 22:00:18,13,36,36,2.801,3.607,0,Low
2026-07-25 22:10:16,12,29,29,2.801,3.471,0,Low
2026-07-25 22:20:13,12,28,28,2.801,3.471,0,Low
2026-07-25 22:31:55,15,32,32,2.801,3.817,1,Low
2026-07-25 22:40:12,14,31,31,2.801,3.712,0,Low
2026-07-25 22:50:14,15,34,34,2.801,3.817,0,Low
2026-07-25 23:01:52,,,,,,0,Low
2026-07-25 23:10:12,15,38,38,2.801,3.817,0,Low
2026-07-25 23:20:14,15,38,38,2.801,3.854,0,Low
2026-07-25 23:32:09,15,39,39,2.801,3.854,0,High
2026-07-25 23:40:14,15,39,39,2.801,3.817,0,High
2026-07-25 23:43:41,15,39,39,2.801,3.817,0,High
2026-07-25 23:50:13,15,39,39,2.801,3.817,0,High
2026-07-26 00:00:20,16,40,40,2.801,3.831,0,High
2026-07-26 00:10:15,16,41,41,2.801,3.791,1,High
2026-07-26 00:20:15,16,41,41,2.801,3.751,1,High
2026-07-26 00:31:56,15,36,36,2.801,3.607,0,High
2026-07-26 00:40:15,15,37,37,2.801,3.817,0,High
2026-07-26 00:50:11,15,39,39,2.801,3.817,0,High
2026-07-26 01:00:22,14,31,31,2.801,3.712,0,High
2026-07-26 01:10:16,14,31,31,2.801,3.642,1,High
2026-07-26 01:20:14,,,,,,0,High
2026-07-26 01:30:14,14,32,32,2.801,3.712,0,High
2026-07-26 01:40:12,14,30,30,2.801,3.712,0,High
2026-07-26 01:50:13,13,30,30,2.801,3.607,0,High
2026-07-26 02:00:19,15,31,31,2.801,3.607,0,Low
2026-07-26 02:10:13,16,33,33,2.801,3.835,0,High
2026-07-26 02:20:13,18,35,35,2.801,3.835,0,Low
2026-07-26 02:30:13,16,33,33,2.801,3.835,0,Low
2026-07-26 02:40:16,16,33,33,2.801,3.835,1,Low
2026-07-26 02:50:11,17,35,35,2.801,3.854,1,Low
2026-07-26 03:00:16,17,35,35,2.801,3.935,1,Low
2026-07-26 03:10:16,16,33,33,2.801,3.895,1,Low
2026-07-26 03:20:12,15,34,34,2.801,3.817,0,Low
2026-07-26 03:31:48,16,33,33,2.801,3.835,0,High
2026-07-26 03:40:13,16,34,34,2.801,3.895,0,High
2026-07-26 03:50:13,18,35,35,2.801,3.836,0,High
2026-07-26 04:02:12,18,34,34,2.801,3.836,0,High
2026-07-26 04:10:13,18,35,35,2.801,3.81,0,High
2026-07-26 04:21:47,18,34,34,2.801,3.769,0,High
2026-07-26 04:30:15,18,34,34,2.801,3.729,0,High
2026-07-26 04:40:11,17,33,33,2.801,3.817,0,High
2026-07-26 04:50:13,18,34,34,2.801,3.712,0,High
2026-07-26 05:00:21,18,34,34,2.801,3.712,0,High
2026-07-26 05:10:14,18,35,35,2.801,3.712,0,High
2026-07-26 05:21:46,19,36,36,2.801,3.817,0,High
2026-07-26 05:32:00,17,34,34,2.801,3.618,0,High
2026-07-26 05:40:17,17,35,35,2.801,3.607,0,High
2026-07-26 05:51:35,17,34,33,2.801,3.817,0,High
2026-07-26 06:00:25,17,40,40,2.801,3.817,0,High
2026-07-26 06:11:13,21,45,43,2.801,3.856,0,High
2026-07-26 06:21:24,20,48,46,2.801,3.836,0,High
2026-07-26 06:30:15,21,48,46,2.801,3.856,0,High
2026-07-26 06:40:13,21,48,46,2.801,3.856,0,High
2026-07-26 06:50:57,21,49,47,2.801,3.935,0,High
2026-07-26 07:00:18,20,48,46,2.801,3.895,0,High
2026-07-26 07:11:06,18,45,45,2.801,3.871,0,Low
2026-07-26 07:20:14,20,48,48,2.801,3.836,0,High
2026-07-26 07:30:18,21,47,47,2.801,3.856,0,Low
2026-07-26 07:40:15,20,46,46,2.801,3.851,0,Low
2026-07-26 07:50:12,20,48,48,2.801,3.835,0,Low
2026-07-26 07:58:38,19,46,46,2.801,3.817,0,Low
2026-07-26 08:00:19,20,47,47,2.801,3.835,0,Low
2026-07-26 08:10:14,21,48,48,2.801,3.854,0,Low
2026-07-26 08:20:15,21,51,51,2.801,3.607,0,High
2026-07-26 08:30:15,23,60,60,2.801,3.854,0,High
2026-07-26 08:40:15,23,59,59,2.801,3.854,0,Low
2026-07-26 08:50:13,23,61,61,2.801,3.854,0,High
2026-07-26 09:01:17,,,,,,0,Low
2026-07-26 09:10:13,24,63,63,2.801,3.835,0,High
2026-07-26 09:20:16,23,63,63,2.801,3.817,0,Low
2026-07-26 09:32:01,24,63,63,2.801,3.835,0,High
2026-07-26 09:40:12,23,64,64,2.801,3.817,0,High
2026-07-26 09:51:38,22,63,63,2.801,3.712,0,High
2026-07-26 10:03:28,23,65,64,2.801,3.816,0,Low
2026-07-26 10:10:13,25,68,68,2.801,3.854,0,High
2026-07-26 10:20:15,25,69,69,2.801,3.854,0,High
2026-07-26 10:31:05,25,68,68,2.801,3.816,0,Low
2026-07-26 10:41:42,26,68,68,2.801,3.835,0,Low
2026-07-26 10:50:16,24,61,61,2.801,3.711,0,Low
2026-07-26 11:00:18,23,59,59,2.801,3.607,0,High
2026-07-26 11:10:15,24,60,60,2.801,3.653,0,Low
2026-07-26 11:20:15,24,61,61,2.801,3.612,0,Low
2026-07-26 11:30:17,24,60,60,2.801,3.679,0,Low
2026-07-26 11:41:08,22,59,59,2.801,3.577,0,High
2026-07-26 11:48:58,21,57,57,2.801,3.39,0,High
2026-07-26 11:51:19,22,58,58,2.801,3.405,0,High
2026-07-26 12:00:19,24,61,61,2.801,3.334,0,Low
2026-07-26 12:10:16,21,50,50,2.801,3.607,0,High
2026-07-26 12:20:12,22,52,52,2.801,3.498,0,High
2026-07-26 12:30:15,23,47,47,2.801,3.607,0,High
2026-07-26 12:40:11,20,41,41,2.801,3.605,0,High
2026-07-26 12:50:12,19,41,41,2.801,3.562,0,High
2026-07-26 13:00:18,21,48,48,2.801,3.607,0,Low
2026-07-26 13:10:13,19,47,47,2.801,3.603,0,Low
2026-07-26 13:20:13,20,49,49,2.801,3.731,0,Low
2026-07-26 13:30:14,21,51,51,2.801,3.607,0,Low
2026-07-26 13:40:16,19,47,47,2.801,3.854,0,Low
2026-07-26 13:50:13,18,44,44,2.801,3.731,0,Low
2026-07-26 14:02:12,19,45,45,2.801,3.856,0,Low
2026-07-26 14:10:17,15,40,32,2.801,3.883,0,Low
2026-07-26 14:20:14,15,39,31,2.801,3.766,0,Low
2026-07-26 14:30:17,15,40,32,2.801,3.935,0,Low
2026-07-26 14:41:34,17,45,37,2.801,3.816,0,Low
2026-07-26 14:50:12,15,45,37,2.801,3.816,0,Low
2026-07-26 15:01:48,15,43,35,2.801,3.816,0,Low
2026-07-26 15:10:15,17,45,37,2.801,3.935,0,Low
2026-07-26 15:20:18,17,48,40,2.801,3.935,0,Low
2026-07-26 15:32:26,15,46,38,2.801,3.935,0,Low
2026-07-26 15:40:15,15,44,36,2.801,3.935,0,Low
2026-07-26 15:44:23,15,43,35,2.801,3.935,0,Low
2026-07-26 15:50:12,15,44,36,2.801,3.816,0,Low
2026-07-26 16:00:22,16,46,38,2.801,3.935,0,Low
2026-07-26 16:10:13,14,45,37,2.801,3.875,0,High
2026-07-26 16:20:13,15,44,36,2.801,3.935,0,High
2026-07-26 16:30:16,14,45,37,2.801,3.875,0,High
2026-07-26 16:40:12,15,45,37,2.801,3.935,0,High
2026-07-26 16:50:14,14,42,34,2.801,3.875,0,High
2026-07-26 17:10:15,16,41,33,2.801,3.895,0,High
2026-07-26 17:20:12,15,42,34,2.801,3.856,0,High
2026-07-26 17:30:13,15,40,32,2.801,3.856,0,High
2026-07-26 17:40:11,15,41,33,2.801,3.856,0,High
2026-07-26 17:50:13,15,37,37,2.801,3.856,0,High
2026-07-26 18:00:21,13,31,31,2.801,3.816,0,High
2026-07-26 18:10:15,13,33,33,2.801,3.816,0,High
2026-07-26 18:20:14,14,37,37,2.801,3.836,0,High
2026-07-26 18:30:14,14,35,35,2.801,3.836,0,Low
2026-07-26 18:40:13,15,37,37,2.801,3.856,0,Low
2026-07-26 18:50:13,15,37,37,2.801,3.856,0,Low
2026-07-26 19:00:16,15,36,36,2.801,3.935,0,Low
2026-07-26 19:10:11,16,36,36,2.801,3.876,0,Low
2026-07-26 19:20:14,14,31,31,2.801,3.711,0,Low
2026-07-26 19:30:13,14,32,32,2.801,3.711,0,Low
2026-07-26 19:40:11,14,32,32,2.801,3.711,0,Low
2026-07-26 19:50:15,14,35,35,2.801,3.876,0,Low
2026-07-26 20:00:16,14,35,35,2.801,3.876,0,Low
2026-07-26 20:10:16,15,33,33,2.801,3.935,0,High
2026-07-26 20:20:13,13,32,32,2.801,3.816,0,Low
2026-07-26 20:32:08,15,34,34,2.801,3.816,0,High
2026-07-26 20:40:15,14,34,34,2.801,3.711,0,High
2026-07-26 20:50:11,15,35,35,2.801,3.816,0,High
2026-07-26 21:01:57,16,36,36,2.801,3.876,0,High
2026-07-26 21:10:12,17,38,38,2.801,3.935,0,High
2026-07-26 21:20:14,16,35,35,2.801,3.876,0,High
2026-07-26 21:30:16,16,34,34,2.801,3.876,0,High
2026-07-26 21:40:15,17,35,35,2.801,3.816,0,High
2026-07-26 21:50:14,16,34,34,2.801,3.876,0,High
2026-07-26 22:00:15,17,34,34,2.801,3.935,0,High
2026-07-26 22:10:15,16,34,34,2.801,3.876,0,High
2026-07-26 22:20:14,16,34,34,2.801,3.876,0,High
2026-07-26 22:32:00,16,35,35,2.801,3.876,0,High
2026-07-26 22:40:10,17,34,34,2.801,3.816,0,High
2026-07-26 22:50:13,17,35,35,2.801,3.816,0,High
2026-07-26 23:02:04,16,34,34,2.801,3.876,0,High
2026-07-26 23:10:15,16,33,33,2.801,3.711,0,High
2026-07-26 23:20:12,16,35,35,2.801,3.711,0,High
2026-07-26 23:30:14,17,36,36,2.801,3.816,0,High
2026-07-26 23:40:12,17,36,36,2.801,3.803,0,High
2026-07-26 23:40:59,16,34,34,2.801,3.705,0,High
2026-07-26 23:50:11,17,37,37,2.801,3.722,0,High
2026-07-27 00:00:19,17,40,40,2.801,3.605,0,High
2026-07-27 00:10:13,16,40,40,2.801,3.564,0,High
2026-07-27 00:20:13,16,42,42,2.801,3.524,0,High
2026-07-27 00:32:23,17,37,37,2.801,3.334,0,High
2026-07-27 00:40:14,16,35,35,2.801,3.334,0,High
2026-07-27 00:50:15,17,36,36,2.801,3.334,0,High
2026-07-27 01:00:20,16,35,35,2.801,3.334,0,High
2026-07-27 01:10:14,16,36,36,2.801,3.711,0,High
2026-07-27 01:20:11,14,33,33,2.801,3.471,0,High
2026-07-27 01:30:19,15,35,35,2.801,3.607,0,High
2026-07-27 01:40:12,15,32,32,2.801,3.607,0,High
2026-07-27 01:50:13,14,27,27,2.801,3.471,0,High
2026-07-27 02:00:22,16,38,38,2.801,3.712,0,High
2026-07-27 02:10:11,14,31,31,2.801,3.471,0,High
2026-07-27 02:20:14,16,35,35,2.801,3.711,0,High
2026-07-27 02:30:20,16,35,35,2.801,3.711,0,High
2026-07-27 02:40:15,16,37,37,2.801,3.471,0,High
2026-07-27 02:50:25,18,39,39,2.801,3.711,0,High
2026-07-27 03:00:20,,,,,,0,High
2026-07-27 03:11:34,17,40,40,2.801,3.607,0,High
2026-07-27 03:20:14,18,48,40,2.801,3.711,0,High
2026-07-27 03:30:15,18,48,40,2.801,3.712,0,High
2026-07-27 03:40:17,18,46,38,2.801,3.712,0,High
2026-07-27 03:50:12,16,38,38,2.801,3.471,0,High
2026-07-27 04:00:17,17,41,41,2.801,3.607,0,High
2026-07-27 04:10:16,17,41,41,2.801,3.607,0,High
2026-07-27 04:20:12,16,39,39,2.801,3.471,0,High
2026-07-27 04:31:50,17,39,39,2.801,3.607,0,Low
2026-07-27 04:40:12,17,37,37,2.801,3.607,0,Low
2026-07-27 04:50:11,16,38,38,2.801,3.471,0,High
2026-07-27 05:00:22,16,39,39,2.801,3.471,0,High
2026-07-27 05:10:11,17,41,41,2.801,3.607,0,High
2026-07-27 05:20:17,15,33,33,2.801,3.334,0,High
2026-07-27 05:30:17,15,33,33,2.801,3.934,0,High
2026-07-27 05:40:14,17,36,36,2.801,3.935,0,High
2026-07-27 05:50:13,14,32,32,2.801,3.635,0,Medium
2026-07-27 06:00:20,16,37,37,2.801,3.875,0,Low
2026-07-27 06:10:11,17,41,41,2.801,3.935,0,Low
2026-07-27 06:20:13,17,48,40,2.801,3.935,0,High
2026-07-27 06:30:15,13,39,31,2.801,3.817,0,High
2026-07-27 06:40:13,14,40,32,2.801,3.876,0,High
2026-07-27 06:50:12,13,33,25,2.801,3.936,0,Low
2026-07-27 07:00:37,12,34,26,2.801,3.635,0,Low
2026-07-27 07:10:15,11,32,24,2.801,3.334,0,Low
2026-07-27 07:20:13,12,34,24,2.801,3.641,0,Low
2026-07-27 07:30:18,,,,,,0,Low
2026-07-27 07:40:12,13,35,27,2.801,3.934,0,Low
2026-07-27 07:50:15,13,35,27,2.801,3.934,0,Low
2026-07-27 08:00:24,13,35,27,2.801,3.936,0,Low
2026-07-27 08:10:12,12,35,27,2.801,3.641,0,Medium
2026-07-27 08:20:14,12,28,20,2.801,3.942,0,Medium
2026-07-27 08:30:19,12,35,27,2.801,3.641,0,Medium
2026-07-27 08:40:11,13,29,29,2.801,3.936,0,Medium
2026-07-27 08:50:14,13,28,28,2.801,3.936,0,Medium
2026-07-27 09:00:25,13,28,28,2.801,3.936,0,Low
2026-07-27 09:10:16,12,27,27,2.801,3.641,0,Low
2026-07-27 09:20:15,15,40,32,2.801,3.948,0,Low
2026-07-27 09:30:19,16,42,34,2.801,3.942,0,Low
2026-07-27 09:40:13,17,50,34,2.801,3.936,0,Low
2026-07-27 09:50:12,16,41,33,2.801,3.936,0,Low
2026-07-27 10:00:22,15,43,35,2.801,3.936,0,Low
2026-07-27 10:10:15,13,33,25,2.801,3.948,0,Low
2026-07-27 10:20:16,13,32,24,2.801,3.948,0,Low
2026-07-27 10:30:17,13,32,24,2.801,3.948,0,Low
2026-07-27 10:40:13,15,40,24,2.801,3.948,0,Low
2026-07-27 10:50:15,15,37,29,2.801,3.948,0,Medium
2026-07-27 11:00:20,15,37,29,2.801,3.948,0,Medium
2026-07-27 11:10:15,14,34,26,2.801,3.957,0,Low
2026-07-27 11:20:12,16,44,28,2.801,3.957,0,Medium
2026-07-27 11:30:13,15,37,29,2.801,3.948,0,Medium
2026-07-27 11:40:13,14,36,28,2.801,3.957,0,Medium
2026-07-27 11:50:11,15,36,28,2.801,3.948,0,Low
2026-07-27 12:00:20,15,38,30,2.801,3.936,0,Low
2026-07-27 12:01:28,15,38,30,2.801,3.936,0,Low
2026-07-27 12:10:13,15,43,27,2.801,3.948,0,Low
2026-07-27 12:20:11,15,51,27,2.801,3.967,0,Medium
2026-07-27 12:30:23,14,48,24,2.801,4.024,0,Medium
2026-07-27 12:40:18,14,41,25,2.801,3.951,0,Low
2026-07-27 12:50:16,16,43,27,2.801,4.024,0,Low
2026-07-27 13:00:27,16,43,26,2.801,4.024,0,Low
2026-07-27 13:10:21,17,51,27,2.801,4.081,1,Low
2026-07-27 13:20:16,,,,,,1,Low
2026-07-27 13:30:16,17,52,28,2.801,4.081,0,Low
2026-07-27 13:40:14,13,39,15,2.801,4.081,0,Low
2026-07-27 13:50:12,12,37,13,2.801,4.024,0,Low
2026-07-27 14:00:25,12,37,13,2.801,4.024,0,Low
2026-07-27 14:10:14,11,28,12,2.801,3.967,0,Low
2026-07-27 14:20:15,10,27,11,2.801,4.024,0,Low
2026-07-27 14:30:19,13,31,15,2.801,3.934,0,Low
2026-07-27 14:40:16,12,31,15,2.801,3.634,0,Low
2026-07-27 14:50:25,11,16,16,2.801,3.934,0,Low
2026-07-27 15:00:20,15,42,18,2.801,3.936,0,Low
2026-07-27 15:10:15,14,40,16,2.801,3.951,0,Low
2026-07-27 15:20:16,15,42,18,2.801,3.936,0,Medium
2026-07-27 15:30:17,10,36,12,2.801,4.324,0,Medium
2026-07-27 15:40:16,11,37,13,2.801,4.08,0,Medium
2026-07-27 15:50:13,8,26,10,2.801,3.635,0,Low
2026-07-27 16:00:27,10,30,14,2.801,4.024,0,Medium
2026-07-27 16:10:19,9,29,13,2.801,4.081,0,Medium
2026-07-27 16:20:14,11,29,13,2.801,4.081,0,Low
2026-07-27 16:30:26,13,31,15,2.801,3.967,0,Medium
2026-07-27 16:40:14,14,32,16,2.801,3.951,0,Medium
2026-07-27 16:50:21,9,23,15,2.801,3.936,0,Medium
2026-07-27 17:00:33,9,23,15,2.801,3.936,0,Medium
2026-07-27 17:10:14,9,23,15,2.801,3.934,0,Low
2026-07-27 17:20:13,8,22,14,2.801,3.634,0,Low
2026-07-27 17:30:18,9,30,14,2.801,3.934,0,Low
2026-07-27 17:40:14,9,30,14,2.801,3.934,0,Low
2026-07-27 17:50:22,8,28,12,2.801,3.634,0,Low
2026-07-27 18:00:23,8,28,12,2.801,3.634,0,Low
2026-07-27 18:01:15,8,26,10,2.801,3.634,0,Low
2026-07-27 18:10:15,8,26,10,2.801,3.634,0,Low
2026-07-27 18:20:19,8,22,14,2.801,3.575,0,Low
2026-07-27 18:30:26,7,18,10,2.801,3.334,0,Low
2026-07-27 18:40:18,7,18,10,2.801,3.334,0,Low
2026-07-27 18:50:18,7,17,9,2.801,3.334,0,Low
2026-07-27 19:00:30,6,16,8,2.801,3.202,0,Low
2026-07-27 19:10:19,7,23,7,2.801,3.334,0,Low
2026-07-27 19:20:13,7,24,8,2.801,3.334,0,Low
2026-07-27 19:30:15,11,36,12,2.801,3.935,0,Low
2026-07-27 19:40:19,11,36,12,2.801,3.817,0,Low
2026-07-27 19:50:19,9,27,11,2.801,3.334,0,Low
2026-07-27 20:00:21,10,28,12,2.801,3.575,0,Low
2026-07-27 20:10:12,10,29,13,2.801,3.575,0,Low
2026-07-27 20:20:19,9,28,12,2.801,3.334,0,Low
2026-07-27 20:30:16,7,25,9,2.801,3.334,0,Low
2026-07-27 20:40:20,8,26,10,2.801,3.707,0,Low
2026-07-27 20:50:13,8,26,10,2.801,3.202,0,Low
2026-07-27 21:00:24,10,22,13,2.801,3.575,0,Low
2026-07-27 21:10:17,10,22,14,2.801,3.575,0,Low
2026-07-27 21:20:15,9,16,16,2.801,3.817,0,Low
2026-07-27 21:30:16,10,18,18,2.801,3.876,0,Low
2026-07-27 21:40:16,11,21,21,2.801,3.817,0,Low
2026-07-27 21:50:14,14,39,23,2.801,3.935,0,Low
2026-07-27 21:53:07,14,39,23,2.801,3.935,0,Low
2026-07-27 22:00:25,10,27,19,2.801,3.635,0,Low
2026-07-27 22:10:18,10,26,18,2.801,3.635,0,Medium
2026-07-27 22:20:14,12,30,22,2.801,3.876,0,Low
2026-07-27 22:30:16,13,29,21,2.801,3.935,0,Medium
2026-07-27 22:40:13,13,29,21,2.801,3.935,0,Medium
2026-07-27 22:50:19,13,29,21,2.801,3.935,0,Medium
2026-07-27 23:00:23,13,29,21,2.801,3.935,0,Medium
2026-07-27 23:10:13,12,32,15,2.801,3.876,0,Medium
2026-07-27 23:20:15,14,38,22,2.801,3.935,0,Low
2026-07-27 23:30:17,14,43,27,2.801,3.935,0,Low
2026-07-27 23:40:12,13,43,27,2.801,3.936,0,Low
2026-07-27 23:50:19,12,33,17,2.801,3.935,0,Low
2026-07-28 00:00:27,13,34,18,2.801,3.935,0,Medium
2026-07-28 00:10:19,14,42,18,2.801,3.951,0,Medium
2026-07-28 00:20:12,14,48,24,2.801,3.951,0,Medium
2026-07-28 00:30:13,16,50,26,2.801,3.936,0,Medium
2026-07-28 00:40:17,16,51,35,2.801,3.936,0,Medium
2026-07-28 00:50:18,16,50,26,2.801,3.936,0,Medium
2026-07-28 01:00:29,16,52,28,2.801,3.935,0,Medium
2026-07-28 01:10:11,15,50,34,2.801,3.935,0,Medium
2026-07-28 01:20:15,16,51,35,2.801,3.935,0,Medium
2026-07-28 01:30:22,16,50,26,2.801,3.935,0,Medium
2026-07-28 01:40:21,15,45,29,2.801,3.935,0,High
2026-07-28 01:50:16,15,44,20,2.801,3.935,0,Medium
2026-07-28 02:00:28,16,45,29,2.801,3.935,0,Medium
2026-07-28 02:10:24,17,47,31,2.801,3.935,0,Medium
2026-07-28 02:20:19,15,49,33,2.801,3.935,0,Medium
2026-07-28 02:30:20,16,49,33,2.801,3.935,0,Low
2026-07-28 02:40:15,16,50,42,2.801,3.935,0,Low
2026-07-28 02:50:11,16,50,34,2.801,3.935,0,Low
2026-07-28 03:00:28,17,51,43,2.801,3.935,1,Low
2026-07-28 03:10:14,16,43,35,2.801,3.935,0,Low
2026-07-28 03:20:14,16,43,27,2.801,3.935,0,Low
2026-07-28 03:30:14,16,43,35,2.801,3.935,0,Medium
2026-07-28 03:40:20,18,51,43,2.801,3.936,0,Medium
2026-07-28 03:50:20,18,52,44,2.801,3.936,0,Medium
2026-07-28 04:00:18,16,49,41,2.801,3.942,0,Medium
2026-07-28 04:10:15,15,48,40,2.801,3.948,0,Medium
2026-07-28 04:20:12,17,53,45,2.801,3.948,0,Medium
2026-07-28 04:30:20,15,40,32,2.801,3.962,0,Medium
2026-07-28 04:40:16,14,42,33,2.801,3.949,0,Medium
2026-07-28 04:50:22,15,45,37,2.801,3.962,0,Low
2026-07-28 05:00:29,17,49,41,2.801,3.936,1,Medium
2026-07-28 05:10:14,17,50,40,2.801,4.079,0,Medium
2026-07-28 05:20:18,17,49,41,2.801,4.014,0,Medium
2026-07-28 05:30:23,15,48,40,2.801,3.962,1,Medium
2026-07-28 05:40:20,16,49,32,2.801,3.948,0,Medium
2026-07-28 05:50:21,15,35,26,2.801,3.935,0,Medium
2026-07-28 06:00:28,13,29,21,2.801,3.962,0,Medium
2026-07-28 06:10:12,12,27,18,2.801,3.72,0,Medium
2026-07-28 06:20:19,13,32,24,2.801,3.817,0,Medium
2026-07-28 06:30:27,14,39,31,2.801,3.876,0,Medium
2026-07-28 06:40:21,10,25,17,2.801,3.406,0,Medium
2026-07-28 06:50:21,11,26,18,2.801,3.478,0,Medium
2026-07-28 07:00:22,12,26,18,2.801,3.647,0,Medium
2026-07-28 07:10:27,13,27,19,2.801,3.817,0,Medium
2026-07-28 07:20:18,13,34,26,2.801,3.817,0,Medium
2026-07-28 07:30:24,12,29,21,2.801,3.889,0,Low
2026-07-28 07:40:15,11,29,20,2.801,3.962,0,Low
2026-07-28 07:47:55,12,30,21,2.801,3.949,0,Low
2026-07-28 07:50:23,12,30,21,2.801,3.949,0,Low
2026-07-28 08:00:21,13,38,21,2.801,3.962,0,Low
2026-07-28 08:10:20,14,39,22,2.801,3.949,0,Low
2026-07-28 08:20:21,13,38,21,2.801,4.08,0,Low
2026-07-28 08:30:24,14,43,26,2.801,4.113,0,Low
2026-07-28 08:40:16,13,35,18,2.801,4.08,0,Low
2026-07-28 08:50:16,10,32,15,2.801,3.948,0,Low
2026-07-28 09:00:20,12,36,19,2.801,4.008,0,Low
2026-07-28 09:10:21,12,37,20,2.801,4.007,0,Low
2026-07-28 09:20:20,13,42,25,2.801,3.962,0,Low
2026-07-28 09:30:25,12,38,21,2.801,3.948,0,Low
2026-07-28 09:40:12,12,44,27,2.801,3.949,0,Low
2026-07-28 09:50:18,11,34,16,2.801,3.817,0,Low
2026-07-28 10:00:25,12,35,17,2.801,3.876,0,Low
2026-07-28 10:10:14,11,33,15,2.801,3.817,0,Low
2026-07-28 10:20:14,15,54,36,2.801,3.962,0,Low
2026-07-28 10:30:22,14,53,35,2.801,4.021,0,Low
2026-07-28 10:40:21,13,50,32,2.801,3.962,0,Low
2026-07-28 10:50:19,13,43,33,2.744,3.817,0,Low
2026-07-28 11:00:21,12,41,31,2.744,3.72,0,Low
2026-07-28 11:10:18,12,40,30,2.744,3.72,0,Low
2026-07-28 11:20:20,13,41,31,2.744,3.936,0,Low
2026-07-28 11:30:16,14,42,32,2.744,3.949,0,Low
2026-07-28 11:40:14,15,43,33,2.744,3.936,0,Low
2026-07-28 11:50:16,16,46,36,2.744,3.948,0,Low
2026-07-28 12:00:23,15,37,27,2.744,3.936,0,Low
2026-07-28 12:10:16,17,43,33,2.744,3.936,0,Medium
2026-07-28 12:20:21,16,41,31,2.744,3.948,0,Medium
2026-07-28 12:30:17,16,42,32,2.744,3.948,0,Low
2026-07-28 12:40:12,18,52,42,2.744,3.949,0,Low
2026-07-28 12:50:20,17,48,38,2.801,3.962,0,Low
2026-07-28 13:00:28,17,51,41,2.801,3.962,0,Medium
2026-07-28 13:10:21,17,48,38,2.801,3.962,0,Low
2026-07-28 13:20:14,17,42,32,2.801,3.962,0,Low
2026-07-28 13:22:18,16,39,29,2.801,3.949,0,Low
2026-07-28 13:30:21,17,42,32,2.801,3.962,0,Low
2026-07-28 13:40:20,14,30,28,2.801,3.949,1,Medium
2026-07-28 13:50:21,14,32,30,2.801,3.939,0,Medium
2026-07-28 14:00:24,13,28,26,2.801,3.935,0,Medium
2026-07-28 14:10:18,10,23,21,2.801,3.891,0,Medium
2026-07-28 14:20:21,10,23,21,2.801,3.936,0,Medium
2026-07-28 14:30:23,10,31,29,2.801,4.022,0,Medium
2026-07-28 14:40:21,9,28,28,2.801,3.334,0,Low
2026-07-28 14:50:16,11,36,34,2.801,4.079,0,Low
2026-07-28 15:00:29,10,34,32,2.801,4.021,0,Medium
2026-07-28 15:10:26,10,30,29,2.801,3.72,0,Medium
2026-07-28 15:20:16,11,32,31,2.801,3.936,0,Medium
2026-07-28 15:30:17,11,40,30,2.801,3.936,0,Medium
2026-07-28 15:40:16,13,38,28,2.801,3.936,0,Medium
2026-07-28 15:50:16,14,42,32,2.801,3.949,0,Medium
2026-07-28 16:00:26,13,40,30,2.801,3.962,0,Medium
2026-07-28 16:10:21,13,39,29,2.801,3.962,0,Medium
2026-07-28 16:20:13,13,39,31,2.801,3.962,0,Medium
2026-07-28 16:30:21,11,35,27,2.802,3.962,0,Low
2026-07-28 16:40:16,14,45,37,2.802,4.021,0,Low
2026-07-28 16:50:15,12,34,26,2.802,4.021,0,High
2026-07-28 17:00:26,,,,,,0,Low
2026-07-28 17:10:23,12,27,27,2.802,3.949,0,Low
2026-07-28 17:20:21,12,29,29,2.802,3.949,0,Medium
2026-07-28 17:30:20,13,30,30,2.802,3.936,0,Medium
2026-07-28 17:40:16,13,30,30,2.802,3.936,0,Low
2026-07-28 17:50:16,13,30,30,2.802,3.962,0,Low
2026-07-28 18:00:19,14,31,31,2.802,3.949,0,Medium
2026-07-28 18:04:43,15,38,38,2.802,3.962,0,Medium
2026-07-28 18:10:17,14,37,37,2.802,4.021,0,Medium
2026-07-28 18:20:17,16,45,45,2.802,4.021,0,Medium
2026-07-28 18:30:19,15,44,44,2.802,3.982,0,Medium
2026-07-28 18:40:16,14,37,37,2.802,3.949,0,High
2026-07-28 18:50:18,14,41,41,2.802,3.955,0,High
2026-07-28 19:00:20,14,40,40,2.802,3.955,0,Medium
2026-07-28 19:10:18,14,37,37,2.802,3.949,0,Medium
2026-07-28 19:20:14,14,36,36,2.802,3.949,1,Medium
2026-07-28 19:30:20,16,41,41,2.802,3.942,1,Medium
2026-07-28 19:40:19,15,38,38,2.802,3.936,1,Medium
2026-07-28 19:50:20,14,39,39,2.801,3.949,1,Medium
2026-07-28 20:00:22,14,46,38,2.801,4.021,1,Medium
2026-07-28 20:10:21,11,22,22,2.801,3.936,1,Medium
2026-07-28 20:20:14,13,26,26,2.801,3.935,1,Medium
2026-07-28 20:30:16,12,25,25,2.801,3.876,1,Medium
2026-07-28 20:40:13,12,29,29,2.801,3.876,1,Medium
2026-07-28 20:50:14,12,27,27,2.801,3.876,1,Medium
2026-07-28 21:00:19,11,22,22,2.801,3.817,1,Medium
2026-07-28 21:10:15,11,22,22,2.801,3.817,1,Medium
2026-07-28 21:20:15,10,21,21,2.801,3.818,1,Medium
2026-07-28 21:30:16,10,21,21,2.801,3.758,1,Medium
2026-07-28 21:40:14,12,23,22,2.801,3.876,1,Medium
2026-07-28 21:48:23,13,31,31,2.801,3.935,1,Medium
2026-07-28 21:50:12,13,38,38,2.801,3.935,1,Medium
2026-07-28 22:00:24,13,38,38,2.801,3.935,1,Medium
2026-07-28 22:10:13,13,38,38,2.801,3.935,1,Medium
2026-07-28 22:20:18,14,42,42,2.801,3.935,1,Medium
2026-07-28 22:30:22,13,39,39,2.801,3.935,1,High
2026-07-28 22:40:18,14,45,37,2.801,3.935,1,Medium
2026-07-28 22:50:21,13,46,38,2.801,3.935,1,Medium
2026-07-28 23:00:18,14,46,38,2.801,3.936,1,Medium
2026-07-28 23:10:20,13,45,37,2.801,3.936,1,Medium
2026-07-28 23:20:20,12,44,36,2.801,3.935,1,Medium
2026-07-28 23:30:16,12,44,36,2.801,3.935,1,Medium
2026-07-28 23:40:13,12,44,36,2.801,3.935,1,Low
2026-07-28 23:50:11,12,42,34,2.801,3.935,1,Low
2026-07-29 00:00:19,14,44,36,2.801,3.949,1,Medium
2026-07-29 00:10:13,14,45,37,2.801,3.949,1,Medium
2026-07-29 00:20:20,16,47,39,2.801,3.949,1,Medium
2026-07-29 00:30:14,15,50,42,2.801,3.962,1,Medium
2026-07-29 00:40:20,15,48,40,2.801,3.962,1,Medium
2026-07-29 00:50:18,16,50,42,2.801,3.949,1,Medium
2026-07-29 01:00:22,15,46,38,2.801,3.936,1,Medium
2026-07-29 01:10:18,15,46,38,2.801,3.936,1,Medium
2026-07-29 01:20:15,14,46,38,2.801,4.007,1,Medium
2026-07-29 01:30:15,13,46,38,2.801,4.079,1,Medium
2026-07-29 01:40:18,13,47,47,2.801,3.935,1,Medium
2026-07-29 01:50:18,13,46,46,2.801,3.948,1,Medium
2026-07-29 02:00:17,14,44,44,2.801,3.942,1,Medium
2026-07-29 02:10:15,14,44,44,2.801,3.942,1,Medium
2026-07-29 02:20:15,14,44,44,2.801,3.935,1,Medium
2026-07-29 02:30:20,13,42,42,2.801,3.935,1,Medium
2026-07-29 02:40:21,12,33,33,2.801,3.935,1,Medium
2026-07-29 02:50:14,13,36,36,2.801,3.935,1,Medium
2026-07-29 03:00:25,12,34,34,2.801,3.935,1,Medium
2026-07-29 03:10:14,13,36,36,2.801,3.935,1,Medium
2026-07-29 03:20:19,14,33,33,2.801,3.935,1,Medium
2026-07-29 03:30:16,14,30,30,2.801,3.935,1,Medium
2026-07-29 03:40:16,14,27,27,2.801,3.935,1,Medium
2026-07-29 03:50:16,15,32,32,2.801,3.935,1,Medium
2026-07-29 04:00:17,17,44,36,2.801,3.935,1,Medium
2026-07-29 04:10:15,17,44,36,2.801,3.935,1,Medium
2026-07-29 04:20:15,16,36,36,2.801,3.935,1,Medium
2026-07-29 04:30:20,16,35,35,2.801,3.935,1,Medium
2026-07-29 04:40:13,16,36,36,2.801,3.935,1,Medium
2026-07-29 04:50:13,16,36,36,2.801,3.935,1,Medium
2026-07-29 05:00:18,16,36,36,2.801,3.935,1,Medium
2026-07-29 05:10:14,16,35,35,2.801,3.935,1,High
2026-07-29 05:20:13,15,34,34,2.801,3.935,1,Medium
2026-07-29 05:30:17,15,34,34,2.801,3.935,1,Medium
2026-07-29 05:40:14,15,34,34,2.801,3.935,1,Medium
2026-07-29 05:50:13,17,36,36,2.801,3.935,1,High
2026-07-29 06:00:21,18,38,38,2.801,3.876,1,Medium
2026-07-29 06:10:22,18,38,38,2.801,3.876,1,Medium
2026-07-29 06:20:17,17,33,33,2.801,3.935,1,Medium
2026-07-29 06:30:22,15,31,31,2.801,3.935,0,Medium
2026-07-29 06:40:20,16,31,31,2.801,3.935,0,Medium
2026-07-29 06:50:18,15,30,30,2.801,3.935,1,Medium
2026-07-29 07:00:22,15,32,32,2.801,3.935,1,Medium
2026-07-29 07:10:13,15,32,32,2.801,3.935,1,Medium
2026-07-29 07:20:19,14,28,28,2.801,3.935,1,Medium
2026-07-29 07:30:22,14,27,27,2.801,3.93,1,High
2026-07-29 07:40:18,14,27,27,2.801,3.831,1,High
2026-07-29 07:50:21,13,25,25,2.801,3.817,1,Medium
2026-07-29 08:00:27,12,28,28,2.801,3.876,1,Medium
2026-07-29 08:01:24,12,28,28,2.801,3.876,1,Medium
2026-07-29 08:10:13,12,28,28,2.801,3.876,1,Medium
2026-07-29 08:20:12,13,28,28,2.801,3.935,1,Medium
2026-07-29 08:30:17,13,26,26,2.801,3.935,1,Medium
2026-07-29 08:40:21,13,26,26,2.801,3.935,1,Medium
2026-07-29 08:50:12,13,26,26,2.801,3.935,1,Medium
2026-07-29 09:00:25,13,25,25,2.801,3.935,1,Medium
2026-07-29 09:10:15,13,26,26,2.801,3.935,1,Medium
2026-07-29 09:20:14,14,40,32,2.801,3.949,1,Medium
2026-07-29 09:30:21,13,39,31,2.801,3.935,1,Medium
2026-07-29 09:40:15,13,34,26,2.801,3.936,1,Medium
2026-07-29 09:50:13,14,37,29,2.801,3.948,1,Medium
2026-07-29 10:00:19,14,36,28,2.801,3.949,1,Medium
2026-07-29 10:10:16,14,37,29,2.801,3.949,1,Medium
2026-07-29 10:20:22,14,35,27,2.801,3.949,1,Medium
2026-07-29 10:30:15,13,34,26,2.801,3.935,0,Medium
2026-07-29 10:40:15,14,35,27,2.801,3.935,0,Medium
2026-07-29 10:50:14,15,36,28,2.801,3.935,0,Medium
2026-07-29 11:00:24,14,34,26,2.801,3.876,0,Medium
2026-07-29 11:10:21,15,35,27,2.801,3.817,0,Medium
2026-07-29 11:20:13,15,35,27,2.801,3.817,1,Medium
2026-07-29 11:30:22,15,34,26,2.801,3.817,1,Low
2026-07-29 11:40:16,16,39,31,2.801,3.876,1,Medium
2026-07-29 11:50:13,15,38,30,2.801,3.935,1,Medium
2026-07-29 12:00:28,15,38,30,2.801,3.935,1,Low
2026-07-29 12:10:24,14,35,27,2.801,3.935,1,Medium
2026-07-29 12:20:15,14,35,27,2.801,3.81,1,Medium
2026-07-29 12:30:17,14,35,27,2.801,3.91,1,Medium
2026-07-29 12:40:20,13,26,26,2.801,3.763,1,Medium
2026-07-29 12:50:22,12,26,26,2.801,3.808,1,Low
2026-07-29 13:00:25,13,32,24,2.801,3.935,1,Low
2026-07-29 13:10:14,13,30,22,2.801,3.935,1,Medium
2026-07-29 13:20:20,13,30,22,2.801,3.935,1,Medium
2026-07-29 13:30:27,13,25,25,2.801,3.935,1,Medium
2026-07-29 13:40:15,14,34,34,2.801,3.935,0,Medium
2026-07-29 13:50:21,12,33,33,2.801,3.951,0,Medium
2026-07-29 14:00:22,12,31,31,2.801,3.951,0,Low
2026-07-29 14:10:16,13,33,33,2.801,3.936,0,Low
2026-07-29 14:20:22,14,43,35,2.801,4.023,0,Low
2026-07-29 14:30:25,13,42,34,2.801,4.079,0,Low
2026-07-29 14:40:14,10,25,17,2.801,4.023,0,Low
2026-07-29 14:50:20,11,27,19,2.801,3.967,0,Low
2026-07-29 15:00:22,11,26,18,2.801,3.935,0,Low
2026-07-29 15:10:15,11,26,18,2.801,3.935,0,Low
2026-07-29 15:20:13,14,33,25,2.801,3.935,0,Low
2026-07-29 15:30:18,13,30,22,2.801,3.936,0,Low
2026-07-29 15:34:58,13,31,23,2.801,3.967,1,Low
2026-07-29 15:40:21,13,31,23,2.801,3.967,0,Low
2026-07-29 15:50:21,13,32,24,2.801,3.935,0,Medium
2026-07-29 16:00:23,12,27,19,2.801,3.935,0,Medium
2026-07-29 16:10:31,12,28,20,2.801,3.935,1,Medium
2026-07-29 16:20:17,11,27,19,2.801,3.935,0,Medium
2026-07-29 16:30:25,12,34,18,2.801,3.935,0,Medium
2026-07-29 16:40:20,13,38,22,2.801,3.936,0,Medium
2026-07-29 16:50:15,14,41,25,2.801,3.935,0,Medium
2026-07-29 17:00:23,13,32,24,2.801,3.935,0,Medium
2026-07-29 17:10:13,13,32,24,2.801,3.935,0,Medium
2026-07-29 17:20:14,13,36,28,2.801,3.962,0,Medium
2026-07-29 17:30:16,11,31,23,2.801,3.962,0,Medium
2026-07-29 17:40:14,12,32,24,2.801,3.949,0,Low
2026-07-29 17:50:15,12,40,24,2.801,3.948,0,Low
2026-07-29 18:00:19,12,39,23,2.801,3.949,0,Medium
2026-07-29 18:10:21,14,41,25,2.801,3.949,0,Low
2026-07-29 18:20:12,13,31,23,2.801,3.935,0,Low
2026-07-29 18:30:17,13,31,23,2.801,3.935,0,Medium
2026-07-29 18:40:18,13,30,22,2.801,3.936,0,Medium
2026-07-29 18:44:15,13,30,22,2.801,3.936,0,Medium
2026-07-29 18:50:16,12,30,22,2.801,3.935,0,Medium
2026-07-29 19:00:21,12,29,21,2.801,3.935,0,Medium
2026-07-29 19:10:16,11,28,20,2.801,3.936,0,Medium
2026-07-29 19:20:16,10,27,19,2.801,4.008,0,Medium
2026-07-29 19:30:18,11,29,21,2.801,3.935,0,Medium
2026-07-29 19:40:21,13,39,23,2.801,3.936,0,Medium
2026-07-29 19:50:14,12,39,23,2.801,4.007,1,Medium
2026-07-29 20:00:19,12,36,20,2.801,3.935,0,Medium
2026-07-29 20:10:12,11,32,24,2.8,3.935,0,Medium
2026-07-29 20:20:12,13,40,32,2.8,3.935,0,Medium
2026-07-29 20:30:14,13,40,32,2.8,3.935,0,High
2026-07-29 20:40:18,13,40,32,2.8,3.935,0,Medium
2026-07-29 20:50:14,13,40,32,2.8,3.935,1,Medium
2026-07-29 21:00:19,13,33,33,2.8,3.935,0,High
2026-07-29 21:10:12,13,33,33,2.8,3.935,1,Low
2026-07-29 21:20:13,13,32,32,2.8,3.935,0,High
2026-07-29 21:30:20,14,34,34,2.8,3.935,1,High
2026-07-29 21:40:12,14,33,33,2.8,3.935,0,Medium
2026-07-29 21:42:51,13,31,31,2.8,3.936,0,Medium
2026-07-29 21:50:12,15,43,43,2.8,3.935,1,Low
2026-07-29 22:00:18,14,38,38,2.8,3.935,0,Low
2026-07-29 22:10:23,11,34,34,2.8,3.935,0,Low
2026-07-29 22:20:17,11,27,27,2.8,3.935,0,Low
2026-07-29 22:30:15,11,27,27,2.8,3.935,0,Low
2026-07-29 22:40:17,10,23,23,2.8,3.706,0,Low
2026-07-29 22:50:15,10,23,23,2.8,3.706,0,Low
2026-07-29 23:00:29,9,22,22,2.8,3.935,0,Low
2026-07-29 23:10:14,10,23,23,2.8,3.706,0,Low
2026-07-29 23:20:15,10,24,24,2.8,3.706,0,Low
2026-07-29 23:30:17,11,28,28,2.8,3.935,0,Medium
2026-07-29 23:40:14,12,27,27,2.8,3.897,0,Medium
2026-07-29 23:50:13,13,30,30,2.8,3.817,0,Medium
2026-07-30 00:00:16,14,33,33,2.8,3.876,1,Low
2026-07-30 00:10:15,18,50,42,2.8,3.875,0,Low
2026-07-30 00:20:19,19,56,48,2.8,3.817,0,Low
2026-07-30 00:30:15,19,62,54,2.8,3.816,0,Medium
2026-07-30 00:40:13,18,51,43,2.8,3.875,0,Medium
2026-07-30 00:50:14,17,55,47,2.534,3.685,0,Low
2026-07-30 01:00:24,17,56,48,2.4,3.685,0,Medium
2026-07-30 01:10:20,17,55,47,2.4,3.685,0,Medium
2026-07-30 01:20:11,15,51,43,2.4,3.935,0,Medium
2026-07-30 01:30:14,13,39,31,2.4,3.935,0,Medium
2026-07-30 01:40:19,11,36,28,2.4,3.478,0,Medium
2026-07-30 01:50:14,13,43,35,2.4,3.817,0,Medium
2026-07-30 02:00:16,15,49,41,2.134,3.816,0,Medium
2026-07-30 02:10:11,14,45,37,2.8,3.875,1,Medium
2026-07-30 02:20:11,17,56,48,2.134,3.935,1,Medium
2026-07-30 02:30:26,16,48,40,2.8,3.935,1,Medium
2026-07-30 02:40:12,16,44,36,2.8,3.935,1,Medium
2026-07-30 02:50:14,15,41,33,2.8,3.936,1,Medium
2026-07-30 03:00:30,14,40,32,2.8,3.951,0,Medium
2026-07-30 03:10:11,15,34,34,2.8,3.935,0,Medium
2026-07-30 03:20:15,15,34,34,2.8,3.935,1,Medium
2026-07-30 03:30:13,16,35,35,2.8,3.935,1,Medium
2026-07-30 03:40:15,16,35,35,2.8,3.876,1,Medium
2026-07-30 03:50:12,16,37,37,2.8,3.875,1,Medium
2026-07-30 04:00:17,15,36,36,2.8,3.816,1,Medium
2026-07-30 04:10:20,15,34,34,2.8,3.817,1,Medium
2026-07-30 04:20:12,14,33,33,2.8,3.858,1,Medium
2026-07-30 04:30:16,13,31,31,2.8,3.817,0,Low
2026-07-30 04:40:13,14,30,30,2.8,3.876,0,Low
2026-07-30 04:50:13,15,35,35,2.8,3.935,0,Medium
2026-07-30 05:00:17,14,34,34,2.8,3.876,0,Medium
2026-07-30 05:10:16,15,36,36,2.8,3.935,0,Medium
2026-07-30 05:20:14,17,38,38,2.8,3.935,1,Medium
2026-07-30 05:30:18,15,37,37,2.8,3.935,0,Medium
2026-07-30 05:40:14,15,34,34,2.8,3.935,0,Medium
2026-07-30 05:50:20,14,33,33,2.8,3.875,0,Medium
2026-07-30 06:00:19,13,34,34,2.8,3.935,0,Low
2026-07-30 06:10:13,13,34,34,2.8,3.936,0,Medium
2026-07-30 06:20:12,12,36,36,2.8,3.948,0,Low
2026-07-30 06:30:18,13,33,33,2.8,3.936,0,Low
2026-07-30 06:40:15,15,37,37,2.8,3.936,0,Low
2026-07-30 06:50:21,16,39,39,2.8,3.935,0,Low
2026-07-30 07:00:18,16,42,42,2.8,3.935,1,Low
2026-07-30 07:10:21,13,36,36,2.8,3.935,1,Medium
2026-07-30 07:20:23,14,36,36,2.8,3.935,1,Medium
2026-07-30 07:30:23,14,36,36,2.8,3.935,1,Medium
2026-07-30 07:40:20,13,32,32,2.8,3.816,1,Low
2026-07-30 07:41:20,14,33,33,2.8,3.876,1,Low
2026-07-30 07:50:12,14,34,34,2.8,3.75,1,Low
2026-07-30 08:00:17,12,31,31,2.8,3.876,1,Low
2026-07-30 08:10:12,11,27,27,2.8,3.935,1,Low
2026-07-30 08:20:12,12,31,31,2.8,3.876,1,Low
2026-07-30 08:30:23,12,31,31,2.8,3.876,1,Medium
2026-07-30 08:40:22,14,33,33,2.8,3.647,1,Low
2026-07-30 08:50:20,13,32,32,2.8,3.816,1,Low
2026-07-30 09:00:19,13,31,31,2.8,3.816,1,Low
2026-07-30 09:10:13,13,30,30,2.8,3.816,1,Low
2026-07-30 09:20:21,13,34,34,2.8,3.935,1,Low
2026-07-30 09:30:16,13,34,34,2.8,3.935,1,Low
2026-07-30 09:40:13,14,35,35,2.8,3.935,1,Low
2026-07-30 09:50:14,12,29,29,2.8,3.706,1,Low
2026-07-30 10:00:22,15,32,32,2.8,3.935,0,Low
2026-07-30 10:10:13,12,27,27,2.8,3.935,0,Low
2026-07-30 10:20:24,13,35,35,2.8,3.935,0,Low
2026-07-30 10:30:15,14,36,36,2.8,3.935,0,Low
2026-07-30 10:40:12,13,35,35,2.8,3.935,0,Low
2026-07-30 10:50:22,14,36,36,2.8,3.935,0,Low
2026-07-30 11:00:20,14,37,37,2.8,3.935,0,Medium
2026-07-30 11:10:15,14,37,37,2.8,3.935,0,Medium
2026-07-30 11:20:24,15,39,39,2.8,3.936,0,Medium
2026-07-30 11:30:14,15,39,39,2.8,3.936,0,Medium
2026-07-30 11:40:19,15,41,41,2.8,3.935,0,Medium
2026-07-30 11:50:22,14,39,39,2.8,3.935,0,Medium
2026-07-30 12:00:18,15,40,40,2.8,3.9,0,Medium
2026-07-30 12:10:18,15,47,47,2.8,3.935,0,Medium
2026-07-30 12:20:15,16,49,49,2.8,3.837,0,Medium
2026-07-30 12:30:15,15,47,47,2.8,3.935,0,Medium
2026-07-30 12:40:15,14,47,47,2.8,3.935,0,Medium
2026-07-30 12:50:20,15,51,51,2.8,3.935,0,Medium
2026-07-30 13:00:28,15,51,51,2.8,3.935,0,Medium
2026-07-30 13:10:14,14,47,47,2.8,3.935,0,Medium
2026-07-30 13:17:20,13,43,43,2.8,3.935,0,Medium
2026-07-30 13:20:13,13,45,45,2.8,3.936,0,Medium
2026-07-30 13:30:15,12,44,44,2.8,3.935,0,Medium
2026-07-30 13:40:14,12,44,44,2.8,3.935,0,Low
2026-07-30 13:50:19,14,45,45,2.8,3.935,0,Medium
2026-07-30 14:00:25,13,46,46,2.8,3.935,0,Low
2026-07-30 14:10:19,14,47,47,2.8,3.875,0,Low
2026-07-30 14:20:24,14,46,46,2.8,3.935,0,Medium
2026-07-30 14:30:19,14,53,53,2.8,3.935,0,Medium
2026-07-30 14:40:24,12,49,49,2.8,4.007,0,Medium
2026-07-30 14:50:24,13,49,41,2.8,3.936,1,Medium
2026-07-30 15:00:18,13,49,41,2.8,3.936,0,Medium
2026-07-30 15:10:20,11,45,37,2.8,4.08,0,Medium
2026-07-30 15:20:20,12,46,38,2.8,4.045,0,Medium
2026-07-30 15:30:24,10,43,35,2.8,4.08,0,Medium
2026-07-30 15:40:21,11,44,36,2.8,4.079,0,Medium
2026-07-30 15:50:15,11,44,36,2.8,4.08,0,Medium
2026-07-30 16:00:18,12,46,38,2.8,3.973,0,Medium
2026-07-30 16:10:20,11,44,36,2.8,4.011,0,Medium
2026-07-30 16:20:13,13,51,43,2.8,3.936,0,Medium
2026-07-30 16:30:17,12,50,42,2.8,3.973,0,Medium
2026-07-30 16:40:14,11,39,31,2.801,4.011,0,Medium
2026-07-30 16:50:16,11,38,30,2.801,4.011,0,Medium
2026-07-30 17:00:17,11,38,30,2.801,4.011,0,Medium
2026-07-30 17:10:20,11,38,30,2.801,4.011,0,Medium
2026-07-30 17:20:20,11,38,30,2.801,3.936,0,Low
2026-07-30 17:30:22,10,39,31,2.801,3.973,0,Medium
2026-07-30 17:40:13,10,39,31,2.801,3.973,0,Medium
2026-07-30 17:50:12,11,38,38,2.801,3.936,0,Medium
2026-07-30 18:00:26,10,38,38,2.801,3.973,1,Medium
2026-07-30 18:04:34,11,40,40,2.801,3.935,0,Medium
2026-07-30 18:10:15,11,38,38,2.802,3.935,0,Medium
2026-07-30 18:20:12,12,42,42,2.802,3.935,0,Medium
2026-07-30 18:30:16,9,32,32,2.802,3.935,0,Medium
2026-07-30 18:40:27,9,32,32,2.802,3.935,1,Medium
2026-07-30 18:50:12,9,32,32,2.802,3.935,0,Medium
2026-07-30 19:00:25,8,29,29,2.802,3.875,0,Medium
2026-07-30 19:10:17,8,29,29,2.802,3.875,0,Medium
2026-07-30 19:20:18,8,22,22,2.802,3.935,0,Medium
2026-07-30 19:30:16,8,22,22,2.802,3.935,0,Medium
2026-07-30 19:40:25,8,15,15,2.802,3.935,0,Medium
2026-07-30 19:50:18,10,28,28,2.802,3.935,0,Medium
2026-07-30 20:00:18,10,26,26,2.802,3.935,0,Medium
2026-07-30 20:10:13,9,17,17,2.802,3.936,0,Medium
2026-07-30 20:20:13,9,25,17,2.802,4.079,0,Medium
2026-07-30 20:30:22,11,28,20,2.802,4.081,0,Medium
2026-07-30 20:40:19,13,39,31,2.801,3.936,1,Medium
2026-07-30 20:50:16,11,41,33,2.801,3.936,0,Medium
2026-07-30 21:00:18,13,49,41,2.801,4.081,1,Medium
2026-07-30 21:10:13,13,43,35,2.801,4.081,0,Medium
2026-07-30 21:20:16,14,49,33,2.801,4.146,0,Medium
2026-07-30 21:30:16,14,49,33,2.801,4.008,0,Medium
2026-07-30 21:40:15,14,49,41,2.801,4.008,1,Medium
2026-07-30 21:50:11,14,46,38,2.8,4.016,0,Medium
2026-07-30 21:53:21,13,45,37,2.8,3.982,0,Medium
2026-07-30 22:08:09,14,44,36,2.801,3.973,0,Medium
2026-07-30 22:10:13,14,45,37,2.801,3.973,0,Medium
2026-07-30 22:20:14,14,52,44,2.8,3.973,0,Medium
2026-07-30 22:30:17,16,56,48,2.8,3.973,1,Medium
2026-07-30 22:40:22,16,54,46,2.8,3.973,0,Medium
2026-07-30 22:50:11,14,55,47,2.8,3.973,0,Low
2026-07-30 23:00:18,13,53,45,2.8,4.011,0,Medium
2026-07-30 23:10:14,13,53,45,2.8,4.011,1,Medium
2026-07-30 23:20:14,14,56,48,2.8,4.046,0,Low
2026-07-30 23:30:14,14,50,42,2.8,3.935,0,Medium
2026-07-30 23:40:22,14,54,46,2.8,4.007,0,Medium
2026-07-30 23:50:16,13,38,30,2.8,3.935,0,Medium
2026-07-31 00:00:16,13,41,33,2.8,3.935,0,Medium
2026-07-31 00:10:11,12,37,29,2.8,3.935,0,Medium
2026-07-31 00:20:14,12,37,29,2.8,3.935,0,Medium
2026-07-31 00:30:20,13,38,30,2.8,3.936,0,Medium
2026-07-31 00:40:19,13,41,33,2.8,3.936,1,Low
2026-07-31 00:50:14,12,39,31,2.8,3.935,1,Medium
2026-07-31 01:00:18,12,39,31,2.8,3.935,0,Low
2026-07-31 01:10:13,12,39,31,2.8,3.935,1,Medium
2026-07-31 01:20:12,13,43,35,2.8,3.935,1,Medium
2026-07-31 01:30:19,12,42,34,2.8,3.935,1,Medium
2026-07-31 01:40:16,11,37,29,2.8,3.935,1,Medium
2026-07-31 01:50:19,14,41,33,2.8,3.935,1,Medium
2026-07-31 02:00:18,11,37,29,2.8,3.935,1,Medium
2026-07-31 02:10:20,12,39,31,2.8,3.935,0,Medium
2026-07-31 02:20:17,12,38,30,2.8,3.935,0,Medium
2026-07-31 02:30:14,12,38,30,2.8,3.935,0,Medium
2026-07-31 02:40:22,11,37,29,2.8,3.935,0,Medium
2026-07-31 02:50:16,14,41,33,2.8,3.935,0,Medium
2026-07-31 03:00:25,16,43,35,2.8,3.935,1,Medium
2026-07-31 03:10:14,15,42,34,2.8,3.935,1,Medium
2026-07-31 03:20:19,18,52,36,2.8,3.935,1,Medium
2026-07-31 03:30:14,17,51,35,2.8,3.935,1,Medium
2026-07-31 03:40:13,17,51,43,2.8,3.935,1,Medium
2026-07-31 03:50:14,16,49,41,2.8,3.935,1,Medium
2026-07-31 04:00:18,17,59,51,2.632,3.936,1,Medium
2026-07-31 04:10:14,15,47,39,2.8,3.936,0,Medium
2026-07-31 04:20:13,15,47,47,2.8,3.936,0,Medium
2026-07-31 04:30:21,16,44,44,2.8,3.935,0,Medium
2026-07-31 04:40:17,16,44,44,2.8,3.935,0,Medium
2026-07-31 04:50:14,16,45,37,2.8,3.935,1,Medium
2026-07-31 05:00:17,16,50,42,2.8,3.935,1,Medium
2026-07-31 05:10:11,16,41,41,2.8,3.877,1,Medium
2026-07-31 05:20:11,16,40,40,2.8,3.837,1,Medium
2026-07-31 05:30:19,16,44,44,2.8,3.929,1,Medium
2026-07-31 05:40:19,14,42,42,2.8,3.744,1,Medium
2026-07-31 05:50:15,15,36,36,2.8,3.722,1,Low
2026-07-31 06:00:18,12,30,30,2.8,3.56,1,Low
2026-07-31 06:10:18,12,30,30,2.8,3.5,1,Low
2026-07-31 06:20:13,13,31,31,2.8,3.478,1,Low
2026-07-31 06:30:16,12,27,27,2.8,3.475,1,Medium
2026-07-31 06:40:22,13,34,34,2.8,3.935,1,Medium
2026-07-31 06:50:21,14,35,34,2.8,3.935,1,Medium
2026-07-31 07:00:16,14,34,34,2.8,3.935,1,Medium
2026-07-31 07:10:18,13,36,32,2.8,3.935,1,Medium
2026-07-31 07:20:13,15,45,45,2.632,3.685,1,Low
2026-07-31 07:30:22,15,45,45,2.632,3.685,1,Medium
2026-07-31 07:40:20,14,37,37,2.8,3.81,1,Low
2026-07-31 07:50:18,15,47,47,2.8,3.935,1,Low
2026-07-31 08:00:25,15,45,45,2.8,3.935,0,Low
2026-07-31 08:10:12,15,45,45,2.8,3.935,0,Low
2026-07-31 08:19:29,12,32,32,2.8,3.935,0,Low
2026-07-31 08:20:12,13,33,33,2.8,3.935,0,Low
2026-07-31 08:30:21,11,31,31,2.8,3.935,0,Low
2026-07-31 08:40:14,12,33,33,2.8,3.935,0,Low
2026-07-31 08:50:21,12,35,35,2.8,3.935,0,Low
2026-07-31 09:00:21,11,33,33,2.8,3.936,0,Low
2026-07-31 09:10:15,11,33,33,2.8,3.936,1,Low
2026-07-31 09:20:13,11,35,35,2.8,3.936,0,Low
2026-07-31 09:30:14,12,36,36,2.8,3.935,0,Low
2026-07-31 09:40:12,11,32,32,2.8,3.936,1,Low
2026-07-31 09:50:21,11,26,26,2.8,3.935,1,Low
2026-07-31 10:00:28,10,24,24,2.8,3.936,1,Low
2026-07-31 10:10:14,12,25,25,2.8,3.707,1,Low
2026-07-31 10:20:18,10,20,20,2.801,3.581,1,Low
2026-07-31 10:30:17,12,25,25,2.801,3.581,1,Low
2026-07-31 10:40:15,13,29,29,2.801,3.886,1,Medium
2026-07-31 10:50:20,11,24,24,2.801,3.685,1,Medium
2026-07-31 11:00:20,11,24,24,2.801,3.478,1,Medium
2026-07-31 11:10:19,12,32,32,2.801,3.71,1,Medium
2026-07-31 11:20:13,12,36,36,2.8,3.501,1,Medium
2026-07-31 11:30:21,12,32,32,2.8,3.706,1,Medium
2026-07-31 11:40:17,12,36,36,2.8,3.647,1,Low
2026-07-31 11:50:16,11,24,24,2.8,3.478,1,Medium
2026-07-31 12:00:23,11,24,24,2.8,3.478,0,Low
2026-07-31 12:10:15,11,22,22,2.8,3.478,0,Low
2026-07-31 12:20:13,11,25,25,2.8,3.478,0,Medium
2026-07-31 12:30:16,12,33,33,2.8,3.876,0,Medium
2026-07-31 12:40:11,13,41,41,2.8,3.816,0,Medium
2026-07-31 12:50:19,13,42,42,2.8,3.816,0,Medium
2026-07-31 13:00:26,11,30,30,2.8,3.722,0,Medium
2026-07-31 13:10:15,12,27,27,2.8,3.56,0,Medium
2026-07-31 13:20:23,10,25,25,2.8,3.52,0,Medium
2026-07-31 13:30:18,11,25,25,2.8,3.935,0,Medium
2026-07-31 13:40:23,10,21,21,2.801,3.706,0,Medium
2026-07-31 13:50:12,10,16,16,2.801,3.706,0,Medium
2026-07-31 14:00:19,7,10,10,2.801,3.478,1,Medium
2026-07-31 14:10:18,7,13,13,2.801,3.685,0,High
2026-07-31 14:20:20,11,20,20,2.786,3.685,0,High
2026-07-31 14:30:17,9,16,16,2.768,3.478,1,High
2026-07-31 14:40:14,10,18,18,2.751,3.581,0,High
2026-07-31 14:50:13,9,25,25,2.734,3.478,0,High
2026-07-31 15:00:25,9,25,25,2.716,3.816,0,High
2026-07-31 15:10:25,10,29,29,2.699,3.876,0,High
2026-07-31 15:20:20,9,29,29,2.682,3.816,0,High
2026-07-31 15:30:23,9,25,25,2.664,3.936,0,Medium
2026-07-31 15:40:36,6,22,22,2.8,3.566,0,Low
2026-07-31 15:51:50,8,31,31,2.66,3.566,0,Low
2026-07-31 16:00:25,7,23,23,2.8,4.011,0,Low
2026-07-31 16:10:24,6,22,22,2.8,3.566,0,Low
2026-07-31 16:20:19,7,30,30,2.8,4.011,1,Low
2026-07-31 16:30:32,9,39,31,2.7,4.011,0,Medium
2026-07-31 16:40:16,10,46,30,2.801,4.276,0,Medium
2026-07-31 16:50:14,9,38,30,2.801,4.011,0,Medium
2026-07-31 17:00:26,11,39,31,2.801,3.936,0,Medium
2026-07-31 17:10:15,12,40,32,2.801,3.973,0,Medium
2026-07-31 17:20:25,13,42,32,2.801,4.081,1,Medium
2026-07-31 17:30:21,13,39,21,2.801,4.212,1,Medium
2026-07-31 17:41:19,12,44,36,2.801,4.211,1,Medium
2026-07-31 17:50:13,11,34,26,2.801,4.211,1,Medium
2026-07-31 18:00:24,11,35,17,2.801,4.212,1,Medium
2026-07-31 18:10:20,10,24,16,2.801,4.146,1,Medium
2026-07-31 18:20:25,13,38,30,2.8,4.011,1,Medium
2026-07-31 18:37:07,14,51,35,2.8,4.046,1,Low
2026-07-31 18:40:25,13,48,32,2.8,4.081,1,Low
2026-07-31 18:50:21,14,55,39,2.8,4.146,1,Low
2026-07-31 19:00:25,13,49,33,2.8,4.081,1,Low
2026-07-31 19:10:17,11,42,26,2.8,4.143,1,Medium
2026-07-31 19:20:15,11,45,29,2.8,4.062,1,Medium
2026-07-31 19:30:22,10,34,16,2.8,4.046,1,Medium
2026-07-31 19:40:13,11,32,24,2.8,3.936,1,Medium
2026-07-31 19:50:15,12,30,22,2.8,3.936,1,Medium
2026-07-31 20:00:19,14,38,30,2.8,3.973,1,Medium
2026-07-31 20:10:21,15,53,45,2.8,4.081,0,Medium
2026-07-31 20:20:15,14,45,37,2.8,4.046,0,Medium
2026-07-31 20:32:41,12,40,32,2.8,4.046,1,Medium
2026-07-31 20:42:28,13,41,33,2.8,4.011,1,Medium
2026-07-31 20:50:29,12,37,29,2.8,3.973,0,Medium
2026-07-31 21:00:26,11,36,28,2.8,3.936,0,Medium
2026-07-31 21:10:12,14,43,33,2.8,3.973,0,Medium
2026-07-31 21:20:13,12,41,31,2.8,4.111,0,Medium
2026-07-31 21:32:39,12,41,31,2.8,4.111,0,Medium
2026-07-31 21:40:19,14,43,33,2.8,3.973,1,Medium
2026-07-31 21:50:16,14,43,33,2.8,3.973,1,Medium
2026-07-31 22:00:18,14,45,35,2.8,4.007,0,Medium
2026-07-31 22:10:14,15,53,43,2.8,4.011,1,Medium
2026-07-31 22:20:21,15,51,41,2.8,4.011,1,Medium
2026-07-31 22:30:24,15,52,42,2.8,4.011,1,Medium
2026-07-31 22:40:18,15,48,38,2.8,3.936,1,Medium
2026-07-31 22:50:12,16,49,39,2.8,3.935,1,Medium
2026-07-31 23:00:20,16,54,44,2.8,3.935,1,Medium
2026-07-31 23:10:20,16,50,40,2.8,3.936,1,Medium
2026-07-31 23:20:19,15,49,39,2.8,3.936,1,Medium
2026-07-31 23:30:16,16,60,50,2.8,4.008,0,Medium
2026-07-31 23:40:15,14,60,50,2.8,4.145,1,Medium
2026-07-31 23:50:15,13,53,43,2.8,4.211,1,Medium
2026-08-01 00:00:26,16,57,47,2.8,4.023,1,Medium
2026-08-01 00:10:14,19,61,51,2.8,3.936,1,Medium
2026-08-01 00:20:20,17,52,42,2.8,3.936,1,Medium
2026-08-01 00:31:52,18,56,54,2.8,3.936,0,Medium
2026-08-01 00:40:17,18,64,54,2.8,4.046,1,Medium
2026-08-01 00:50:13,19,70,60,2.8,4.011,1,Medium
2026-08-01 01:02:41,18,67,57,2.8,4.045,1,Medium
2026-08-01 01:14:15,17,64,54,2.8,4.081,1,Medium
2026-08-01 01:20:16,18,71,61,2.8,4.045,1,Medium
2026-08-01 01:30:16,18,65,55,2.8,4.046,1,Medium
2026-08-01 01:40:11,18,67,57,2.8,4.046,1,Medium
2026-08-01 01:50:13,19,70,60,2.8,4.011,1,Medium
2026-08-01 02:02:32,20,74,64,2.8,3.987,1,Medium
2026-08-01 02:10:17,19,71,61,2.8,4.011,1,Low
2026-08-01 02:20:11,17,63,53,2.8,4.011,1,Medium
2026-08-01 02:30:16,17,59,49,2.8,4.011,1,Medium
2026-08-01 02:40:22,18,60,50,2.8,3.973,1,Medium
2026-08-01 02:50:17,17,62,60,2.8,4.011,1,Medium
2026-08-01 03:00:18,18,61,59,2.8,3.973,1,Medium
2026-08-01 03:10:11,16,59,57,2.8,3.973,1,Medium
2026-08-01 03:20:20,18,68,58,2.8,3.973,1,Medium
2026-08-01 03:32:51,20,70,68,2.8,3.973,1,Low
2026-08-01 03:40:21,20,70,68,2.8,3.973,1,Low
2026-08-01 03:50:20,19,66,56,2.8,3.935,1,Low
2026-08-01 04:02:21,18,62,52,2.8,3.935,1,Low
2026-08-01 04:10:18,17,53,43,2.8,3.936,1,Medium
2026-08-01 04:20:14,17,56,42,2.8,3.935,1,Low
2026-08-01 04:30:20,16,53,39,2.8,3.973,1,Low
2026-08-01 04:40:18,15,52,38,2.8,4.011,1,Low
2026-08-01 04:50:12,17,55,41,2.8,4.011,1,Low
2026-08-01 05:02:14,16,52,46,2.8,4.046,1,Medium
2026-08-01 05:10:13,15,49,43,2.8,4.081,1,Medium
2026-08-01 05:20:14,17,51,49,2.8,4.011,1,Medium
2026-08-01 05:32:24,17,52,50,2.8,4.011,1,Medium
2026-08-01 05:40:12,17,52,50,2.8,3.982,1,Medium
2026-08-01 05:50:17,15,51,49,2.8,3.935,1,Medium
2026-08-01 06:00:28,14,50,40,2.8,3.973,1,Medium
2026-08-01 06:12:00,15,50,48,2.8,4.011,1,Medium
2026-08-01 06:20:12,13,49,47,2.8,3.948,1,Medium
2026-08-01 06:30:22,13,45,35,2.8,4.011,1,Medium
2026-08-01 06:42:34,13,45,35,2.8,4.011,1,Medium
2026-08-01 06:50:14,13,45,35,2.8,4.011,1,Medium
2026-08-01 07:00:18,14,46,36,2.8,3.973,1,Medium
2026-08-01 07:10:16,11,42,32,2.8,4.011,1,Medium
2026-08-01 07:20:21,11,42,32,2.8,4.011,1,Medium
2026-08-01 07:30:17,10,34,24,2.8,3.914,1,Medium
2026-08-01 07:40:12,10,34,24,2.8,3.914,1,Medium
2026-08-01 07:50:16,11,39,29,2.632,3.817,1,Medium
2026-08-01 08:00:17,13,41,31,2.632,3.817,1,Medium
2026-08-01 08:10:18,12,35,25,2.8,3.876,1,Medium
2026-08-01 08:20:14,11,34,32,2.8,3.936,1,Medium
2026-08-01 08:30:15,12,35,33,2.8,3.936,1,Medium
2026-08-01 08:41:52,11,34,32,2.8,3.936,1,Medium
2026-08-01 08:50:14,9,32,30,2.8,3.816,1,High
2026-08-01 09:00:26,10,33,31,2.8,3.876,1,Medium
2026-08-01 09:10:16,9,32,30,2.8,3.816,1,Medium
2026-08-01 09:20:15,10,33,31,2.8,3.849,1,Medium
2026-08-01 09:30:16,11,42,40,2.134,3.816,1,High
2026-08-01 09:40:14,12,43,41,2.134,3.75,1,High
2026-08-01 09:52:46,13,41,39,2.134,3.936,1,High
2026-08-01 10:03:06,11,41,39,2.134,3.816,1,High
2026-08-01 10:10:14,11,39,37,2.134,3.816,1,High
2026-08-01 10:21:32,10,38,38,2.134,3.098,1,High
2026-08-01 10:30:16,10,36,36,2.134,3.098,1,High
2026-08-01 10:40:15,8,32,32,2.134,3.098,1,High
2026-08-01 10:50:13,9,33,33,2.134,3.127,1,High
2026-08-01 11:00:16,10,32,32,2.134,3.472,1,High
2026-08-01 11:11:45,11,35,35,2.134,3.817,1,High
2026-08-01 11:30:18,11,36,36,2.134,3.817,1,High
2026-08-01 11:40:36,10,35,35,2.134,3.751,1,High
2026-08-01 11:50:13,10,35,35,2.134,3.404,1,High
2026-08-01 12:00:25,11,39,35,2.134,3.685,1,High
2026-08-01 12:10:14,9,27,27,2.668,3.685,1,High
2026-08-01 12:13:43,9,27,27,2.668,3.685,1,High
2026-08-01 12:20:13,10,35,35,2.134,3.404,1,High
2026-08-01 12:30:15,11,36,36,2.134,3.685,1,High
2026-08-01 12:42:13,10,35,35,2.134,3.404,1,High
2026-08-01 12:50:15,10,35,35,2.134,3.404,1,High
2026-08-01 13:00:18,9,34,34,2.134,3.123,1,High
2026-08-01 13:10:14,8,30,30,2.134,3.162,1,High
2026-08-01 13:20:13,7,29,29,2.134,3.123,1,High
2026-08-01 13:30:17,7,29,29,2.134,3.123,1,High
2026-08-01 13:40:18,9,34,34,2.134,3.2,1,High
2026-08-01 13:50:13,9,34,34,2.134,3.2,1,High
2026-08-01 14:00:17,10,36,36,2.134,3.606,1,High
2026-08-01 14:11:49,11,37,37,2.134,3.936,1,High
2026-08-01 14:20:20,10,35,31,2.134,3.973,1,High
2026-08-01 14:30:22,11,44,40,2.134,4.011,1,High
2026-08-01 14:40:14,12,45,41,2.134,3.973,1,High
2026-08-01 14:50:14,11,37,33,2.134,3.936,1,High
2026-08-01 15:00:23,10,36,24,2.134,3.973,1,High
2026-08-01 15:10:25,9,35,23,2.134,4.011,1,High
2026-08-01 15:20:19,9,35,23,2.134,4.011,1,High
2026-08-01 15:32:08,9,27,15,3.069,4.011,1,High
2026-08-01 15:40:15,9,27,15,3.069,4.011,1,High
2026-08-01 15:46:48,8,26,14,3.069,4.046,1,High
2026-08-01 15:50:13,8,27,15,3.069,4.046,1,High
2026-08-01 16:00:17,8,26,14,3.069,4.046,1,High
2026-08-01 16:10:14,8,25,13,3.069,4.046,1,High
2026-08-01 16:20:19,10,34,22,3.069,3.987,1,Medium
2026-08-01 16:31:43,9,30,18,3.069,4.011,1,High
2026-08-01 16:40:13,11,28,14,3.069,4.011,1,Medium
2026-08-01 16:50:15,12,30,24,3.069,3.973,1,Medium
2026-08-01 17:00:17,12,29,23,3.069,3.973,1,High
2026-08-01 17:10:12,11,28,22,3.069,4.011,1,High
2026-08-01 17:20:20,12,30,24,2.668,3.973,1,Medium
2026-08-01 17:32:46,12,22,16,2.668,3.973,1,High
2026-08-01 17:42:52,12,22,16,2.668,3.973,1,Medium
2026-08-01 17:50:17,13,29,23,2.668,3.936,1,High
2026-08-01 18:02:27,12,28,22,2.668,3.973,1,Medium
2026-08-01 18:10:16,14,33,27,2.668,3.973,1,High
2026-08-01 18:20:13,13,32,26,2.668,4.011,1,Medium
2026-08-01 18:30:22,15,42,36,2.668,4.011,1,High
2026-08-01 18:40:18,16,46,40,2.668,4.046,1,Medium
2026-08-01 18:50:12,15,42,36,2.668,4.081,1,Medium
2026-08-01 19:00:19,16,39,33,2.668,4.046,1,Medium
2026-08-01 19:10:13,15,38,32,2.668,4.081,1,Medium
2026-08-01 19:20:15,15,41,35,2.668,4.08,1,Medium
2026-08-01 19:30:17,13,37,31,2.668,4.08,0,Medium
2026-08-01 19:40:16,14,43,37,2.668,4.046,0,Medium
2026-08-01 19:50:14,15,42,36,2.668,4.003,0,Medium
2026-08-01 20:00:23,15,40,34,2.668,3.936,0,Medium
2026-08-01 20:02:26,16,43,37,2.668,3.936,0,Medium
2026-08-01 20:10:15,15,41,35,2.668,4.011,1,Medium
2026-08-01 20:20:21,17,47,41,2.668,3.948,1,Medium
2026-08-01 20:30:15,18,49,43,2.668,3.942,0,Medium
2026-08-01 20:41:34,17,48,42,2.668,3.948,0,Medium
2026-08-01 20:53:11,17,49,43,2.668,3.948,0,Medium
2026-08-01 21:02:21,16,47,43,2.668,3.942,1,Medium
2026-08-01 21:10:16,16,46,42,2.668,3.942,0,Medium
2026-08-01 21:20:20,17,50,46,2.668,3.936,0,Medium
2026-08-01 21:32:38,17,53,49,2.668,3.936,0,Medium
2026-08-01 21:43:43,16,50,46,2.668,3.957,0,High
2026-08-01 21:53:10,18,54,49,2.668,3.942,0,Medium
2026-08-01 22:03:35,18,52,48,2.668,3.942,0,Medium
2026-08-01 22:10:13,18,53,49,2.668,3.98,0,Medium
2026-08-01 22:20:21,15,49,45,2.668,3.948,0,Medium
2026-08-01 22:33:00,17,53,49,2.668,3.948,1,Medium
2026-08-01 22:46:44,14,45,41,2.668,3.948,0,Medium
2026-08-01 22:54:43,15,46,42,2.668,3.948,0,Medium
2026-08-01 23:02:48,14,45,41,2.668,3.948,0,Medium
2026-08-01 23:16:41,14,52,48,2.668,3.948,0,Medium
2026-08-01 23:20:18,15,54,50,2.668,3.948,0,Medium
2026-08-01 23:32:39,14,53,49,2.668,3.948,1,Medium
2026-08-01 23:38:19,15,57,53,2.668,3.948,1,Medium
2026-08-01 23:40:14,15,54,50,2.668,3.948,1,Medium
2026-08-01 23:50:13,15,57,53,2.668,3.948,0,Medium
2026-08-02 00:00:17,14,53,49,2.668,3.948,1,Medium
2026-08-02 00:10:14,14,52,48,2.668,4.014,1,Medium
2026-08-02 00:20:14,18,61,57,2.668,3.948,1,Medium
2026-08-02 00:32:06,17,56,52,2.668,3.936,1,Medium
2026-08-02 00:43:11,17,59,55,2.668,3.936,1,Medium
2026-08-02 00:50:17,19,62,58,2.668,3.936,1,Medium
2026-08-02 01:02:47,18,64,60,2.668,3.941,1,High
2026-08-02 01:10:15,18,60,56,2.668,3.935,1,High
2026-08-02 01:23:36,18,57,53,2.668,3.942,1,Medium
2026-08-02 01:30:15,20,66,62,2.668,3.942,1,Medium
2026-08-02 01:40:14,18,67,63,2.668,3.941,1,Medium
2026-08-02 01:50:21,16,61,57,2.668,3.941,1,High
2026-08-02 02:00:20,15,53,49,2.668,3.935,0,Medium
2026-08-02 02:10:15,18,56,52,2.668,3.942,0,Medium
2026-08-02 02:20:13,17,53,49,2.668,3.936,0,Medium
2026-08-02 02:32:04,18,54,50,2.668,3.942,0,Medium
2026-08-02 02:40:14,17,53,49,2.668,3.948,1,Medium
2026-08-02 02:50:17,15,51,47,2.668,3.948,0,Medium
2026-08-02 03:00:17,16,52,48,2.668,3.942,0,Medium
2026-08-02 03:11:35,14,49,45,2.668,3.978,0,Medium
2026-08-02 03:20:14,15,48,44,3.069,3.942,0,High
2026-08-02 03:34:13,15,49,45,3.069,3.936,0,High
2026-08-02 03:40:17,13,46,42,3.069,3.935,0,High
2026-08-02 03:52:50,13,42,38,3.069,3.935,0,High
2026-08-02 04:03:31,12,42,38,3.069,3.935,0,High
2026-08-02 04:17:06,15,50,46,3.069,3.948,0,High
2026-08-02 04:29:49,16,52,48,3.069,3.948,0,High
2026-08-02 04:49:24,16,52,48,3.069,3.942,0,High
2026-08-02 04:54:53,17,53,49,3.069,3.948,0,High
2026-08-02 05:04:36,17,55,51,3.069,3.948,0,High
2026-08-02 05:18:49,16,55,51,3.069,3.98,0,High
2026-08-02 05:41:26,16,56,52,3.069,3.948,0,High
2026-08-02 05:50:15,15,61,49,3.069,3.948,0,High
2026-08-02 06:00:18,14,51,47,3.069,3.942,0,Medium
2026-08-02 06:18:57,16,55,51,3.069,3.948,0,Medium
2026-08-02 06:21:21,16,55,51,3.069,3.948,0,High
2026-08-02 06:30:15,16,54,50,3.069,3.948,0,Medium
2026-08-02 06:40:13,17,64,52,3.069,3.948,0,High
2026-08-02 06:51:44,18,75,55,2.936,3.948,0,Medium
2026-08-02 07:00:18,19,75,55,2.936,3.948,0,Medium
2026-08-02 07:10:14,19,73,53,2.936,3.948,0,Medium
2026-08-02 07:20:21,20,70,58,2.936,3.942,0,Medium
2026-08-02 07:30:16,19,69,57,2.936,3.936,0,Medium
2026-08-02 07:40:14,20,67,55,2.936,3.942,0,Medium
2026-08-02 07:50:14,19,66,54,2.936,3.948,0,Medium
2026-08-02 07:53:03,19,66,54,2.936,3.948,0,Medium
2026-08-02 08:00:18,18,65,53,2.936,3.948,0,Medium
2026-08-02 08:10:19,18,64,52,2.936,3.948,0,Medium
2026-08-02 08:20:13,20,76,56,2.936,3.98,0,Medium
2026-08-02 08:30:17,19,68,56,2.936,3.948,0,Medium
2026-08-02 08:40:15,19,69,57,2.936,3.948,0,Medium
2026-08-02 08:50:20,20,71,59,2.936,3.935,0,Medium
2026-08-02 09:00:17,19,70,58,2.936,3.935,0,Medium
2026-08-02 09:10:14,17,66,54,2.936,3.935,0,Medium
2026-08-02 09:20:13,18,72,60,2.632,3.908,0,Medium
2026-08-02 09:30:16,19,72,60,2.632,3.935,0,Medium
2026-08-02 09:40:14,19,71,59,2.632,3.935,0,Medium
2026-08-02 09:50:15,21,74,62,2.632,3.935,0,Medium
2026-08-02 10:00:24,19,68,56,2.632,3.935,0,Medium
2026-08-02 10:10:11,20,69,57,2.632,3.935,0,Medium
2026-08-02 10:20:12,21,73,61,2.632,3.935,0,Medium
2026-08-02 10:30:17,21,70,58,2.632,3.935,0,Medium
2026-08-02 10:40:18,20,71,59,2.936,3.942,0,Medium
2026-08-02 10:50:13,19,71,59,2.632,3.935,0,Medium
2026-08-02 11:00:18,18,66,54,2.632,3.935,0,Medium
2026-08-02 11:10:14,18,66,54,2.936,3.942,0,Medium
2026-08-02 11:20:12,20,68,56,2.936,3.935,0,Medium
2026-08-02 11:30:14,21,71,59,2.632,3.935,0,Medium
2026-08-02 11:40:13,22,75,63,2.632,3.935,0,Medium
2026-08-02 11:45:14,19,69,57,2.632,3.935,0,Medium
2026-08-02 11:50:11,19,68,56,2.632,3.936,0,Medium
2026-08-02 12:00:19,19,67,55,2.936,3.936,0,Medium
2026-08-02 12:10:14,20,69,57,2.936,3.939,0,Medium
2026-08-02 12:20:13,20,71,59,2.936,3.935,0,Medium
2026-08-02 12:30:15,19,67,55,2.936,3.935,0,Medium
2026-08-02 12:40:11,19,67,63,2.936,3.935,0,Medium
2026-08-02 12:50:13,20,71,67,2.936,3.935,0,Medium
2026-08-02 13:00:17,20,70,66,2.936,3.936,0,Medium
2026-08-02 13:10:14,18,65,61,2.936,3.935,0,Medium
2026-08-02 13:20:13,18,63,59,2.936,3.936,0,Medium
2026-08-02 13:30:16,18,68,64,2.936,3.942,0,Medium
2026-08-02 13:40:14,19,65,61,2.936,3.935,0,Medium
2026-08-02 13:50:12,18,60,56,2.936,3.935,0,Medium
2026-08-02 14:00:21,18,60,56,2.936,3.909,0,Medium
2026-08-02 14:10:17,17,58,54,2.936,3.882,0,Medium
2026-08-02 14:20:14,19,65,61,2.936,3.936,0,Medium
2026-08-02 14:30:16,15,42,38,2.936,3.936,0,Medium
2026-08-02 14:40:11,17,51,47,2.936,3.936,0,Medium
2026-08-02 14:50:12,16,55,51,2.936,3.973,0,Medium
2026-08-02 15:00:26,17,56,52,2.936,3.936,0,Medium
2026-08-02 15:10:20,19,66,62,2.936,3.936,0,Medium
2026-08-02 15:20:14,17,57,53,2.936,3.936,0,Medium
2026-08-02 15:32:31,15,52,48,2.936,3.935,0,Medium
2026-08-02 15:40:13,16,54,50,2.936,3.935,0,Medium
2026-08-02 15:43:40,15,53,49,2.936,3.935,0,Medium
2026-08-02 15:50:15,15,52,48,2.936,3.936,0,Medium
2026-08-02 16:02:41,14,52,48,2.936,3.936,0,Medium
2026-08-02 16:10:20,16,61,57,2.936,3.936,0,Medium
2026-08-02 16:20:20,15,54,50,2.936,3.936,0,Medium
2026-08-02 16:30:20,14,52,48,2.936,3.973,0,Medium
2026-08-02 16:40:14,15,53,49,2.936,4.011,0,Medium
2026-08-02 16:50:14,17,59,55,2.936,3.936,0,Medium
2026-08-02 17:00:26,16,58,54,2.936,4.012,1,Medium
2026-08-02 17:10:11,16,59,59,2.936,3.98,0,Medium
2026-08-02 17:20:19,16,55,55,2.936,3.973,0,Medium
2026-08-02 17:30:21,17,55,51,2.936,3.936,0,Medium
2026-08-02 17:40:12,16,53,53,2.936,3.973,0,Medium
2026-08-02 17:50:12,18,62,58,2.936,3.942,0,Medium
2026-08-02 18:00:18,17,63,63,2.936,3.948,0,Medium
2026-08-02 18:10:12,19,64,64,2.803,3.936,0,Medium
2026-08-02 18:20:14,21,67,63,2.803,3.935,0,Medium
2026-08-02 18:30:21,22,68,64,2.803,3.935,0,Medium
2026-08-02 18:40:14,22,69,65,2.786,3.935,0,Medium
2026-08-02 18:50:18,21,70,70,2.768,3.936,0,Medium
2026-08-02 19:00:17,21,64,60,2.751,3.948,0,Medium
2026-08-02 19:10:15,20,60,60,2.734,3.935,0,Medium
2026-08-02 19:20:17,21,62,58,2.716,3.936,0,Medium
2026-08-02 19:30:17,19,59,55,2.73,3.936,0,Medium
2026-08-02 19:40:20,20,60,60,2.712,3.909,0,Medium
2026-08-02 19:50:17,20,57,56,2.695,3.936,0,Medium
2026-08-02 20:00:24,19,56,56,3.069,3.936,0,Medium
2026-08-02 20:01:34,20,58,54,3.069,3.973,0,Medium
2026-08-02 20:10:22,21,60,56,3.069,3.936,0,Medium
2026-08-02 20:20:12,21,59,59,2.704,3.936,0,Medium
2026-08-02 20:30:22,21,54,50,2.687,3.936,0,Medium
2026-08-02 20:40:14,20,53,53,2.687,3.935,0,Medium
2026-08-02 20:50:11,19,54,50,3.069,4.011,0,Medium
2026-08-02 21:00:18,19,53,49,2.936,4.011,0,Medium
2026-08-02 21:10:13,17,50,50,3.069,4.011,0,Medium
2026-08-02 21:20:12,20,47,43,2.71,3.973,0,Medium
2026-08-02 21:30:15,17,38,34,3.069,4.011,0,Medium
2026-08-02 21:40:15,16,41,41,3.069,3.973,0,Medium
2026-08-02 21:50:13,19,45,45,2.936,3.935,1,Medium
2026-08-02 22:00:25,16,29,29,2.936,3.935,1,Medium
2026-08-02 22:10:19,13,23,23,2.936,3.935,0,Medium
2026-08-02 22:18:16,14,24,22,2.936,3.935,1,Medium
2026-08-02 22:20:12,15,33,29,2.936,3.935,1,Medium
2026-08-02 22:30:14,16,33,30,2.936,3.911,1,Medium
2026-08-02 22:40:19,16,33,31,2.936,3.935,1,Medium
2026-08-02 22:50:13,16,33,31,2.936,3.936,1,Medium
2026-08-02 23:00:21,16,33,31,2.803,3.935,1,Medium
2026-08-02 23:10:14,16,40,40,2.936,3.935,1,Medium
2026-08-02 23:20:18,17,42,42,2.803,3.935,1,Medium
2026-08-02 23:30:22,20,46,46,2.786,3.935,1,Medium
2026-08-02 23:40:14,20,45,43,2.768,3.936,0,Medium
2026-08-02 23:50:12,17,30,24,2.751,3.936,0,Medium
2026-08-03 00:00:17,16,27,25,2.751,3.935,0,High
2026-08-03 00:10:15,17,27,25,2.734,3.936,0,High
2026-08-03 00:20:13,17,34,32,2.734,3.936,0,High
2026-08-03 00:30:16,19,39,37,2.716,3.936,0,High
2026-08-03 00:40:14,18,37,35,2.699,3.935,0,High
2026-08-03 00:50:18,18,40,38,2.682,3.935,0,High
2026-08-03 01:00:21,17,29,27,2.664,3.935,0,High
2026-08-03 01:10:14,19,44,42,2.647,3.936,0,High
2026-08-03 01:20:13,21,56,54,2.63,3.936,0,High
2026-08-03 01:30:15,20,49,47,2.612,3.936,0,High
2026-08-03 01:40:15,20,50,48,2.595,3.936,0,High
2026-08-03 01:50:18,19,48,46,2.578,3.948,0,High
2026-08-03 02:00:19,18,46,44,2.56,3.936,0,High
2026-08-03 02:10:14,18,46,44,2.543,3.942,1,High
2026-08-03 02:20:12,19,46,44,2.526,3.936,1,High
2026-08-03 02:30:18,19,42,40,2.508,3.936,1,High
2026-08-03 02:40:13,19,41,39,2.491,3.935,1,Medium
2026-08-03 02:50:18,21,58,49,2.474,3.935,1,High
2026-08-03 03:00:18,22,58,50,2.456,3.935,0,High
2026-08-03 03:10:13,22,58,56,2.439,3.942,0,High
2026-08-03 03:20:18,20,54,54,2.422,3.936,0,Medium
2026-08-03 03:30:15,18,51,51,2.404,3.876,0,High
2026-08-03 03:40:15,19,53,53,2.387,3.936,0,Medium
2026-08-03 03:50:12,17,50,50,2.37,3.936,0,High
2026-08-03 04:00:16,19,57,57,2.352,3.936,0,High
2026-08-03 04:10:14,20,65,65,2.335,3.942,0,High
2026-08-03 04:20:22,21,67,67,2.318,3.948,1,High
2026-08-03 04:30:19,21,68,68,2.3,3.948,0,High
2026-08-03 04:40:12,23,72,72,2.283,3.936,0,High
2026-08-03 04:50:16,22,68,68,2.266,3.936,0,High
2026-08-03 05:00:18,20,58,58,2.248,3.936,1,High
2026-08-03 05:10:19,20,58,58,2.231,3.911,0,High
2026-08-03 05:20:24,20,59,59,2.214,3.876,0,High
2026-08-03 05:30:14,19,60,60,2.936,3.936,1,High
2026-08-03 05:40:23,19,58,58,2.936,3.936,0,High
2026-08-03 05:50:14,17,63,63,3.069,3.936,0,Medium
2026-08-03 06:00:23,18,62,62,3.069,3.936,0,High
2026-08-03 06:10:23,18,62,62,3.069,3.936,0,Medium
2026-08-03 06:20:15,17,61,61,3.058,3.936,0,Medium
2026-08-03 06:30:14,18,65,65,2.978,3.942,0,Medium
2026-08-03 06:40:32,18,56,56,3.042,3.942,0,Medium
2026-08-03 06:50:22,17,55,55,2.962,3.936,0,Medium
2026-08-03 07:00:24,18,59,59,3.069,3.942,0,Low
2026-08-03 07:10:13,18,55,55,3.069,3.896,0,Low
2026-08-03 07:20:34,15,45,45,3.069,3.817,0,Low
2026-08-03 07:30:17,17,54,54,2.936,3.935,0,Low
2026-08-03 07:40:35,17,54,54,2.936,3.935,0,Low
2026-08-03 07:50:41,18,57,57,2.936,3.935,0,Low
2026-08-03 08:00:47,17,55,55,2.936,3.936,0,Low
2026-08-03 08:10:31,17,55,55,2.936,3.936,0,Low
2026-08-03 08:20:32,20,64,62,2.936,3.936,0,Medium
2026-08-03 08:30:57,,,,,,0,Medium
2026-08-03 08:40:17,20,65,65,2.936,3.935,0,Medium
2026-08-03 08:50:14,21,69,69,2.936,3.936,0,Medium
2026-08-03 09:00:54,,,,,,0,Medium
2026-08-03 09:10:16,19,63,63,2.936,3.935,1,Medium
2026-08-03 09:22:44,18,57,55,2.936,3.98,0,Medium
2026-08-03 09:30:54,18,57,55,2.936,3.98,0,Low
2026-08-03 09:40:16,20,60,58,2.936,3.942,0,Medium
2026-08-03 09:50:16,21,74,72,2.936,3.936,1,Low
2026-08-03 10:00:19,20,70,68,2.936,3.935,1,Low
2026-08-03 10:10:20,21,78,78,2.936,3.935,0,Low
2026-08-03 10:20:21,20,76,76,2.936,3.935,1,Low
2026-08-03 10:30:17,20,76,73,2.936,3.98,1,Low
2026-08-03 10:40:19,20,71,69,2.936,3.98,1,Low
2026-08-03 10:50:13,18,66,64,2.936,4.045,1,Low
2026-08-03 11:00:17,18,61,59,2.936,3.973,1,Low
2026-08-03 11:10:18,20,71,69,2.936,3.942,1,Low
2026-08-03 11:20:18,19,69,67,2.936,3.948,1,Low
2026-08-03 11:30:18,20,64,62,2.936,3.942,1,Low
2026-08-03 11:40:16,15,50,50,2.936,3.935,0,Low
2026-08-03 11:50:16,20,53,51,2.936,3.942,0,Low
2026-08-03 12:00:22,16,52,52,3.069,3.98,0,Low
2026-08-03 12:10:17,15,51,51,3.069,3.935,1,Low
2026-08-03 12:20:13,14,49,49,3.069,3.942,1,Low
2026-08-03 12:30:22,16,53,53,3.069,3.942,1,Low
2026-08-03 12:38:15,16,50,50,3.069,3.935,1,Low
2026-08-03 12:40:13,18,53,52,3.069,3.935,1,Low
2026-08-03 12:50:13,17,54,54,3.069,3.935,1,Low
2026-08-03 13:00:20,17,54,54,3.069,3.935,0,Low
2026-08-03 13:10:15,18,55,55,3.069,3.935,0,Low
2026-08-03 13:20:16,20,63,63,2.936,3.935,0,Low
2026-08-03 13:30:21,20,64,64,2.936,3.935,0,Low
2026-08-03 13:40:26,19,66,66,2.936,4.011,0,Low
2026-08-03 13:50:15,,,,,,0,Low
2026-08-03 14:00:20,,,,,,0,Low
2026-08-03 14:10:14,,,,,,0,Low
2026-08-03 14:20:15,,,,,,1,Low
2026-08-03 14:30:24,,,,,,1,Low
2026-08-03 14:40:15,,,,,,1,Low
2026-08-03 14:50:29,,,,,,1,Low
2026-08-03 15:00:22,,,,,,0,Low
2026-08-03 15:10:14,,,,,,0,Low
2026-08-03 15:20:21,17,55,55,3.069,4.011,0,Low
2026-08-03 15:30:19,17,55,55,3.069,4.011,0,Low
2026-08-03 15:40:13,16,47,47,2.936,3.973,0,Low
2026-08-03 15:50:14,16,45,45,2.936,3.876,0,Low
2026-08-03 16:00:17,15,43,43,2.936,3.936,0,Low
2026-08-03 16:10:13,16,51,51,2.936,3.876,0,High
2026-08-03 16:20:15,,,,,,0,High
2026-08-03 16:30:16,17,53,53,2.936,3.936,0,Medium
2026-08-03 16:40:13,16,52,52,2.936,3.911,0,High
2026-08-03 16:50:17,16,52,52,3.069,3.931,1,High
2026-08-03 17:00:24,16,53,51,3.069,3.882,0,High
2026-08-03 17:10:16,17,57,55,3.069,3.948,0,High
2026-08-03 17:20:17,17,57,55,3.069,3.948,0,High
2026-08-03 17:30:29,16,55,55,3.069,3.942,0,Medium
2026-08-03 17:46:58,16,49,47,3.069,3.942,0,Medium
2026-08-03 17:50:21,16,48,48,3.069,3.909,0,Medium
2026-08-03 18:00:28,15,47,47,3.069,3.882,0,Medium
2026-08-03 18:10:24,15,47,47,3.069,3.936,0,Low
2026-08-03 18:20:24,16,56,56,3.069,3.909,0,Low
2026-08-03 18:30:20,16,56,54,3.069,3.915,0,Low
2026-08-03 18:40:20,13,51,51,3.069,3.882,0,Medium
2026-08-03 18:50:13,14,53,53,3.069,3.915,0,Low
2026-08-03 18:58:41,16,48,46,2.803,3.909,0,Low
2026-08-03 19:00:26,12,35,35,2.803,3.882,0,Low
2026-08-03 19:10:20,13,37,37,2.786,3.817,0,Low
2026-08-03 19:20:19,14,45,45,2.786,3.948,0,Low
2026-08-03 19:30:23,16,41,41,2.751,3.936,0,Low
2026-08-03 19:40:14,15,39,39,2.734,3.936,0,Low
2026-08-03 19:50:15,15,39,39,2.716,3.936,0,Low
2026-08-03 20:00:21,18,50,50,2.699,3.936,0,Low
2026-08-03 20:10:21,19,51,51,2.682,3.936,0,Low
2026-08-03 20:20:18,19,51,51,2.664,3.936,0,Low
2026-08-03 20:30:26,18,50,50,2.647,3.942,0,Low
2026-08-03 20:40:19,18,53,53,2.63,3.935,0,Low
2026-08-03 20:50:19,20,58,58,2.612,3.935,0,Medium
2026-08-03 21:00:17,18,54,54,2.632,3.942,0,Low
2026-08-03 21:10:15,18,53,53,2.632,3.936,0,Medium
2026-08-03 21:20:18,18,53,53,2.632,3.936,0,Low
2026-08-03 21:30:18,16,48,48,3.069,3.973,0,Low
2026-08-03 21:40:23,18,53,53,2.632,3.936,0,Low
2026-08-03 21:50:14,17,50,50,3.069,3.936,0,Low
2026-08-03 22:00:20,16,51,51,2.632,3.876,0,Low
2026-08-03 22:10:15,15,47,47,3.069,3.935,0,Low
2026-08-03 22:20:12,16,57,57,2.632,3.909,0,Low
2026-08-03 22:30:22,19,62,62,2.632,3.935,0,Low
2026-08-03 22:37:29,16,56,56,3.069,3.909,0,Medium
2026-08-03 22:40:21,19,62,62,2.632,3.935,0,Low
2026-08-03 22:50:19,19,60,60,3.069,3.935,1,Low
2026-08-03 23:00:20,18,68,68,2.632,3.909,0,Low
2026-08-03 23:10:20,19,66,66,3.069,3.935,0,Low
2026-08-03 23:20:26,20,62,62,2.936,3.935,0,Low
2026-08-03 23:30:13,18,58,58,2.936,3.909,0,Low
2026-08-03 23:40:15,17,56,56,2.936,3.882,0,Low
2026-08-03 23:50:13,19,61,61,2.936,3.882,0,Low
2026-08-04 00:00:22,17,57,57,3.069,3.935,0,Low
2026-08-04 00:10:16,,,,,,0,Low
2026-08-04 00:20:30,17,58,58,3.069,3.935,0,Low
2026-08-04 00:30:19,20,62,62,3.069,3.935,0,Medium
2026-08-04 00:40:15,17,55,55,3.069,3.936,0,Medium
2026-08-04 00:50:13,18,52,52,3.069,3.936,0,Low
2026-08-04 01:00:17,17,52,52,2.632,3.882,0,Low
2026-08-04 01:10:19,20,60,60,2.632,3.882,0,Medium
2026-08-04 01:20:14,22,74,74,2.632,3.935,0,Low
2026-08-04 01:30:14,19,67,67,3.069,4.014,0,Low
2026-08-04 01:40:12,22,75,75,2.632,3.942,0,Low
2026-08-04 01:50:16,20,69,69,3.069,3.935,0,Low
2026-08-04 02:00:18,22,75,75,2.632,3.935,0,Low
2026-08-04 02:10:16,19,67,67,3.069,3.936,0,Low
2026-08-04 02:20:19,23,75,75,2.632,3.935,0,Low
2026-08-04 02:30:23,21,73,73,2.632,3.935,0,Low
2026-08-04 02:40:22,20,69,69,3.069,3.935,0,Low
2026-08-04 02:50:12,22,69,69,3.069,3.935,0,Medium
2026-08-04 03:00:30,19,64,64,3.069,3.936,0,Medium
2026-08-04 03:10:14,21,66,66,3.069,3.936,0,Medium
2026-08-04 03:20:21,20,61,61,3.069,3.936,0,Medium
2026-08-04 03:30:17,18,58,58,2.632,3.909,0,Medium
2026-08-04 03:40:14,20,63,63,2.632,3.891,0,Medium
2026-08-04 03:50:19,18,56,56,2.632,3.849,0,High
2026-08-04 04:00:18,19,54,54,2.632,3.882,0,Medium
2026-08-04 04:10:17,20,55,55,2.632,3.909,0,Medium
2026-08-04 04:20:11,20,62,62,3.069,3.935,0,Medium
2026-08-04 04:30:25,20,61,61,2.632,3.909,1,Low
2026-08-04 04:40:11,19,53,53,3.069,3.936,0,Medium
2026-08-04 04:50:16,20,57,57,3.069,4.007,0,Low
2026-08-04 05:00:20,,,,,,0,High
2026-08-04 05:10:14,20,56,55,3.069,3.935,0,Medium
2026-08-04 05:20:14,20,55,55,3.018,4.008,0,Medium
2026-08-04 05:30:25,20,52,52,3.069,3.951,0,Medium
2026-08-04 05:40:18,20,54,54,3.069,4.008,0,Low
2026-08-04 05:50:18,18,46,46,3.069,3.935,0,Low
2026-08-04 06:00:18,18,46,46,3.069,4.008,1,Medium
2026-08-04 06:10:13,18,46,46,3.069,4.007,0,Low
2026-08-04 06:20:14,17,44,44,3.069,3.935,0,Low
2026-08-04 06:30:21,19,46,46,3.069,3.936,0,Low
2026-08-04 06:40:13,18,45,45,3.069,3.935,0,Low
2026-08-04 06:50:12,17,42,42,3.069,3.936,0,Low
2026-08-04 07:00:26,17,42,42,3.069,3.936,0,Low
2026-08-04 07:10:22,17,38,38,3.069,3.936,0,Low
2026-08-04 07:20:22,18,47,47,3.069,3.935,1,Medium
2026-08-04 07:30:17,16,43,43,3.069,3.876,0,Low
2026-08-04 07:40:14,16,44,44,3.069,3.935,0,Medium
2026-08-04 07:50:15,16,46,46,3.069,3.935,0,Low
2026-08-04 08:00:18,16,44,44,3.069,3.911,0,Low
2026-08-04 08:07:14,17,48,48,3.069,3.935,0,Low
2026-08-04 08:10:13,17,48,48,3.069,3.935,0,Low
2026-08-04 08:20:13,18,51,51,3.069,3.876,0,Low
2026-08-04 08:30:23,20,60,56,3.069,3.935,0,Low
2026-08-04 08:40:13,19,57,57,3.069,3.935,0,Medium
2026-08-04 08:50:15,18,50,50,3.069,3.876,0,Low
2026-08-04 09:00:30,19,58,58,3.069,3.935,0,Low
2026-08-04 09:10:14,19,58,54,3.069,3.935,0,Low
2026-08-04 09:20:18,17,53,53,3.069,3.935,0,Medium
2026-08-04 09:30:18,17,50,46,3.069,3.935,0,Medium
2026-08-04 09:33:48,17,49,45,3.069,3.935,0,Low
2026-08-04 09:40:14,18,50,46,3.069,3.955,0,Low
2026-08-04 09:50:20,18,50,46,3.069,3.955,0,Low
2026-08-04 10:00:24,18,51,47,3.069,3.956,0,Low
2026-08-04 10:10:17,18,52,48,3.069,3.955,0,Low
2026-08-04 10:20:13,19,57,57,3.069,3.936,0,Low
2026-08-04 10:30:22,19,49,49,3.069,3.936,0,Medium
2026-08-04 10:40:12,18,46,46,3.069,3.936,0,Medium
2026-08-04 10:50:21,18,46,46,3.069,3.936,0,Low
2026-08-04 11:00:17,18,47,47,3.069,3.936,0,Low
2026-08-04 11:10:19,18,47,47,3.069,3.936,0,Medium
2026-08-04 11:20:21,19,54,54,3.069,3.936,0,Low
2026-08-04 11:30:16,19,55,55,3.069,3.936,0,Medium
2026-08-04 11:40:16,19,54,54,3.069,3.936,0,Medium
2026-08-04 11:50:13,18,52,52,3.069,3.956,0,Medium
2026-08-04 12:00:19,18,51,51,3.069,3.951,0,Medium
2026-08-04 12:10:15,18,50,50,3.069,3.936,0,Medium
2026-08-04 12:20:15,20,57,57,3.069,3.936,0,Medium
2026-08-04 12:30:23,19,56,56,3.069,3.936,0,Medium
2026-08-04 12:40:15,19,56,56,3.069,3.936,0,Medium
2026-08-04 12:50:21,19,56,56,3.069,3.936,0,Low
2026-08-04 13:00:21,19,55,55,3.069,3.936,0,Medium
2026-08-04 13:10:22,19,56,56,3.069,3.936,0,Medium
2026-08-04 13:20:22,20,65,61,3.069,3.956,0,Low
2026-08-04 13:30:16,20,66,62,3.069,4.008,0,Low
2026-08-04 13:40:12,18,57,53,3.005,4.007,0,Low
2026-08-04 13:50:21,18,58,54,3.069,4.043,1,Low
2026-08-04 14:00:20,19,59,55,3.069,3.936,0,Low
2026-08-04 14:10:18,18,57,53,3.069,4.008,0,Medium
2026-08-04 14:20:14,18,58,54,3.069,3.876,0,Low
2026-08-04 14:30:20,18,57,53,3.069,4.008,0,Low
2026-08-04 14:40:12,18,56,52,3.069,4.008,1,Low
2026-08-04 14:50:24,18,56,51,3.069,4.146,0,Low
2026-08-04 15:00:20,20,66,62,3.069,4.146,0,Medium
2026-08-04 15:10:18,20,65,61,3.069,4.146,0,High
2026-08-04 15:20:23,19,64,60,3.069,4.211,0,Medium
2026-08-04 15:30:27,17,62,58,3.069,4.211,0,High
2026-08-04 15:40:18,18,63,59,3.069,4.113,0,High
2026-08-04 15:50:14,21,75,71,3.069,4.081,0,Medium
2026-08-04 16:00:36,17,59,55,3.069,4.211,0,Low
2026-08-04 16:10:20,15,46,42,3.069,4.211,0,Low
2026-08-04 16:20:17,17,49,45,3.069,4.081,0,Low
2026-08-04 16:22:46,16,48,44,3.069,4.146,0,Low
2026-08-04 16:30:24,16,44,40,3.069,4.146,0,Low
2026-08-04 16:40:21,16,46,42,3.069,4.146,0,Medium
2026-08-04 16:50:26,16,48,44,3.069,4.146,0,Medium
2026-08-04 17:00:19,15,47,42,3.069,4.211,0,Medium
2026-08-04 17:10:16,14,36,32,3.069,4.146,0,Medium
2026-08-04 17:20:24,16,52,48,3.069,4.178,0,Low
2026-08-04 17:30:17,18,55,51,3.069,4.178,0,Low
2026-08-04 17:40:18,18,55,51,3.069,4.178,0,Low
2026-08-04 17:50:19,18,55,51,3.069,4.178,0,Low
2026-08-04 18:00:23,14,37,33,3.069,4.211,0,Low
2026-08-04 18:10:23,17,48,44,3.069,4.211,0,Low
2026-08-04 18:20:28,16,48,44,3.069,4.211,0,Low
2026-08-04 18:30:30,14,45,41,3.069,4.211,0,Low
2026-08-04 18:40:22,16,48,44,3.069,4.073,0,Low
2026-08-04 18:50:16,17,41,37,3.069,3.936,0,Low
2026-08-04 19:00:24,18,41,36,3.069,4.008,0,Low
2026-08-04 19:10:24,18,41,37,3.069,4.008,0,Low
2026-08-04 19:20:16,17,40,36,3.069,4.081,0,Low
2026-08-04 19:30:16,17,41,37,3.069,3.936,0,Low
2026-08-04 19:41:42,17,41,37,3.069,4.081,0,Low
2026-08-04 19:50:15,16,42,38,3.069,4.102,0,Low
2026-08-04 20:02:56,15,46,42,3.069,4.211,0,Medium
2026-08-04 20:10:16,15,44,36,3.069,4.081,0,Low
2026-08-04 20:20:24,16,43,43,3.069,3.969,0,Medium
2026-08-04 20:30:24,16,43,43,3.069,3.969,0,Medium
2026-08-04 20:43:26,15,34,34,3.069,3.936,1,Low
2026-08-04 20:53:24,16,36,36,3.069,3.935,0,Medium
2026-08-04 20:57:56,16,40,40,3.069,3.935,0,Medium
2026-08-04 21:02:40,15,38,38,3.069,3.856,0,Medium
2026-08-04 21:10:13,15,38,38,3.069,3.856,1,Low
2026-08-04 21:20:23,15,44,44,3.069,3.856,0,Low
2026-08-04 21:30:22,15,45,45,3.069,3.856,0,Low
2026-08-04 21:42:04,16,53,53,3.069,3.836,0,Low
2026-08-04 21:50:14,15,44,44,3.069,3.817,1,Low
2026-08-04 22:02:50,15,44,44,3.069,3.817,1,Low
2026-08-04 22:10:29,15,44,44,3.069,3.817,1,Low
2026-08-04 22:20:23,15,47,47,3.068,3.817,1,Low
2026-08-04 22:30:26,15,46,46,3.068,3.817,0,Low
2026-08-04 22:40:15,15,46,46,3.068,3.817,0,Low
2026-08-04 22:50:13,17,57,57,3.068,3.935,0,Low
2026-08-04 23:00:19,18,64,64,3.068,3.876,0,Low
2026-08-04 23:10:15,17,65,65,3.068,3.817,1,Low
2026-08-04 23:20:16,19,69,69,3.068,3.935,1,Low
2026-08-04 23:30:24,18,67,67,3.068,3.876,1,Medium
2026-08-04 23:40:14,19,68,68,2.0,3.817,1,Low
2026-08-04 23:50:19,19,69,69,2.0,3.817,0,Medium
2026-08-05 00:00:27,18,64,64,2.0,3.714,0,Medium
2026-08-05 00:10:27,18,58,58,2.0,3.876,0,Medium
2026-08-05 00:20:18,18,61,61,2.001,3.714,0,Medium
2026-08-05 00:30:23,17,59,59,2.001,3.611,0,Medium
2026-08-05 00:40:15,18,64,64,2.001,3.648,0,Medium
2026-08-05 00:50:20,18,64,64,2.001,3.648,0,Medium
2026-08-05 01:00:23,19,63,63,2.001,3.685,1,Medium
2026-08-05 01:10:15,16,56,56,2.001,3.714,0,Medium
2026-08-05 01:20:12,16,56,56,2.001,3.817,1,Medium
2026-08-05 01:30:20,18,60,60,2.001,3.876,1,Medium
2026-08-05 01:42:06,18,59,59,2.001,3.876,1,Medium
2026-08-05 01:50:15,17,51,51,2.001,3.817,1,Medium
2026-08-05 02:00:19,17,58,58,2.001,3.817,1,Medium
2026-08-05 02:10:22,19,64,64,2.001,3.817,1,Medium
2026-08-05 02:20:16,19,63,63,2.001,3.817,1,Medium
2026-08-05 02:30:21,19,63,63,2.001,3.817,1,Medium
2026-08-05 02:40:15,,,,,,1,Medium
2026-08-05 02:50:13,19,62,62,2.001,3.817,1,Medium
2026-08-05 03:00:25,19,62,62,2.001,3.817,1,Medium
2026-08-05 03:10:18,19,62,62,2.001,3.817,0,Medium
2026-08-05 03:20:14,22,66,66,2.001,3.843,0,Medium
2026-08-05 03:30:20,21,64,64,2.001,3.817,0,Medium
2026-08-05 03:40:12,21,64,64,2.001,3.817,0,Medium
2026-08-05 03:50:15,21,64,64,2.001,3.817,0,Medium
2026-08-05 04:00:25,20,63,63,2.001,3.843,0,Low
2026-08-05 04:13:49,19,62,62,2.001,3.869,0,Medium
2026-08-05 04:20:12,20,63,63,2.001,3.902,0,Medium
2026-08-05 04:30:16,19,60,60,2.001,3.883,1,Medium
2026-08-05 04:40:13,19,68,68,2.001,3.817,0,Medium
2026-08-05 04:50:14,20,71,71,2.001,3.876,0,Medium
2026-08-05 05:00:19,20,74,74,2.001,3.751,0,Medium
2026-08-05 05:10:14,19,71,71,2.001,3.736,0,Medium
2026-08-05 05:20:13,20,73,73,2.001,3.776,0,Medium
2026-08-05 05:30:17,20,75,75,2.0,3.776,0,Medium
2026-08-05 05:40:19,19,70,70,2.001,3.736,0,Medium
2026-08-05 05:50:16,19,73,73,2.0,3.685,0,Medium
2026-08-05 06:02:55,21,76,76,2.001,3.736,0,Low
2026-08-05 06:10:13,21,69,69,2.001,3.736,0,Low
2026-08-05 06:14:08,21,69,69,2.0,3.736,0,Medium
2026-08-05 06:20:14,21,74,74,2.001,3.817,0,Low
2026-08-05 06:30:20,19,70,70,2.001,3.685,0,Low
2026-08-05 06:40:15,19,72,72,2.001,3.685,0,Low
2026-08-05 06:50:16,18,71,71,2.0,3.724,0,Low
2026-08-05 07:00:28,19,70,70,2.001,3.685,0,Low
2026-08-05 07:10:12,18,69,69,2.001,3.623,0,Low
2026-08-05 07:20:26,19,73,73,2.001,3.685,1,Low
2026-08-05 07:30:17,19,73,73,2.001,3.685,0,Low
2026-08-05 07:40:14,19,72,72,2.0,3.685,0,Low
2026-08-05 07:50:13,18,68,68,2.134,3.751,0,Low
2026-08-05 08:00:17,17,58,58,3.069,3.817,0,Low
2026-08-05 08:10:22,17,57,57,3.042,3.817,0,Low
2026-08-05 08:20:26,17,56,56,3.069,3.817,0,Medium
2026-08-05 08:30:25,16,52,52,3.069,3.836,0,Medium
2026-08-05 08:40:13,15,51,51,3.069,3.817,0,Medium
2026-08-05 08:50:13,16,52,52,3.069,3.769,0,Medium
2026-08-05 09:00:19,15,51,51,3.069,3.817,0,Medium
2026-08-05 09:10:13,,,,,,0,Medium
2026-08-05 09:20:15,17,63,63,3.069,3.817,0,Medium
2026-08-05 09:30:18,16,59,59,3.069,3.836,0,Medium
2026-08-05 09:40:15,15,57,57,3.069,3.817,0,Medium
2026-08-05 09:50:16,14,56,56,3.069,3.817,0,Medium
2026-08-05 10:00:20,16,57,57,3.069,3.817,0,High
2026-08-05 10:10:14,15,56,56,3.002,3.817,0,Medium
2026-08-05 10:20:17,16,58,58,3.069,3.876,0,Medium
2026-08-05 10:30:15,15,57,57,3.069,3.883,0,Medium
2026-08-05 10:40:12,15,57,57,3.069,3.817,0,Medium
2026-08-05 10:50:22,14,49,49,3.069,3.751,0,High
2026-08-05 11:00:19,13,46,46,3.069,3.685,0,High
2026-08-05 11:10:14,15,62,62,3.069,3.817,0,Medium
2026-08-05 11:20:18,16,64,64,3.069,3.876,0,High
2026-08-05 11:30:19,15,52,52,3.069,3.817,0,High
2026-08-05 11:40:22,16,64,64,3.069,3.876,0,High
2026-08-05 11:50:13,16,64,64,3.069,3.876,0,Medium
2026-08-05 12:00:21,18,66,66,3.069,3.942,0,Medium
2026-08-05 12:10:13,17,64,64,2.962,3.948,0,Medium
2026-08-05 12:20:16,15,59,59,3.069,3.948,0,High
2026-08-05 12:28:05,,,,,,0,High
2026-08-05 12:30:33,16,60,60,3.069,3.942,0,High
2026-08-05 12:40:14,14,44,44,3.069,3.876,0,High
2026-08-05 12:50:16,16,60,60,3.069,3.942,1,High
2026-08-05 13:00:20,18,65,65,3.069,3.876,1,High
2026-08-05 13:10:15,18,65,65,3.069,3.876,1,High
2026-08-05 13:20:16,17,61,61,3.069,3.936,1,High
2026-08-05 13:30:22,16,55,54,3.069,3.882,1,High
2026-08-05 13:40:13,16,55,55,3.069,3.882,1,Medium
2026-08-05 13:50:16,16,55,55,3.069,3.882,1,High
2026-08-05 14:00:26,17,56,56,3.069,3.948,1,High
2026-08-05 14:10:16,17,54,54,2.962,3.948,1,High
2026-08-05 14:20:23,16,55,55,3.122,3.956,1,Low
2026-08-05 14:30:25,18,62,62,3.122,4.015,0,Low
2026-08-05 14:40:24,18,62,62,3.122,4.08,0,High
2026-08-05 14:50:21,18,60,60,3.123,4.08,0,High
2026-08-05 15:00:20,18,51,51,3.123,3.948,0,Low
2026-08-05 15:10:23,17,52,52,3.122,3.948,0,Medium
2026-08-05 15:20:30,15,49,49,3.122,3.948,0,Medium
2026-08-05 15:30:18,16,50,50,3.122,3.942,0,Medium
2026-08-05 15:40:17,15,49,49,3.122,3.948,0,Medium
2026-08-05 15:50:22,15,51,51,3.123,3.948,0,Medium
2026-08-05 16:00:22,16,55,55,3.042,3.948,0,Medium
2026-08-05 16:10:18,15,47,47,2.962,3.948,0,Medium
2026-08-05 16:20:14,15,58,58,3.123,3.963,0,Medium
2026-08-05 16:30:25,15,59,59,3.123,3.948,0,Medium
2026-08-05 16:40:15,14,58,58,3.123,4.08,0,Medium
2026-08-05 16:50:17,15,61,61,3.122,3.948,0,Medium
2026-08-05 17:00:22,16,62,62,3.122,4.015,0,Medium
2026-08-05 17:10:16,16,62,62,3.122,3.975,0,Medium
2026-08-05 17:20:15,15,61,61,3.067,3.948,0,Medium
2026-08-05 17:30:25,15,61,61,3.067,3.948,0,Medium
2026-08-05 17:40:16,16,62,62,3.067,3.975,0,Medium
2026-08-05 17:50:28,15,61,61,3.067,4.002,1,Medium
2026-08-05 18:00:28,14,51,51,3.002,4.015,0,Medium
2026-08-05 18:09:09,15,52,52,3.067,4.003,0,Low
2026-08-05 18:10:15,15,52,52,3.067,4.003,0,Medium
2026-08-05 18:20:18,17,64,64,3.067,3.948,0,Medium
2026-08-05 18:30:19,14,53,53,3.067,3.962,0,Medium
2026-08-05 18:40:15,13,52,52,3.067,3.685,0,Medium
2026-08-05 18:50:15,15,58,58,3.067,3.685,0,Medium
2026-08-05 19:00:30,15,51,51,3.067,3.685,1,Medium
2026-08-05 19:10:13,13,42,42,3.067,3.685,1,Medium
2026-08-05 19:20:22,14,44,44,3.067,3.751,0,Medium
2026-08-05 19:30:17,13,40,40,3.067,3.685,0,Medium
2026-08-05 19:40:28,13,36,36,3.067,3.685,0,Medium
2026-08-05 19:50:14,17,52,44,2.803,3.685,1,Medium
2026-08-05 20:00:38,15,50,42,2.786,3.685,0,Medium
2026-08-05 20:10:18,16,52,44,3.067,3.882,1,Medium
2026-08-05 20:20:16,16,55,47,3.067,3.916,0,Medium
2026-08-05 20:30:25,13,50,42,3.067,3.817,0,Low
2026-08-05 20:40:32,12,49,41,3.067,3.882,0,Medium
2026-08-05 20:50:14,10,38,38,3.067,3.643,0,Medium
2026-08-05 21:00:27,11,39,39,3.067,3.685,0,Medium
2026-08-05 21:10:13,13,46,38,3.067,3.685,0,Medium
2026-08-05 21:20:18,10,39,31,3.123,3.709,0,Medium
2026-08-05 21:30:17,13,43,35,3.123,3.816,1,Medium
2026-08-05 21:40:13,13,44,36,3.068,3.602,0,Medium
2026-08-05 21:50:16,13,46,38,3.068,3.602,0,Medium
2026-08-05 22:00:21,13,45,37,2.962,3.602,1,Medium
2026-08-05 22:10:18,13,53,45,3.068,3.948,1,Medium
2026-08-05 22:19:37,14,51,43,3.068,3.916,1,Medium
2026-08-05 22:20:24,14,51,43,3.068,3.916,1,Medium
2026-08-05 22:30:26,14,43,43,3.068,3.81,1,Medium
2026-08-05 22:40:14,15,43,43,3.069,3.816,1,Medium
2026-08-05 22:50:18,14,43,43,3.068,3.709,1,Medium
2026-08-05 23:00:25,15,44,44,2.803,3.602,0,Medium
2026-08-05 23:10:14,14,43,43,2.786,3.535,1,Medium
2026-08-05 23:20:20,13,41,41,2.768,3.467,1,Medium
2026-08-05 23:30:15,15,50,50,2.751,3.602,0,Medium
2026-08-05 23:40:16,13,51,51,2.734,3.602,0,Medium
2026-08-05 23:50:15,11,40,40,3.068,3.467,0,Medium
2026-08-06 00:00:24,11,36,36,3.002,3.467,0,Medium
2026-08-06 00:10:22,11,40,40,3.122,3.816,0,Medium
2026-08-06 00:20:14,14,43,43,3.122,3.929,0,Medium
2026-08-06 00:30:21,,,,,,1,Medium
2026-08-06 00:40:11,15,46,46,3.068,3.816,0,Medium
2026-08-06 00:50:18,17,60,60,3.068,3.816,0,Medium
2026-08-06 01:00:18,17,60,60,3.068,3.816,0,Medium
2026-08-06 01:10:13,16,58,58,3.069,3.876,1,Medium
2026-08-06 01:20:16,16,59,59,3.122,3.876,0,Medium
2026-08-06 01:30:15,17,58,58,3.069,3.816,0,Medium
2026-08-06 01:40:12,19,69,69,2.8,3.685,1,Medium
2026-08-06 01:50:13,19,70,70,2.8,3.685,1,Medium
2026-08-06 02:00:16,18,68,68,2.8,3.75,0,Medium
2026-08-06 02:10:14,20,76,76,2.8,3.643,0,Medium
2026-08-06 02:20:15,21,84,84,2.8,3.685,0,Medium
2026-08-06 02:30:15,20,83,83,2.786,3.75,1,Medium
2026-08-06 02:40:18,22,88,88,2.768,3.724,1,Medium
2026-08-06 02:50:14,,,,,,0,Medium
2026-08-06 03:00:20,22,89,89,2.734,3.602,0,Medium
2026-08-06 03:10:14,22,87,87,2.716,3.602,0,Medium
2026-08-06 03:20:13,21,80,80,2.401,3.602,0,Medium
2026-08-06 03:30:25,20,86,86,2.401,3.643,0,Medium
2026-08-06 03:40:12,20,86,86,2.664,3.643,0,Medium
2026-08-06 03:50:13,20,82,82,2.647,3.709,0,Medium
2026-08-06 04:00:22,21,83,83,2.401,3.816,0,Medium
2026-08-06 04:10:17,21,82,82,2.8,3.935,0,Medium
2026-08-06 04:20:14,22,86,86,2.8,4.008,0,Medium
2026-08-06 04:30:20,23,85,85,2.401,3.936,0,Medium
2026-08-06 04:40:14,23,82,82,2.401,3.936,0,Medium
2026-08-06 04:50:16,22,73,73,2.401,3.876,0,Medium
2026-08-06 05:00:21,22,75,75,2.401,3.843,0,Medium
2026-08-06 05:10:16,23,74,74,2.401,3.816,0,Medium
2026-08-06 05:20:19,22,80,80,2.8,3.843,0,Medium
2026-08-06 05:30:19,21,80,80,2.401,3.75,0,Medium
2026-08-06 05:40:13,22,87,87,2.401,3.717,0,Medium
2026-08-06 05:50:17,24,92,92,2.401,3.75,0,Medium
2026-08-06 06:00:17,25,93,93,2.401,3.816,0,Medium
2026-08-06 06:10:32,23,91,91,2.8,3.816,0,Medium
2026-08-06 06:20:24,22,80,80,2.401,3.643,0,Medium
2026-08-06 06:30:19,24,82,82,2.8,3.902,0,Low
2026-08-06 06:40:20,23,84,84,2.401,3.802,0,Low
2026-08-06 06:50:16,23,84,84,2.401,3.736,1,Low
2026-08-06 07:00:27,22,77,77,2.8,3.729,1,Low
2026-08-06 07:10:19,23,84,84,2.8,3.736,1,Low
2026-08-06 07:20:16,23,78,78,2.401,3.685,0,Low
2026-08-06 07:30:18,22,71,71,2.401,3.643,0,Low
2026-08-06 07:40:15,23,71,71,2.401,3.685,0,Low
2026-08-06 07:50:21,22,73,73,2.401,3.535,0,Low
2026-08-06 08:00:20,22,69,68,2.401,3.535,0,Low
2026-08-06 08:02:08,20,64,64,2.401,3.535,0,Low
2026-08-06 08:10:22,22,69,69,2.401,3.602,0,Low
2026-08-06 08:20:14,22,63,63,2.401,3.602,0,Low
2026-08-06 08:30:17,21,63,63,2.401,3.685,0,Low
2026-08-06 08:40:26,19,56,56,2.401,3.816,0,Low
2026-08-06 08:50:15,19,63,63,2.401,3.816,0,Low
2026-08-06 09:00:27,18,62,62,2.401,3.744,0,Low
2026-08-06 09:10:23,18,62,62,2.401,3.769,1,Low
2026-08-06 09:20:15,19,61,61,2.401,3.685,1,Low
2026-08-06 09:30:24,20,64,64,2.401,3.75,1,Low
2026-08-06 09:40:15,19,63,63,2.401,3.685,0,Low
2026-08-06 09:50:22,19,65,65,2.401,3.685,0,Low
2026-08-06 10:00:20,20,67,67,2.401,3.751,0,Low
2026-08-06 10:10:16,20,63,63,2.401,3.751,0,Low
2026-08-06 10:20:23,22,84,76,2.401,3.889,0,Low
2026-08-06 10:30:18,22,88,80,2.401,3.889,0,Low
2026-08-06 10:40:21,21,85,77,2.401,3.842,0,Low
2026-08-06 10:50:15,23,97,89,2.401,3.936,0,Low
2026-08-06 11:00:20,24,98,90,2.401,3.935,0,Low
2026-08-06 11:10:16,24,93,85,2.401,3.935,0,Low
2026-08-06 11:20:15,24,94,86,2.401,3.889,0,Low
2026-08-06 11:30:17,25,95,87,2.401,3.935,0,Low
2026-08-06 11:40:17,25,95,87,2.401,3.935,0,Low
2026-08-06 11:50:12,25,108,100,2.401,3.935,0,Low
2026-08-06 12:00:19,23,95,87,2.401,3.842,0,Low
2026-08-06 12:10:17,24,106,98,2.401,3.862,0,Low
2026-08-06 12:20:19,25,104,96,2.401,3.935,0,Low
2026-08-06 12:30:20,24,104,96,2.401,3.889,0,Low
2026-08-06 12:40:13,24,100,92,2.401,3.969,0,Low
2026-08-06 12:50:22,22,98,90,2.401,4.008,0,Low
2026-08-06 13:00:21,23,99,91,2.401,3.936,0,Low
2026-08-06 13:10:19,22,91,91,2.401,3.936,0,Low
2026-08-06 13:20:15,23,89,89,2.401,3.936,0,Low
2026-08-06 13:30:22,20,75,75,2.401,3.829,0,Low
2026-08-06 13:40:15,21,81,80,2.401,3.842,0,Low
2026-08-06 13:50:17,20,82,82,2.401,3.889,0,Low
2026-08-06 14:00:30,21,82,82,2.401,3.936,0,Low
2026-08-06 14:10:14,21,79,79,2.401,3.842,0,Low
2026-08-06 14:20:18,22,81,81,2.401,3.889,0,Low
2026-08-06 14:30:26,21,82,82,2.401,3.842,0,Low
2026-08-06 14:40:23,18,69,69,2.401,3.722,0,Low
2026-08-06 14:50:14,18,72,72,2.401,3.722,0,Low
2026-08-06 15:00:26,19,77,77,2.401,3.763,0,Low
2026-08-06 15:10:15,19,77,77,2.401,3.682,1,Low
2026-08-06 15:20:28,19,77,77,2.401,3.602,0,Low
2026-08-06 23:06:40,23,85,77,2.401,3.685,1,Low
2026-08-06 23:14:23,23,86,78,2.401,3.817,1,Low
2026-08-06 23:20:20,24,87,79,2.401,3.751,1,Medium
2026-08-06 23:30:22,24,87,79,2.401,3.876,1,Low
2026-08-06 23:40:24,25,96,88,2.401,3.817,1,Low
2026-08-06 23:50:13,25,97,89,2.401,3.817,1,Low
2026-08-07 00:00:26,26,98,89,2.401,3.935,1,Low
2026-08-07 00:10:12,22,80,72,2.401,3.909,1,Medium
2026-08-07 00:20:19,24,76,68,2.401,3.81,1,Medium
2026-08-07 00:30:16,23,75,67,2.401,3.722,1,Low
2026-08-07 00:40:15,23,75,67,2.401,3.685,1,Low
2026-08-07 00:50:15,22,74,66,2.401,3.751,0,Low
2026-08-07 01:00:20,22,73,65,2.401,3.751,0,Low
2026-08-07 01:10:16,24,79,71,2.401,3.876,0,Low
2026-08-07 01:20:18,25,88,80,2.401,3.816,0,Low
2026-08-07 01:30:23,27,91,83,2.401,3.816,0,Low
2026-08-07 01:40:12,25,83,75,2.401,3.685,0,Low
2026-08-07 01:43:48,25,83,75,2.401,3.685,0,Low
2026-08-07 01:50:20,26,85,77,2.401,3.75,0,Medium
2026-08-07 02:00:20,24,82,74,2.401,3.876,1,Low
2026-08-07 02:10:16,24,82,74,2.401,3.85,0,Low
2026-08-07 02:20:21,23,81,73,2.401,3.816,0,Low
2026-08-07 02:30:25,24,83,75,2.401,3.876,0,Low
2026-08-07 02:40:17,23,82,74,2.401,3.816,0,Low
2026-08-07 02:50:16,25,91,83,2.401,3.935,0,Low
2026-08-07 03:00:19,23,82,74,2.401,3.816,0,Low
2026-08-07 03:10:14,23,82,74,2.401,3.816,0,Low
2026-08-07 03:20:12,25,91,83,2.401,3.816,0,Low
2026-08-07 03:30:15,25,91,83,2.401,3.935,0,Low
2026-08-07 03:40:13,27,94,86,2.401,3.935,0,Low
2026-08-07 03:50:13,27,98,90,2.401,3.935,0,Low
2026-08-07 04:00:20,25,95,87,2.401,3.936,0,Low
2026-08-07 04:10:16,24,92,92,2.401,3.85,0,Low
2026-08-07 04:20:14,24,95,95,2.401,3.81,0,Medium
2026-08-07 04:30:19,24,95,95,2.401,3.75,0,Medium
2026-08-07 04:40:15,24,92,92,2.401,3.75,0,Low
2026-08-07 04:50:11,24,98,98,2.401,3.849,0,Medium
2026-08-07 05:00:21,23,93,93,2.401,3.75,0,Low
2026-08-07 05:10:16,23,87,87,2.401,3.685,0,Low
2026-08-07 05:20:12,23,88,88,2.401,3.685,0,Low
2026-08-07 05:30:15,22,84,84,2.401,3.876,0,Low
2026-08-07 05:40:18,23,89,89,2.401,3.936,0,Low
2026-08-07 05:50:18,23,89,81,2.401,3.948,0,Low
2026-08-07 06:00:27,23,98,98,2.401,3.936,0,Low
2026-08-07 06:10:21,24,96,96,2.401,3.942,0,Low
2026-08-07 06:20:12,26,102,102,2.401,3.962,0,Low
2026-08-07 06:30:15,24,100,100,2.401,3.995,0,Low
2026-08-07 06:40:18,23,102,102,2.401,4.014,0,Low
2026-08-07 06:50:15,24,104,104,2.401,3.981,0,Low
2026-08-07 07:00:20,24,111,111,2.401,3.981,0,Low
2026-08-07 07:10:17,23,107,107,2.401,4.014,0,Low
2026-08-07 07:20:16,25,112,112,2.401,3.936,0,Low
2026-08-07 07:30:16,24,111,111,2.401,3.937,0,Low
2026-08-07 07:40:15,25,112,112,2.401,3.935,0,Low
2026-08-07 07:50:14,24,111,111,2.401,3.941,0,Low
2026-08-07 08:00:20,23,94,94,2.401,3.883,0,Low
2026-08-07 08:10:16,24,103,103,2.401,3.935,0,Low
2026-08-07 08:20:19,25,107,107,2.401,3.816,0,Low
2026-08-07 08:30:27,27,109,109,2.401,3.935,1,Low
2026-08-07 08:40:15,27,109,109,2.401,3.935,0,Low
2026-08-07 08:50:17,26,108,108,2.401,3.876,0,Low
2026-08-07 09:00:30,27,102,102,2.401,3.816,0,Low
2026-08-07 09:11:30,26,104,104,2.401,3.776,0,Low
2026-08-07 09:20:12,24,86,86,2.401,3.876,0,Low
2026-08-07 09:30:19,24,93,93,2.401,3.831,0,Low
2026-08-07 09:39:55,24,96,96,2.401,3.876,0,Low
2026-08-07 09:50:14,26,98,98,2.401,3.909,0,Low
2026-08-07 10:00:20,25,97,97,2.401,3.935,0,Low
2026-08-07 10:10:15,24,94,94,2.401,3.876,0,Low
2026-08-07 10:20:14,23,92,92,2.401,3.816,0,Low
2026-08-07 10:30:14,23,95,95,2.401,3.936,0,Low
2026-08-07 10:40:16,22,96,96,2.401,3.876,0,Low
2026-08-07 10:50:13,20,91,91,2.401,3.941,0,Low
2026-08-07 11:00:29,18,81,81,2.401,3.882,0,Low
2026-08-07 11:10:14,18,84,84,2.401,3.882,0,Low
2026-08-07 11:20:17,18,74,74,2.401,3.776,0,Low
2026-08-07 11:30:16,19,76,76,2.401,3.816,0,Low
2026-08-07 11:40:14,17,73,73,2.401,3.816,0,Low
2026-08-07 11:50:14,17,66,66,2.401,3.803,0,Low
2026-08-07 12:00:18,17,69,69,2.401,3.685,0,Low
2026-08-07 12:02:24,17,69,69,2.401,3.685,0,Low
2026-08-07 12:10:18,18,66,66,2.401,3.71,0,Medium
2026-08-07 12:20:12,18,71,71,2.401,3.75,0,Medium
2026-08-07 12:30:22,18,68,68,2.401,3.71,0,Medium
2026-08-07 12:40:19,18,65,65,2.401,3.643,0,Medium
2026-08-07 12:50:15,18,65,65,2.401,3.643,0,Low
2026-08-07 13:00:19,17,64,64,2.401,3.685,0,Low
2026-08-07 13:10:14,17,66,66,2.401,3.685,0,Low
2026-08-07 13:20:15,16,62,62,2.401,3.776,1,Low
2026-08-07 13:30:15,16,65,65,2.401,3.776,0,Low
2026-08-07 13:40:15,18,74,74,2.401,3.769,0,Low
2026-08-07 13:50:22,18,74,74,2.686,3.729,0,Low
2026-08-07 14:00:31,19,64,64,2.401,3.685,0,Low
2026-08-07 14:10:18,19,68,68,2.401,3.685,0,Low
2026-08-07 14:20:15,20,70,70,2.401,3.75,0,Low
2026-08-07 14:30:16,21,76,76,2.401,3.816,0,Low
2026-08-07 14:40:16,20,75,75,2.599,3.876,0,Low
2026-08-07 14:50:22,19,73,73,2.401,3.936,0,Low
2026-08-07 15:00:22,18,64,64,2.401,3.876,0,Low
2026-08-07 15:10:13,18,65,65,2.401,3.876,0,Low
2026-08-07 15:13:03,16,56,56,2.401,3.876,0,Low
2026-08-07 15:20:14,18,65,65,0.8,3.876,0,Low
2026-08-07 15:30:34,18,61,61,0.8,3.863,0,Low
2026-08-07 15:40:15,16,60,60,0.8,3.81,1,Low
2026-08-07 15:50:15,16,64,64,0.8,3.749,0,Low
2026-08-07 16:00:21,20,69,69,0.8,3.709,0,Low
2026-08-07 16:10:17,16,65,65,0.8,3.709,0,Low
2026-08-07 16:20:26,17,69,69,0.8,3.602,1,Low
2026-08-07 16:30:16,19,72,72,0.8,3.817,0,Low
2026-08-07 16:40:24,18,72,64,0.801,3.709,0,
2026-08-07 16:50:13,20,73,65,0.801,3.876,0,Low
2026-08-07 17:00:19,21,77,69,0.801,3.936,0,Low
2026-08-07 17:10:35,19,76,68,0.801,3.936,0,Low
2026-08-07 17:20:23,18,71,63,0.801,3.976,0,Low
2026-08-07 17:30:27,17,65,57,0.801,3.923,0,Low
2026-08-07 17:40:15,19,71,63,0.801,3.843,0,Low
2026-08-07 17:50:18,20,72,64,0.801,3.829,0,Low
2026-08-07 18:00:18,18,67,59,0.801,3.829,0,Low
2026-08-07 18:05:51,18,67,59,0.801,3.729,0,Low
2026-08-07 18:10:20,15,57,49,0.801,3.602,0,Low
2026-08-07 18:20:16,16,65,57,0.801,3.709,1,Low
2026-08-07 18:30:15,16,66,58,0.801,3.709,0,Low
2026-08-07 18:40:22,15,61,53,0.801,3.602,0,Low
2026-08-07 18:50:14,17,72,64,0.801,3.817,0,Low
2026-08-07 19:00:23,19,70,62,0.801,3.817,0,Low
2026-08-07 19:10:21,17,71,63,0.801,3.602,0,Low
2026-08-07 19:20:20,19,71,63,0.801,3.602,0,Low
2026-08-07 19:30:16,18,71,63,0.801,3.709,0,Low
2026-08-07 19:40:14,18,71,63,0.801,3.709,0,Low
2026-08-07 19:50:16,18,71,63,0.801,3.83,0,Low
2026-08-07 20:00:19,18,72,64,0.801,3.79,0,Low
2026-08-07 20:09:35,18,72,64,0.801,3.749,0,Low
2026-08-07 20:10:12,18,72,64,0.801,3.749,0,Low
2026-08-07 20:20:22,18,75,67,0.801,3.709,0,Low
2026-08-07 20:30:20,21,85,77,0.801,3.817,0,Low
2026-08-07 20:40:16,20,81,73,0.801,3.876,0,Low
2026-08-07 20:50:15,20,81,73,0.801,3.876,0,Low
2026-08-07 21:00:22,19,76,68,0.801,3.817,0,Low
2026-08-07 21:10:14,20,81,73,0.801,3.876,1,Low
2026-08-07 21:20:18,23,93,85,0.8,3.936,0,Low
2026-08-07 21:30:14,21,86,78,0.801,3.935,1,Medium
2026-08-07 21:40:20,20,75,67,0.8,3.935,0,Medium
2026-08-07 21:50:12,19,77,77,0.8,3.883,1,Medium
2026-08-07 22:00:20,21,82,82,0.801,3.817,0,Medium
2026-08-07 22:08:28,23,85,85,0.801,3.722,0,Medium
2026-08-07 22:10:13,22,86,86,0.8,3.769,0,Medium
2026-08-07 22:20:12,23,98,98,0.8,3.935,0,Medium
2026-08-07 22:30:20,23,99,99,0.801,3.935,0,Medium
2026-08-07 22:40:16,26,100,100,0.801,3.838,0,Medium
2026-08-07 22:50:14,24,102,102,0.801,3.876,0,Medium
2026-08-07 23:00:31,24,102,102,0.801,3.935,0,Medium
2026-08-07 23:10:13,23,98,98,0.801,3.935,0,Medium
2026-08-07 23:20:15,22,100,100,0.801,3.935,0,Medium
2026-08-07 23:30:21,20,94,94,0.801,3.876,0,Low
2026-08-07 23:40:22,21,98,98,0.801,3.935,0,Low
2026-08-07 23:50:12,25,100,100,0.801,3.923,0,Low
2026-08-07 23:52:08,24,99,99,0.801,3.883,0,Low
2026-08-08 00:00:25,24,98,98,0.801,3.889,0,Low
2026-08-08 00:10:28,23,96,96,0.801,3.817,0,Low
2026-08-08 00:20:12,23,93,93,0.801,3.685,0,Low
2026-08-08 00:30:18,21,90,90,0.801,3.685,0,Low
2026-08-08 00:40:17,22,94,94,0.801,3.643,0,Low
2026-08-08 00:50:20,23,93,93,0.801,3.685,0,Medium
2026-08-08 01:00:22,22,85,85,0.801,3.643,1,High
2026-08-08 01:10:15,21,84,84,0.801,3.685,1,High
2026-08-08 01:20:16,,,,,,1,High
2026-08-08 01:30:14,21,84,84,0.801,3.685,0,Low
2026-08-08 01:40:20,19,85,85,0.801,3.685,0,Low
2026-08-08 01:50:13,20,87,87,0.801,3.876,1,Low
2026-08-08 02:00:21,19,85,85,0.801,3.883,0,Low
2026-08-08 02:10:14,19,85,85,0.801,3.803,0,High
2026-08-08 02:20:13,21,91,91,0.801,3.817,0,Low
2026-08-08 02:30:16,21,88,88,0.801,3.817,0,High
2026-08-08 02:40:14,22,89,89,0.801,3.643,0,Low
2026-08-08 02:50:20,22,90,90,0.801,3.751,0,Low
2026-08-08 03:00:24,23,93,93,0.801,3.685,0,Low
2026-08-08 03:10:13,23,93,93,0.801,3.816,0,Low
2026-08-08 03:20:15,22,94,94,0.801,3.75,0,Low
2026-08-08 03:30:17,25,97,97,0.801,3.685,0,Low
2026-08-08 03:40:14,23,97,97,0.801,3.685,1,Low
2026-08-08 03:50:13,22,89,89,0.801,3.643,0,Low
2026-08-08 04:00:26,22,89,89,0.801,3.75,0,Low
2026-08-08 04:10:12,23,91,91,0.801,3.816,0,High
2026-08-08 04:17:37,25,92,92,0.801,3.803,0,High
2026-08-08 04:20:12,,,,,,0,High
2026-08-08 04:30:14,24,88,88,0.801,3.683,0,High
2026-08-08 04:40:15,22,86,86,0.801,3.643,0,High
2026-08-08 04:50:13,22,80,80,0.801,3.643,0,High
2026-08-08 05:00:20,21,80,80,0.801,3.602,0,High
2026-08-08 05:10:12,23,86,86,0.801,3.602,0,High
2026-08-08 05:20:17,24,86,86,0.801,3.602,0,High
2026-08-08 05:30:18,23,85,85,0.801,3.602,0,High
2026-08-08 05:40:14,24,79,79,0.801,3.602,0,High
2026-08-08 05:50:14,24,87,87,0.801,3.602,0,High
2026-08-08 06:00:19,25,88,88,0.801,3.816,0,High
2026-08-08 06:10:12,24,89,89,0.801,3.75,0,High
2026-08-08 06:20:15,24,89,89,0.801,3.75,0,High
2026-08-08 06:25:22,24,89,89,0.801,3.744,0,High
2026-08-08 06:30:16,24,87,87,0.801,3.724,0,High
2026-08-08 06:40:13,22,83,83,0.801,3.683,0,High
2026-08-08 06:50:13,19,80,78,0.801,3.685,0,Medium
2026-08-08 07:00:18,19,83,83,0.801,3.685,0,High
2026-08-08 07:10:20,20,81,81,0.801,3.75,0,High
2026-08-08 07:20:13,22,94,94,0.801,3.816,0,High
2026-08-08 07:30:14,22,94,94,0.801,3.816,0,Low
2026-08-08 07:40:14,23,91,91,0.801,3.816,0,Low
2026-08-08 07:50:12,23,91,91,0.801,3.816,0,Low
2026-08-08 08:00:18,23,92,92,0.801,3.816,0,Low
2026-08-08 08:10:18,22,95,95,0.801,3.876,0,Low
2026-08-08 08:20:11,22,95,95,0.801,3.876,0,Low
2026-08-08 08:21:47,22,95,95,0.801,3.876,0,Low
2026-08-08 08:30:15,22,92,92,0.801,3.942,0,Low
2026-08-08 08:40:14,21,91,91,0.801,3.936,0,Low
2026-08-08 08:50:17,22,93,93,0.801,3.942,0,Low
2026-08-08 09:00:20,22,93,93,0.801,3.942,0,Low
2026-08-08 09:10:17,21,85,85,0.801,3.936,0,Low
2026-08-08 09:20:12,21,85,85,0.801,3.936,0,Medium
2026-08-08 09:30:15,22,84,84,0.801,3.876,0,Medium
2026-08-08 09:40:17,23,92,92,0.801,3.923,0,Medium
2026-08-08 09:50:13,22,91,91,0.801,3.889,0,Medium
2026-08-08 10:00:20,23,99,99,0.801,3.936,1,Medium
2026-08-08 10:05:01,22,93,93,0.801,3.876,0,Medium
2026-08-08 10:10:12,22,93,93,0.801,3.876,0,Medium
2026-08-08 10:20:16,23,101,101,0.801,3.936,0,Medium
2026-08-08 10:30:20,23,102,102,0.801,3.935,0,Medium
2026-08-08 10:40:14,22,100,100,0.801,3.882,0,Low
2026-08-08 10:50:20,24,103,103,0.801,3.935,0,Low
2026-08-08 11:00:19,25,104,104,0.801,3.935,0,Low
2026-08-08 11:10:13,25,102,102,0.801,3.898,0,Low
2026-08-08 11:20:14,24,101,101,0.801,3.876,0,Medium
2026-08-08 11:30:19,24,99,99,0.801,3.876,0,Medium
2026-08-08 11:40:13,23,98,98,0.801,3.936,0,Low
2026-08-08 11:42:26,23,97,97,0.801,3.936,0,Low
2026-08-08 11:50:13,23,91,91,0.801,3.923,0,Medium
2026-08-08 12:00:21,23,91,91,0.801,3.843,0,Low
2026-08-08 12:10:12,24,94,94,0.801,3.876,0,Low
2026-08-08 12:20:15,23,93,93,0.801,3.816,0,Low
2026-08-08 12:30:19,24,90,90,0.801,3.876,0,Low
2026-08-08 12:40:21,24,88,88,0.801,3.876,1,Low
2026-08-08 12:50:12,24,91,91,0.801,3.876,0,Low
2026-08-08 13:00:21,25,101,101,0.801,3.936,0,Low
2026-08-08 13:10:12,26,101,101,0.801,3.936,0,Low
2026-08-08 13:20:14,23,90,90,0.801,3.936,0,Low
2026-08-08 13:30:14,25,89,89,0.801,3.816,0,Low
2026-08-08 13:40:15,24,88,88,0.801,3.876,0,Low
2026-08-08 13:50:15,25,96,96,0.801,3.948,0,Low
2026-08-08 14:00:22,27,99,99,0.801,3.935,0,Low
2026-08-08 14:01:45,28,99,99,0.801,3.935,0,Low
2026-08-08 14:10:14,28,100,100,0.801,3.935,0,Medium
2026-08-08 14:20:14,23,91,91,0.801,3.816,0,Medium
2026-08-08 14:30:18,24,93,93,0.801,3.876,0,Low
2026-08-08 14:40:17,23,91,91,0.801,3.816,1,Low
2026-08-08 14:50:18,23,95,95,0.801,3.816,0,Low
2026-08-08 15:00:17,24,94,94,0.801,3.882,0,Low
2026-08-08 15:10:14,23,90,90,0.801,3.948,0,Low
2026-08-08 15:14:44,24,93,93,0.801,3.948,1,High
2026-08-08 15:20:14,24,96,96,0.801,3.942,0,High
2026-08-08 15:30:18,23,88,88,0.801,3.883,0,Medium
2026-08-08 15:40:11,24,92,92,0.801,3.816,0,Medium
2026-08-08 15:50:16,22,80,80,0.801,3.77,0,Medium
2026-08-08 16:00:22,21,82,82,0.8,3.816,0,Medium
2026-08-08 16:10:13,21,82,82,0.8,3.816,0,Medium
2026-08-08 16:20:13,21,80,80,0.801,3.816,0,Medium
2026-08-08 16:30:19,23,87,87,0.801,3.816,0,High
2026-08-08 16:40:13,22,84,84,0.801,3.749,0,High
2026-08-08 16:50:16,24,88,87,0.801,3.816,0,Low
2026-08-08 17:00:17,24,88,88,0.801,3.776,0,Low
2026-08-08 17:04:20,24,91,91,0.8,3.776,0,High
2026-08-08 17:10:14,24,91,91,0.8,3.776,0,High
2026-08-08 17:20:11,22,87,87,0.8,3.776,0,Low
2026-08-08 17:30:17,22,83,83,0.801,3.776,0,Low
2026-08-08 17:40:14,,,,,,0,Low
2026-08-08 17:50:14,25,89,89,0.801,3.936,0,Low
2026-08-08 18:00:26,23,88,88,0.8,3.935,0,Low
2026-08-08 18:03:15,25,90,90,0.801,3.935,0,Low
2026-08-08 18:10:12,24,89,89,0.801,3.942,0,Low
2026-08-08 18:20:15,25,93,93,0.8,3.923,0,Low
2026-08-08 18:30:17,23,90,90,0.8,3.935,0,Low
2026-08-08 18:40:12,24,88,87,0.801,3.876,0,High
2026-08-08 18:50:14,23,86,86,0.801,3.935,0,Low
2026-08-08 19:00:16,23,86,86,0.801,3.935,0,Low
2026-08-08 19:10:15,22,84,84,0.801,3.876,0,Low
2026-08-08 19:20:18,22,78,78,0.801,3.936,0,Low
2026-08-08 19:30:16,23,80,80,0.801,3.936,0,Low
2026-08-08 19:40:20,21,77,77,0.801,3.935,0,Low
2026-08-08 19:45:15,23,79,79,0.801,3.935,0,Low
2026-08-08 19:50:13,23,81,81,0.801,3.935,0,Low
2026-08-08 20:00:16,22,83,83,0.8,3.935,0,Low
2026-08-08 20:10:18,22,80,80,0.801,3.876,0,Low
2026-08-08 20:20:24,23,88,88,0.801,3.936,0,Low
2026-08-08 20:30:16,24,92,92,0.801,3.909,0,Low
2026-08-08 20:40:20,25,84,84,0.801,3.816,0,Medium
2026-08-08 20:50:14,,,,,,0,Medium
2026-08-08 21:00:20,25,81,81,2.134,3.816,0,Medium
2026-08-08 21:03:19,26,85,85,2.134,3.935,0,Medium
2026-08-08 21:10:16,26,88,88,2.134,3.935,0,High
2026-08-08 21:20:12,26,93,93,2.134,3.876,0,High
2026-08-08 21:30:17,28,98,98,2.134,3.935,0,Medium
2026-08-08 21:40:16,26,92,91,2.134,3.941,0,Medium
2026-08-08 21:50:14,29,98,98,2.134,3.936,0,High
2026-08-08 22:00:27,28,97,97,2.134,3.942,0,Medium
2026-08-08 22:02:38,27,96,96,2.134,3.948,0,Medium
2026-08-08 22:10:12,27,96,96,2.134,3.948,0,High
2026-08-08 22:20:13,27,90,90,2.134,3.936,0,High
2026-08-08 22:30:22,27,90,90,2.134,3.935,0,High
2026-08-08 22:40:12,27,92,92,2.134,3.935,0,High
2026-08-08 22:50:13,25,86,86,2.134,3.816,0,High
2026-08-08 23:00:20,28,95,95,2.134,3.876,0,High
2026-08-08 23:10:14,26,89,89,2.134,3.935,0,Low
2026-08-08 23:13:48,26,92,92,2.134,3.935,0,High
2026-08-08 23:20:20,27,100,100,2.134,3.936,0,High
2026-08-08 23:30:14,24,83,83,2.134,3.935,0,High
2026-08-08 23:40:13,25,84,84,2.134,3.935,0,High
2026-08-08 23:50:11,23,82,82,2.134,3.935,0,High
2026-08-09 00:00:17,23,79,79,2.134,3.935,0,High
2026-08-09 00:10:15,24,90,90,2.134,3.935,0,High
2026-08-09 00:20:12,26,99,99,2.134,3.876,0,High
2026-08-09 00:30:16,28,100,100,2.134,3.935,0,High
2026-08-09 00:40:16,26,102,102,2.134,3.935,0,High
2026-08-09 00:50:16,25,98,98,2.134,3.935,0,High
2026-08-09 01:00:17,25,98,98,2.134,3.935,0,High
2026-08-09 01:10:15,22,91,91,2.134,3.876,0,High
2026-08-09 01:20:13,24,100,100,2.134,3.876,0,High
2026-08-09 01:30:16,25,100,100,2.134,3.935,0,High
2026-08-09 01:40:11,25,100,100,2.134,3.935,0,High
2026-08-09 01:50:12,26,100,100,2.134,3.876,0,High
2026-08-09 02:00:16,26,104,104,2.134,3.876,0,High
2026-08-09 02:10:14,26,104,104,2.134,3.816,0,High
2026-08-09 02:20:15,26,103,103,2.134,3.816,0,Low
2026-08-09 02:30:15,26,103,103,2.134,3.816,0,Low
2026-08-09 02:40:16,26,107,107,2.134,3.816,0,Low
2026-08-09 02:50:12,25,102,102,2.134,3.816,0,Low
2026-08-09 03:00:18,25,102,102,2.134,3.803,0,Low
2026-08-09 03:10:21,26,107,107,2.134,3.769,0,Low
2026-08-09 03:20:14,29,112,112,1.669,3.816,0,High
2026-08-09 03:30:16,28,109,109,1.669,3.648,0,Low
2026-08-09 03:40:14,28,107,107,1.669,3.648,0,High
2026-08-09 03:50:14,28,108,108,1.669,3.816,0,High
2026-08-09 04:00:21,28,114,114,1.669,3.816,0,High
2026-08-09 04:04:45,30,113,113,1.669,3.816,0,High
2026-08-09 04:10:16,27,109,109,1.669,3.816,0,High
2026-08-09 04:20:15,30,113,113,1.669,3.871,0,High
2026-08-09 04:30:15,32,122,122,1.669,3.831,0,High
2026-08-09 04:40:17,28,115,115,1.669,3.789,0,High
2026-08-09 04:50:16,29,121,121,1.669,3.816,0,High
2026-08-09 05:00:20,29,117,117,1.669,3.816,0,High
2026-08-09 05:10:11,28,116,116,1.669,3.875,0,High
2026-08-09 05:20:13,27,114,114,1.669,3.816,0,High
2026-08-09 05:30:20,27,111,110,1.601,3.816,0,High
2026-08-09 05:40:14,27,112,112,1.601,3.816,0,High
2026-08-09 05:50:11,27,112,112,1.601,3.816,0,High
2026-08-09 06:00:17,29,112,112,1.601,3.816,0,High
2026-08-09 06:10:13,27,106,106,1.6,3.936,0,Low
2026-08-09 06:20:13,29,117,117,1.6,3.935,0,High
2026-08-09 06:30:18,28,112,112,1.601,3.876,1,High
2026-08-09 06:31:27,28,112,112,1.601,3.876,1,High
2026-08-09 06:40:12,27,106,106,1.6,3.816,0,High
2026-08-09 06:50:14,29,117,117,1.601,3.935,0,High
2026-08-09 07:00:17,28,109,109,1.6,3.876,0,Low
2026-08-09 07:10:13,27,104,104,1.601,3.816,0,Low
2026-08-09 07:20:14,26,104,104,1.6,3.816,0,Low
2026-08-09 07:30:18,29,114,114,1.601,3.935,0,Low
2026-08-09 07:40:13,28,113,113,1.601,3.876,0,Low
2026-08-09 07:50:14,29,117,117,1.6,3.935,0,Low
2026-08-09 08:00:20,28,110,110,1.601,3.876,0,Low
2026-08-09 08:10:11,30,118,118,1.6,3.935,0,High
2026-08-09 08:20:15,29,114,114,1.201,3.819,0,High
2026-08-09 08:25:39,30,118,118,1.2,3.876,0,High
2026-08-09 08:30:13,30,118,118,1.2,3.876,0,High
2026-08-09 08:40:18,29,111,111,1.201,3.816,0,High
2026-08-09 08:50:12,27,109,109,1.201,3.816,0,High
2026-08-09 09:00:17,27,108,108,1.201,3.816,0,High
2026-08-09 09:10:14,28,109,109,1.201,3.909,0,High
2026-08-09 09:20:14,27,106,106,1.201,3.816,0,High
2026-08-09 09:30:20,28,110,110,1.2,3.876,0,High
2026-08-09 09:40:14,28,107,107,1.201,3.876,0,High
2026-08-09 09:50:12,28,110,110,1.2,3.876,0,High
2026-08-09 10:00:21,28,107,107,1.201,3.876,0,High
2026-08-09 10:07:24,28,107,107,1.201,3.876,0,High
2026-08-09 10:10:12,28,110,110,1.2,3.876,0,High
2026-08-09 10:20:13,29,110,110,1.201,3.936,0,High
2026-08-09 10:30:20,30,116,116,1.2,3.936,0,High
2026-08-09 10:40:13,29,109,109,1.2,3.936,0,High
2026-08-09 10:50:24,29,109,109,1.2,3.936,0,High
2026-08-09 11:00:17,28,108,108,0.8,3.935,0,High
2026-08-09 11:10:13,28,106,106,0.801,3.936,0,High
2026-08-09 11:20:18,30,111,111,0.8,3.909,0,Medium
2026-08-09 11:30:15,29,107,107,0.801,3.816,0,Medium
2026-08-09 11:40:15,29,107,107,0.801,3.816,0,High
2026-08-09 11:48:23,30,111,111,0.801,3.816,0,High
2026-08-09 11:50:12,30,110,109,0.801,3.816,0,High
2026-08-09 12:00:20,30,109,109,0.801,3.816,0,High
2026-08-09 12:10:12,31,112,112,0.801,3.816,0,High
2026-08-09 12:20:13,29,106,106,0.801,3.816,0,High
2026-08-09 12:30:15,30,103,103,0.801,3.875,0,High
2026-08-09 12:40:11,30,105,105,0.801,3.816,0,High
2026-08-09 12:50:12,30,105,105,0.801,3.816,0,High
2026-08-09 13:00:19,28,105,105,0.801,3.816,0,High
2026-08-09 13:10:13,27,101,101,0.801,3.935,0,Medium
2026-08-09 13:20:12,28,108,108,0.801,3.93,0,Medium
2026-08-09 13:30:14,28,109,109,0.801,3.876,0,Medium
2026-08-09 13:40:13,29,108,108,0.801,3.816,0,Medium
2026-08-09 13:50:13,29,107,107,0.801,3.935,0,Medium
2026-08-09 14:00:16,29,111,111,0.801,3.935,0,Medium
2026-08-09 14:03:55,30,111,111,0.801,3.875,0,Medium
2026-08-09 14:10:14,30,110,110,0.801,3.816,0,Medium
2026-08-09 14:20:14,27,105,105,0.801,3.935,0,High
2026-08-09 14:30:19,26,103,103,0.801,3.876,0,High
2026-08-09 14:40:12,29,113,113,0.801,3.936,0,High
2026-08-09 14:50:13,30,124,124,0.801,3.942,0,Medium
2026-08-09 15:00:21,31,121,121,0.801,3.948,0,Medium
2026-08-09 15:10:19,30,121,121,0.801,3.948,0,Medium
2026-08-09 15:20:23,27,115,115,0.801,3.948,0,Low
2026-08-09 15:30:14,29,116,116,0.801,3.948,0,Medium
2026-08-09 15:40:13,29,114,114,0.801,3.936,0,Medium
2026-08-09 15:50:13,28,108,108,0.801,3.928,0,Medium
2026-08-09 15:51:54,27,107,107,0.801,3.921,0,Medium
2026-08-09 16:00:21,28,108,108,0.801,3.928,0,Medium
2026-08-09 16:10:14,28,114,114,0.801,3.869,0,Medium
2026-08-09 16:20:13,26,108,108,0.801,3.948,0,Medium
2026-08-09 16:30:17,26,105,105,0.801,3.942,0,Medium
2026-08-09 16:40:21,26,108,108,0.801,3.942,0,High
2026-08-09 16:50:15,27,112,112,0.801,3.948,0,Medium
2026-08-09 17:00:19,26,110,110,0.801,3.942,0,Medium
2026-08-09 17:10:13,25,109,109,0.801,3.948,0,Medium
2026-08-09 17:18:10,29,111,111,0.801,3.936,0,Medium
2026-08-09 17:20:13,29,111,111,0.801,3.936,0,Medium
2026-08-09 17:30:19,29,113,113,0.801,3.936,0,Medium
2026-08-09 17:40:15,30,115,115,0.801,3.876,0,Medium
2026-08-09 17:50:13,30,115,115,0.801,3.876,0,Medium
2026-08-09 18:00:19,29,113,113,0.801,3.816,0,Medium
2026-08-09 18:10:20,29,121,113,0.801,3.948,0,Low
2026-08-09 18:20:12,29,121,113,0.801,3.936,0,Low
2026-08-09 18:30:17,28,116,108,0.801,3.876,0,Low
2026-08-09 18:40:16,29,120,112,0.801,3.948,0,Low
2026-08-09 18:50:13,30,123,115,0.801,3.942,0,Low
2026-08-09 19:00:20,28,117,109,0.801,3.942,0,Medium
2026-08-09 19:10:16,31,121,113,0.801,3.948,0,Low
2026-08-09 19:20:14,29,118,110,0.801,3.948,0,Medium
2026-08-09 19:20:54,30,122,114,0.801,3.948,0,Medium
2026-08-09 19:30:18,29,118,110,0.801,3.948,0,Medium
2026-08-09 19:40:16,31,122,114,0.801,3.948,0,High
2026-08-09 19:50:13,29,122,114,0.801,3.948,0,Medium
2026-08-09 20:00:18,29,118,110,0.801,3.948,0,Medium
2026-08-09 20:10:12,31,121,113,0.801,3.948,0,Medium
2026-08-09 20:20:12,33,125,117,0.801,3.936,0,Medium
2026-08-09 20:30:16,30,120,112,0.801,3.942,0,Medium
2026-08-09 20:40:19,,,,,,0,Medium
2026-08-09 20:50:14,28,120,112,0.801,3.948,0,Medium
2026-08-09 21:00:21,29,118,110,0.801,3.948,0,High
2026-08-09 21:04:58,31,119,111,0.801,3.948,0,High
2026-08-09 21:10:15,32,120,112,0.801,3.936,0,High
2026-08-09 21:20:15,30,117,109,0.801,3.942,0,High
2026-08-09 21:30:17,32,126,118,0.801,3.942,0,High
2026-08-09 21:40:14,32,122,114,0.801,3.942,0,High
2026-08-09 21:50:15,33,126,118,0.801,3.936,0,High
2026-08-09 22:00:17,33,124,116,0.801,3.936,0,High
2026-08-09 22:04:53,32,116,108,0.801,3.942,0,High
2026-08-09 22:10:14,31,105,96,0.801,3.936,0,High
2026-08-09 22:20:13,28,100,92,0.801,3.942,0,High
2026-08-09 22:30:15,29,106,98,0.801,3.948,0,High
2026-08-09 22:40:15,29,110,102,0.801,3.948,0,High
2026-08-09 22:50:21,29,104,96,0.801,3.936,0,High
2026-08-09 23:05:22,30,105,97,0.801,3.929,0,High
2026-08-09 23:10:14,30,113,105,0.801,3.948,0,High
2026-08-09 23:20:14,32,125,117,0.801,3.948,0,High
2026-08-09 23:30:16,29,118,110,0.801,3.935,0,High
2026-08-09 23:40:14,31,127,119,0.801,3.935,0,High
2026-08-09 23:50:12,33,131,123,0.801,3.936,0,High
2026-08-09 23:52:15,31,126,118,0.801,3.935,0,High
2026-08-10 00:00:19,31,121,113,0.801,3.936,0,High
2026-08-10 00:10:14,30,113,113,0.801,3.935,0,High
2026-08-10 00:20:14,30,115,115,0.801,3.935,0,High
2026-08-10 00:30:20,30,122,114,0.801,3.939,0,High
2026-08-10 00:40:20,31,122,114,0.801,3.935,0,High
2026-08-10 00:50:14,31,126,118,0.801,3.935,0,High
2026-08-10 01:00:22,33,130,122,0.801,3.936,0,High
2026-08-10 01:10:14,31,124,116,0.801,3.923,0,High
2026-08-10 01:20:15,32,129,121,0.801,3.889,0,High
2026-08-10 01:30:16,32,127,119,0.801,3.816,0,High
2026-08-10 01:40:18,33,129,121,0.801,3.817,0,High
2026-08-10 01:50:15,29,120,112,0.801,3.816,0,High
2026-08-10 02:00:18,29,113,105,0.801,3.817,0,High
2026-08-10 02:10:15,30,119,111,0.801,3.816,0,High
2026-08-10 02:20:11,28,118,110,0.801,3.876,0,High
2026-08-10 02:30:16,28,122,114,0.801,3.941,0,High
2026-08-10 02:40:16,29,118,110,0.801,3.935,0,Medium
2026-08-10 02:50:16,29,117,109,0.801,3.817,0,Medium
2026-08-10 03:00:20,29,118,110,0.801,3.935,0,Medium
2026-08-10 03:10:13,30,119,111,0.801,3.876,0,Medium
2026-08-10 03:20:13,29,118,110,0.801,3.817,0,High
2026-08-10 03:30:15,31,123,114,0.801,3.936,0,High
2026-08-10 03:40:15,32,126,118,0.801,3.876,0,High
2026-08-10 03:50:14,31,124,116,0.801,3.817,0,High
2026-08-10 04:00:23,28,117,109,0.801,3.816,0,Medium
2026-08-10 04:10:12,25,87,87,0.801,3.816,0,Medium
2026-08-10 04:20:15,30,114,106,0.801,3.816,0,High
2026-08-10 04:30:14,26,102,102,0.801,3.816,0,High
2026-08-10 04:40:17,27,106,106,0.801,3.817,0,High
2026-08-10 04:50:22,28,107,106,0.801,3.816,0,High
2026-08-10 05:00:18,26,99,99,0.801,3.816,0,High
2026-08-10 05:10:13,29,117,109,0.801,3.935,0,High
2026-08-10 05:20:13,29,111,103,0.801,3.923,0,High
2026-08-10 05:30:16,27,109,101,0.801,3.843,0,High
2026-08-10 05:40:15,27,109,101,0.801,3.816,0,Low
2026-08-10 05:50:17,28,117,109,0.801,3.816,0,Low
2026-08-10 06:00:19,28,116,108,0.801,3.876,0,Low
2026-08-10 06:10:15,28,114,106,0.801,3.816,0,Low
2026-08-10 06:20:15,28,122,114,0.801,3.928,0,Low
2026-08-10 06:30:17,29,125,117,0.801,3.921,0,Medium
2026-08-10 06:40:21,29,120,112,0.801,3.936,0,Medium
2026-08-10 06:50:16,30,127,119,0.801,3.928,0,Medium
2026-08-10 07:00:26,30,126,118,0.801,3.928,0,Low
2026-08-10 07:10:14,27,122,114,0.801,3.948,0,Low
2026-08-10 07:20:15,27,118,110,0.801,3.936,0,Low
2026-08-10 07:30:17,28,116,108,0.802,3.935,0,Low
2026-08-10 07:40:15,29,125,117,0.801,3.935,1,Low
2026-08-10 07:50:19,27,113,105,0.801,3.936,0,Low
2026-08-10 08:00:19,28,117,109,0.802,3.942,0,Low
2026-08-10 08:10:24,28,120,112,0.801,3.942,0,Low
2026-08-10 08:20:22,31,125,117,0.801,3.936,0,Low
2026-08-10 08:30:25,31,124,116,0.801,3.936,0,Low
2026-08-10 08:40:13,29,123,115,0.801,3.935,0,Low
2026-08-10 08:50:21,31,127,119,0.801,3.935,0,Low
2026-08-10 09:00:29,30,124,116,0.801,3.935,0,Low
2026-08-10 09:10:19,31,126,118,0.801,3.936,0,Low
2026-08-10 09:20:17,31,124,116,0.801,3.936,0,Low
2026-08-10 09:30:18,29,122,114,0.801,3.921,0,Low
2026-08-10 09:40:14,28,121,113,0.801,3.942,0,Low
2026-08-10 09:50:17,30,125,117,0.801,3.935,1,Low
2026-08-10 10:00:25,28,119,111,0.801,3.928,0,Low
2026-08-10 10:02:23,27,123,115,0.801,3.935,0,Low
2026-08-10 10:10:15,29,123,115,0.801,3.936,0,Medium
2026-08-10 10:20:14,29,122,114,0.801,3.935,0,Medium
2026-08-10 10:30:16,27,116,108,0.801,3.921,0,Medium
2026-08-10 10:40:19,30,117,109,0.801,3.936,0,Medium
2026-08-10 10:50:14,30,115,107,0.801,3.935,0,Low
2026-08-10 11:00:17,30,125,117,0.801,3.942,0,Medium
2026-08-10 11:10:18,29,124,116,0.801,3.948,0,Medium
2026-08-10 11:20:15,29,117,109,0.801,3.936,0,Medium
2026-08-10 11:30:14,26,110,102,0.801,3.936,0,Medium
2026-08-10 11:40:14,26,111,103,0.801,3.942,0,Medium
2026-08-10 11:50:15,29,118,110,0.801,3.936,0,Medium
2026-08-10 12:00:31,27,115,107,0.801,3.936,0,Medium
2026-08-10 12:10:22,26,108,100,0.801,3.936,0,Medium
2026-08-10 12:20:14,24,108,100,0.801,3.948,0,Low
2026-08-10 12:30:22,23,110,102,0.801,3.948,0,Low
2026-08-10 12:35:51,26,109,101,0.801,3.942,0,Low
2026-08-10 12:40:12,23,105,97,0.801,3.948,0,Medium
2026-08-10 12:50:17,23,105,97,0.801,3.936,0,Low
2026-08-10 13:00:23,24,107,95,0.801,3.948,0,Low
2026-08-10 13:10:13,25,115,107,0.801,3.948,0,Low
2026-08-10 13:20:20,24,113,97,0.801,3.948,0,Low
2026-08-10 13:30:26,26,121,105,0.801,3.948,0,Low
2026-08-10 13:40:25,23,110,102,0.801,3.948,0,Low
2026-08-10 13:50:14,23,104,96,0.801,3.948,0,Low
2026-08-10 14:00:43,23,99,91,0.801,3.948,0,Low
2026-08-10 14:10:15,23,102,94,0.801,4.011,0,Low
2026-08-10 14:20:22,22,98,90,0.801,3.98,0,Medium
2026-08-10 14:30:18,23,103,95,0.801,3.948,0,Low
2026-08-10 14:40:32,22,91,83,0.801,3.975,0,Low
2026-08-10 14:50:13,22,92,84,0.801,3.975,0,Low
2026-08-10 15:00:31,20,89,81,0.801,3.975,0,Low
2026-08-10 15:10:24,23,88,80,0.801,4.001,0,Low
2026-08-10 15:20:17,20,80,72,1.669,4.006,0,Low
2026-08-10 15:30:16,20,80,72,1.669,4.006,0,Low
2026-08-10 15:40:31,21,86,78,1.669,4.011,0,Low
2026-08-10 15:44:24,20,82,74,1.669,4.006,0,Low
2026-08-10 15:50:17,20,82,74,1.669,4.006,0,Low
2026-08-10 16:00:21,20,86,78,1.669,3.975,0,Low
2026-08-10 16:10:19,22,101,93,1.669,4.012,0,Low
2026-08-10 16:20:27,22,100,92,1.669,4.006,0,Low
2026-08-10 16:30:21,22,100,92,1.669,4.006,0,Low
2026-08-10 16:40:20,20,88,80,1.669,4.006,0,Low
2026-08-10 16:50:13,18,84,76,3.12,4.012,0,Low
2026-08-10 17:00:49,19,83,75,1.669,4.011,0,Low
2026-08-10 17:10:16,16,81,73,1.669,4.012,0,Low
2026-08-10 17:20:12,18,90,82,1.669,4.012,0,Low
2026-08-10 17:30:27,17,86,78,1.669,4.014,0,Low
2026-08-10 17:40:14,20,93,85,1.669,4.012,0,Low
2026-08-10 17:50:26,20,90,82,1.669,4.012,0,Low
2026-08-10 18:00:18,22,90,82,1.669,4.006,0,Low
2026-08-10 18:10:33,22,95,87,1.669,4.036,1,Low
2026-08-10 18:20:17,21,85,77,1.669,4.011,1,Low
2026-08-10 18:30:18,20,84,76,1.669,4.007,1,Low
2026-08-10 18:36:25,22,89,81,1.669,4.007,1,Low
2026-08-10 18:40:13,23,95,87,1.669,4.001,1,Low
2026-08-10 18:50:21,22,98,90,1.669,3.975,0,Low
2026-08-10 19:00:23,22,90,82,1.669,4.014,0,Low
2026-08-10 19:10:13,22,88,80,1.669,4.014,0,Medium
2026-08-10 19:20:15,23,90,82,1.669,4.014,0,Medium
2026-08-10 19:30:18,22,89,81,1.669,4.007,0,Medium
2026-08-10 19:40:13,22,84,76,1.669,4.007,1,Medium
2026-08-10 19:50:15,24,90,82,1.669,4.014,0,Medium
2026-08-10 20:00:23,23,92,84,1.669,4.001,0,Medium
2026-08-10 20:10:23,24,89,81,1.669,4.007,0,Medium
2026-08-10 20:20:23,26,91,83,1.669,3.975,0,Medium
2026-08-10 20:30:27,26,95,87,1.336,4.007,0,Medium
2026-08-10 20:40:30,25,87,79,1.336,3.948,0,Low
2026-08-10 20:50:14,25,85,77,1.336,3.936,0,Low
2026-08-10 21:00:20,24,83,75,1.336,3.948,0,Low
2026-08-10 21:10:14,24,85,77,1.336,3.942,0,Medium
2026-08-10 21:10:58,24,85,77,1.336,3.942,0,Medium
2026-08-10 21:20:16,24,82,74,1.336,3.942,0,Medium
2026-08-10 21:30:20,25,83,75,1.336,3.936,0,Low
2026-08-10 21:40:14,24,82,74,1.336,3.975,0,Medium
2026-08-10 21:50:12,25,86,78,1.136,3.948,0,Medium
2026-08-10 22:00:19,24,82,74,1.136,3.942,1,Medium
2026-08-10 22:10:14,23,83,75,1.136,3.948,1,Medium
2026-08-10 22:20:15,23,82,74,1.136,3.948,1,Medium
2026-08-10 22:30:18,22,83,75,2.536,3.948,1,Medium
2026-08-10 22:40:17,22,76,68,1.136,3.942,1,Medium
2026-08-10 22:50:20,19,74,66,1.136,3.948,1,Medium
2026-08-10 23:00:19,19,80,72,1.136,3.948,1,Medium
2026-08-10 23:09:43,18,70,62,1.136,3.975,1,Medium
2026-08-10 23:20:16,18,69,61,1.136,3.948,1,High
2026-08-10 23:30:15,18,69,61,1.136,3.975,1,Medium
2026-08-10 23:40:13,17,68,60,2.536,4.002,1,Medium
2026-08-10 23:50:14,25,80,72,1.136,4.001,1,Medium
2026-08-11 00:00:19,23,76,68,1.136,3.956,1,Medium
2026-08-11 00:10:17,24,76,68,1.136,3.952,1,Medium
2026-08-11 00:20:16,23,78,70,1.136,3.976,1,Medium
2026-08-11 00:30:16,22,69,61,1.136,3.988,1,Medium
2026-08-11 00:40:14,24,84,76,1.136,3.948,0,Low
2026-08-11 00:50:17,24,87,79,1.136,3.948,0,Medium
2026-08-11 01:00:19,24,90,82,1.136,3.948,1,Low
2026-08-11 01:10:15,24,87,79,1.136,3.948,0,Medium
2026-08-11 01:20:14,24,95,87,1.136,3.948,0,Medium
2026-08-11 01:30:26,25,98,90,1.136,3.948,0,Medium
2026-08-11 01:40:14,24,92,84,1.136,3.942,1,High
2026-08-11 01:50:13,23,88,80,1.136,3.948,1,High
2026-08-11 02:00:19,25,91,83,1.136,3.948,1,High
2026-08-11 02:09:17,23,87,79,1.136,3.948,1,High
2026-08-11 02:10:13,23,87,79,1.136,3.948,1,High
2026-08-11 02:20:21,22,83,75,1.136,3.889,1,High
2026-08-11 02:30:16,25,92,84,1.136,3.948,0,High
2026-08-11 02:40:13,25,93,85,1.136,3.948,0,High
2026-08-11 02:50:23,24,88,80,1.136,3.942,0,High
2026-08-11 03:00:25,27,95,87,1.136,3.976,0,High
2026-08-11 03:10:20,27,99,91,3.011,3.976,0,High
2026-08-11 03:20:17,26,92,84,3.011,3.962,0,High
2026-08-11 03:30:15,27,99,91,1.136,3.948,0,High
2026-08-11 03:40:16,26,94,86,1.136,3.935,0,High
2026-08-11 03:50:12,25,98,90,1.136,3.935,0,High
2026-08-11 04:00:19,26,99,91,3.011,3.969,1,High
2026-08-11 04:05:58,27,103,94,3.011,3.976,0,High
2026-08-11 04:10:14,26,101,93,3.011,3.988,0,High
2026-08-11 04:20:13,27,97,89,1.136,3.948,0,High
2026-08-11 04:30:17,27,98,90,3.011,3.976,0,High
2026-08-11 04:40:21,,,,,,0,High
2026-08-11 04:50:15,26,89,81,1.136,3.962,0,High
2026-08-11 05:00:22,24,78,70,1.136,3.935,0,High
2026-08-11 05:10:16,24,82,74,1.136,3.935,0,High
2026-08-11 05:20:15,23,80,72,1.136,3.936,0,High
2026-08-11 05:30:14,23,81,73,3.011,3.948,0,High
2026-08-11 05:40:23,22,82,74,2.962,3.942,0,High
2026-08-11 05:50:16,23,84,76,1.136,3.948,0,High
2026-08-11 06:00:28,23,84,76,1.136,3.948,0,High
2026-08-11 06:10:17,20,71,63,1.136,3.941,0,High
2026-08-11 06:20:13,20,74,66,1.136,3.975,0,High
2026-08-11 06:30:17,21,73,65,3.134,4.001,0,High
2026-08-11 06:40:16,21,70,62,1.136,3.948,0,High
2026-08-11 06:50:14,20,71,63,1.136,3.948,0,Medium
2026-08-11 07:00:21,21,70,58,1.136,3.948,0,Medium
2026-08-11 07:10:14,20,67,58,1.136,3.948,0,Medium
2026-08-11 07:20:13,19,69,61,1.136,4.014,0,Medium
2026-08-11 07:30:19,19,67,59,1.136,3.976,0,Medium
2026-08-11 07:40:14,21,69,61,1.136,4.014,0,Medium
2026-08-11 07:50:13,19,68,60,1.136,4.014,0,Medium
2026-08-11 08:00:17,20,76,68,1.136,4.047,0,Medium
2026-08-11 08:10:13,20,75,67,1.136,4.014,0,Medium
2026-08-11 08:13:21,17,65,57,1.136,4.001,0,Medium
2026-08-11 08:20:13,14,61,53,1.136,3.975,0,Medium
2026-08-11 08:30:17,16,65,57,1.136,3.975,0,Medium
2026-08-11 08:40:19,15,55,47,1.136,3.948,0,Low
2026-08-11 08:50:15,17,70,62,1.136,3.948,0,Low
2026-08-11 09:00:28,19,82,74,1.136,3.936,0,Medium
2026-08-11 09:10:17,19,77,69,1.136,3.948,0,Medium
2026-08-11 09:20:13,20,75,63,1.136,3.942,0,Low
2026-08-11 09:30:20,19,70,62,1.136,3.948,0,Low
2026-08-11 09:40:19,21,88,80,1.136,3.948,0,Low
2026-08-11 09:50:21,21,89,81,1.136,3.948,0,Low
2026-08-11 10:00:18,18,65,57,1.136,3.942,0,Low
2026-08-11 10:10:17,18,72,64,1.136,3.948,0,Medium
2026-08-11 10:20:16,19,68,60,1.136,3.948,0,Medium
2026-08-11 10:30:29,20,72,64,1.136,3.948,0,Low
2026-08-11 10:40:15,21,83,71,1.136,3.948,0,Medium
2026-08-11 10:50:13,21,80,68,1.136,3.948,0,Medium
2026-08-11 11:00:22,21,80,68,1.136,3.948,0,Medium
2026-08-11 11:09:09,23,89,81,1.136,3.948,0,Medium
2026-08-11 11:10:15,22,88,80,1.136,3.948,0,Medium
2026-08-11 11:20:14,22,84,76,1.136,3.975,0,Medium
2026-08-11 11:30:18,21,74,66,1.136,4.001,0,Medium
2026-08-11 11:40:18,19,70,66,1.136,3.948,0,Medium
2026-08-11 11:50:13,21,78,70,1.136,4.001,0,Medium
2026-08-11 12:00:21,19,73,65,1.136,4.079,0,Medium
2026-08-11 12:10:16,18,62,58,1.136,4.041,0,Medium
2026-08-11 12:20:26,20,74,70,1.136,3.975,0,Low
2026-08-11 12:30:17,20,75,67,1.136,4.04,0,Low
2026-08-11 12:40:17,23,82,74,1.136,4.001,0,Low
2026-08-11 12:50:13,22,80,72,1.136,3.975,0,Low
2026-08-11 13:00:24,21,77,69,1.136,4.014,0,Low
2026-08-11 13:10:16,21,73,65,1.136,3.948,0,Low
2026-08-11 13:20:16,21,82,74,1.136,4.014,0,Low
2026-08-11 13:30:17,21,75,71,1.136,4.014,0,Low
2026-08-11 13:40:21,22,83,79,1.136,3.981,1,Low
2026-08-11 13:50:24,22,81,73,1.136,3.948,1,Low
2026-08-11 14:00:20,21,75,67,1.136,3.948,1,Medium
2026-08-11 14:10:23,23,80,72,1.136,3.948,0,Medium
2026-08-11 14:20:16,21,71,63,1.136,3.948,0,Medium
2026-08-11 14:30:15,23,83,75,1.136,3.948,0,Medium
2026-08-11 14:40:15,22,82,74,1.136,3.942,1,Medium
2026-08-11 14:44:38,21,81,73,1.136,3.948,0,Low
2026-08-11 14:50:23,20,71,63,1.136,3.922,0,Low
2026-08-11 15:00:28,21,75,67,1.136,3.948,0,Medium
2026-08-11 15:10:17,20,71,63,1.136,3.942,0,Medium
2026-08-11 15:20:18,20,72,64,1.136,3.948,0,Medium
2026-08-11 15:30:22,20,76,68,1.136,3.942,0,Medium
2026-08-11 15:40:24,19,74,66,1.136,3.948,1,Medium
2026-08-11 15:50:25,20,69,60,1.136,3.948,0,Low
2026-08-11 16:00:19,20,68,59,1.136,3.948,0,Low
2026-08-11 16:10:21,19,63,55,1.136,3.948,0,Medium
2026-08-11 16:20:22,19,63,55,1.136,3.948,0,Medium
2026-08-11 16:30:22,19,56,47,1.136,3.948,0,Medium
2026-08-11 16:40:13,20,65,57,1.136,3.942,0,Medium
2026-08-11 16:50:15,19,63,55,1.136,3.948,0,Medium
2026-08-11 17:00:44,20,66,58,1.136,3.941,0,Low
2026-08-11 17:10:23,20,66,58,1.136,3.935,0,Medium
2026-08-11 17:20:20,20,73,57,1.136,3.91,0,Medium
2026-08-11 17:30:25,21,74,66,1.136,3.948,0,Medium
2026-08-11 17:40:15,22,78,70,1.136,3.908,0,Low
2026-08-11 17:50:16,20,71,63,1.136,3.898,0,Medium
2026-08-11 18:00:19,17,65,57,1.136,3.948,0,Medium
2026-08-11 18:05:02,16,64,56,1.136,3.913,0,Medium
2026-08-11 18:10:16,15,57,49,1.136,3.948,0,Medium
2026-08-11 18:20:13,15,52,44,1.136,3.948,0,Medium
2026-08-11 18:30:24,15,52,52,1.136,3.948,0,Medium
2026-08-11 18:40:19,13,44,36,1.136,4.08,0,Low
2026-08-11 18:50:14,17,67,59,1.136,4.014,0,Medium
2026-08-11 19:00:19,17,73,65,1.136,3.948,0,Medium
2026-08-11 19:10:16,17,73,65,2.469,3.948,0,Low
2026-08-11 19:20:14,16,61,53,2.469,3.942,0,Low
2026-08-11 19:30:17,16,59,51,2.469,3.942,0,Low
2026-08-11 19:40:23,17,66,58,2.469,3.948,0,Low
2026-08-11 19:50:13,15,56,48,2.469,3.948,0,Low
2026-08-11 20:00:21,15,52,44,2.002,4.079,0,Low
2026-08-11 20:10:16,17,62,54,2.002,4.014,0,Low
2026-08-11 20:20:23,19,57,49,2.002,4.079,0,Medium
2026-08-11 20:25:10,21,68,59,1.002,4.044,0,Medium
2026-08-11 20:30:17,21,66,58,1.002,4.014,0,Medium
2026-08-11 20:40:23,19,65,57,1.002,3.936,0,Medium
2026-08-11 20:50:15,20,70,62,1.002,3.942,0,Medium
2026-08-11 21:00:20,19,71,63,1.002,4.014,0,Medium
2026-08-11 21:10:14,18,65,57,1.002,3.974,0,Low
2026-08-11 21:20:12,17,77,53,1.002,4.079,1,Low
2026-08-11 21:30:17,19,73,49,1.002,4.145,0,Medium
2026-08-11 21:40:18,20,83,75,1.002,4.08,0,Medium
2026-08-11 21:50:19,21,78,70,1.002,4.079,0,Medium
2026-08-11 22:00:27,20,75,67,1.002,4.027,0,Medium
2026-08-11 22:10:12,20,81,73,1.002,3.952,0,Medium
2026-08-11 22:20:17,21,92,84,1.002,4.079,0,Medium
2026-08-11 22:26:58,21,88,80,1.002,3.921,0,Medium
2026-08-11 22:30:17,22,95,87,1.002,4.079,0,Medium
2026-08-11 22:40:14,24,97,89,1.002,4.007,0,Medium
2026-08-11 22:50:15,25,96,88,1.002,3.936,0,Medium
2026-08-11 23:00:22,25,98,90,1.002,3.936,0,Medium
2026-08-11 23:10:15,22,89,81,1.002,3.928,0,Low
2026-08-11 23:20:15,20,87,79,1.002,4.079,0,Medium
2026-08-11 23:30:20,21,84,76,1.002,3.936,0,Medium
2026-08-11 23:40:14,23,87,79,1.002,3.948,0,Medium
2026-08-11 23:50:13,21,81,73,1.002,4.079,0,Medium
2026-08-12 00:00:22,18,74,66,1.002,4.079,0,Medium
2026-08-12 00:10:14,18,72,64,1.002,4.079,0,Medium
2026-08-12 00:20:12,19,71,63,1.002,3.948,0,Medium
2026-08-12 00:30:17,18,72,64,1.002,3.911,0,Medium
2026-08-12 00:40:15,19,71,63,1.002,3.922,0,Medium
2026-08-12 00:50:13,20,73,65,1.002,3.869,0,Medium
2026-08-12 01:00:21,22,83,75,1.669,3.929,0,Medium
2026-08-12 01:10:16,24,89,81,1.669,3.929,0,Medium
2026-08-12 01:20:15,19,79,71,1.669,3.922,0,Medium
2026-08-12 01:30:15,21,78,70,1.669,3.922,0,Medium
2026-08-12 01:40:25,22,80,72,1.669,3.869,0,Medium
2026-08-12 01:50:15,18,77,69,1.669,4.08,0,Medium
2026-08-12 02:00:19,17,69,61,1.669,4.014,0,Medium
2026-08-12 02:10:16,20,80,71,1.669,4.047,0,Medium
2026-08-12 02:20:13,20,81,73,1.669,4.047,0,Medium
2026-08-12 02:30:18,18,76,67,1.669,4.046,0,Medium
2026-08-12 02:40:14,21,90,82,1.669,4.014,0,Medium
2026-08-12 02:50:14,19,78,70,1.669,4.014,0,Medium
2026-08-12 03:00:26,20,85,77,1.669,4.079,0,Medium
2026-08-12 03:10:18,18,75,67,1.669,4.046,0,Medium
2026-08-12 03:20:18,21,90,82,1.669,4.079,0,Medium
2026-08-12 03:30:15,22,90,82,1.669,4.08,0,Medium
2026-08-12 03:40:14,21,91,83,1.669,4.079,0,Medium
2026-08-12 03:50:16,19,84,76,1.669,4.079,0,Medium
2026-08-12 04:00:20,20,86,78,1.669,4.08,0,Medium
2026-08-12 04:10:13,20,78,70,1.669,4.062,0,Medium
2026-08-12 04:20:16,20,77,69,1.669,3.975,0,Medium
2026-08-12 04:30:15,19,78,70,1.669,3.936,0,Medium
2026-08-12 04:40:12,20,79,71,1.669,3.929,0,Low
2026-08-12 04:50:15,20,79,71,1.669,3.889,0,Low
2026-08-12 05:00:20,22,89,81,1.669,3.929,1,Medium
2026-08-12 05:10:15,23,95,87,1.669,3.936,1,Low
2026-08-12 05:12:23,23,94,86,1.669,3.936,1,Low
2026-08-12 05:20:14,24,96,88,1.669,3.928,0,Low
2026-08-12 05:30:18,23,94,86,1.669,3.935,0,Medium
2026-08-12 05:40:14,19,79,71,1.669,3.922,0,Medium
2026-08-12 05:50:19,20,83,75,1.669,3.935,0,Medium
2026-08-12 06:00:17,19,80,72,1.669,3.936,0,Medium
2026-08-12 06:10:20,20,79,71,1.669,3.948,1,Medium
2026-08-12 06:20:21,21,80,72,1.669,3.948,1,Medium
2026-08-12 06:30:18,23,92,84,1.669,3.948,0,Medium
2026-08-12 06:40:14,20,86,78,1.669,3.948,1,Medium
2026-08-12 06:50:17,22,91,83,1.669,3.948,1,Low
2026-08-12 07:00:21,21,78,70,1.669,3.948,0,Low
2026-08-12 07:10:15,21,78,70,1.669,3.948,0,Low
2026-08-12 07:20:20,23,85,77,1.669,3.948,0,Low
2026-08-12 07:30:26,22,81,73,1.669,3.948,1,Low
2026-08-12 07:40:21,20,76,68,1.669,3.942,1,Low
2026-08-12 07:50:14,19,60,52,1.669,3.936,1,Low
2026-08-12 08:00:20,18,54,46,1.669,3.869,0,Low
2026-08-12 08:10:15,17,54,46,1.669,3.922,0,Low
2026-08-12 08:20:17,17,54,46,1.669,3.856,0,Low
2026-08-12 08:30:28,17,56,48,1.669,3.816,0,Low
2026-08-12 08:40:15,16,54,46,1.669,3.851,0,Low
2026-08-12 08:50:13,17,55,47,1.669,3.816,0,Low
2026-08-12 09:00:22,17,53,45,1.669,3.816,0,Low
2026-08-12 09:10:13,16,50,42,1.669,3.713,0,Low
2026-08-12 09:20:13,13,45,37,1.669,3.816,1,Low
2026-08-12 09:30:16,16,50,42,1.669,3.816,1,Low
2026-08-12 09:40:24,15,48,40,1.669,3.816,1,Low
2026-08-12 09:41:35,15,48,40,1.669,3.816,0,Low
2026-08-12 09:50:14,15,47,39,1.669,3.816,0,Low
2026-08-12 10:00:19,16,47,39,1.669,3.816,0,Low
2026-08-12 10:10:13,14,44,36,1.669,3.816,1,Medium
2026-08-12 10:20:14,16,43,34,1.669,3.816,0,Low
2026-08-12 10:30:19,18,50,42,1.669,3.876,0,Low
2026-08-12 10:40:16,17,46,38,1.669,3.816,0,Low
2026-08-12 10:50:20,18,58,50,1.669,3.876,0,Low
2026-08-12 11:00:20,18,58,50,1.669,3.876,0,Low
2026-08-12 11:10:24,17,54,46,1.669,3.817,0,Low
2026-08-12 11:20:17,17,53,45,1.669,3.935,0,Medium
2026-08-12 11:30:20,16,53,45,1.669,3.935,0,Low
2026-08-12 11:40:14,15,51,43,1.669,3.935,1,Low
2026-08-12 11:50:12,15,45,45,1.669,3.817,1,Low
2026-08-12 12:00:31,15,45,45,1.669,3.817,0,Low
2026-08-12 12:05:41,15,45,45,1.669,3.817,1,Low
2026-08-12 12:10:14,16,46,46,1.669,3.876,1,Low
2026-08-12 12:20:16,16,48,48,1.669,3.876,1,Medium
2026-08-12 12:30:19,16,49,49,1.669,3.876,0,Medium
2026-08-12 12:40:12,16,49,49,1.669,3.876,1,Medium
2026-08-12 12:50:25,16,55,47,1.669,3.871,1,Medium
2026-08-12 13:00:24,17,55,47,1.669,3.817,0,Medium
2026-08-12 13:10:14,17,57,49,1.669,3.817,0,Medium
2026-08-12 13:20:17,18,59,51,1.669,3.876,0,Medium
2026-08-12 13:30:28,18,58,50,1.669,3.816,0,Medium
2026-08-12 13:40:14,18,48,40,1.669,3.713,1,Medium
2026-08-12 13:50:27,16,45,37,1.669,3.816,1,Medium
2026-08-12 14:00:26,17,49,41,1.669,3.936,0,Medium
2026-08-12 14:10:14,13,41,33,1.669,3.611,0,Medium
2026-08-12 14:20:23,15,47,39,1.669,3.816,1,Low
2026-08-12 14:30:16,15,44,36,1.669,3.817,1,Low
2026-08-12 14:40:26,11,37,29,1.669,4.001,1,Low
2026-08-12 14:50:16,12,41,33,1.669,3.962,1,Medium
2026-08-12 15:00:21,13,42,34,1.669,3.922,0,Medium
2026-08-12 15:10:22,15,45,37,1.669,3.922,1,Low
2026-08-12 15:20:13,16,46,38,1.669,3.869,1,Low
2026-08-12 15:30:18,15,42,34,1.669,3.817,0,Medium
2026-08-12 15:31:17,15,42,34,1.669,3.817,0,Medium
2026-08-12 15:40:22,15,42,34,1.669,3.817,0,Medium
2026-08-12 15:50:16,15,42,34,1.669,3.936,0,Medium
2026-08-12 16:00:20,15,44,36,1.669,3.936,0,Medium
2026-08-12 16:10:16,16,45,37,1.669,3.942,0,Medium
2026-08-12 16:20:21,16,45,37,1.669,3.942,0,Medium
2026-08-12 16:30:25,16,46,38,1.669,3.962,0,Medium
2026-08-12 16:40:13,17,47,39,1.669,3.936,0,Medium
2026-08-12 16:50:13,17,47,39,1.669,3.936,0,Medium
2026-08-12 17:00:19,17,47,39,1.669,3.936,0,Medium
2026-08-12 17:10:17,16,45,37,1.669,3.929,0,Medium
2026-08-12 17:20:15,16,45,37,1.669,3.929,0,Low
2026-08-12 17:30:18,16,45,37,1.669,3.929,0,Low
2026-08-12 17:40:17,16,50,42,1.669,3.816,0,Low
2026-08-12 17:50:14,17,50,42,1.669,3.806,0,Low
2026-08-12 18:00:21,16,42,34,1.669,3.737,0,Low
2026-08-12 18:10:14,15,41,33,1.669,3.749,0,Medium
2026-08-12 18:20:25,15,42,34,1.669,3.779,0,Low
2026-08-12 18:30:20,15,45,37,1.669,3.749,0,Low
2026-08-12 18:39:53,14,41,33,1.669,3.717,0,Low
2026-08-12 18:50:16,14,44,36,1.669,3.869,0,Low
2026-08-12 19:00:18,15,43,35,1.669,3.816,0,Low
2026-08-12 19:10:28,17,52,44,1.669,3.936,0,Low
2026-08-12 19:20:18,15,43,35,1.669,3.922,0,Low
2026-08-12 19:30:16,16,46,38,1.669,3.929,0,Low
2026-08-12 19:40:14,16,44,36,1.669,3.929,0,Low
2026-08-12 19:50:16,17,45,37,1.669,3.922,0,Low
2026-08-12 20:00:20,17,44,36,1.669,3.922,0,Low
2026-08-12 20:10:13,17,44,36,1.669,3.922,0,Low
2026-08-12 20:20:15,17,53,45,1.669,3.922,0,Low
2026-08-12 20:30:21,17,47,37,1.669,3.922,0,Low
2026-08-12 20:40:16,17,49,41,1.669,3.922,0,Low
2026-08-12 20:50:21,16,45,37,1.669,3.869,0,Low
2026-08-12 21:00:23,16,45,37,1.669,3.869,0,Low
2026-08-12 21:10:13,14,40,32,1.669,3.929,1,Low
2026-08-12 21:20:17,14,40,32,1.669,3.929,1,Low
2026-08-12 21:25:31,14,39,31,1.669,3.929,1,Low
2026-08-12 21:30:17,16,51,43,1.669,3.924,0,Low
2026-08-12 21:40:16,17,52,43,1.669,3.922,0,Low
2026-08-12 21:50:29,16,49,41,1.669,3.869,0,Medium
2026-08-12 22:00:18,16,49,41,1.669,3.869,0,Medium
2026-08-12 22:10:34,17,47,39,1.669,3.935,0,Low
2026-08-12 22:20:16,17,56,48,1.669,3.922,0,Low
2026-08-12 22:30:15,17,56,48,1.669,3.935,0,Low
2026-08-12 22:40:14,16,54,46,1.669,3.836,0,Low
2026-08-12 22:50:12,18,55,47,1.669,3.816,0,Low
2026-08-12 23:00:19,21,61,53,1.669,3.816,0,Medium
2026-08-12 23:10:15,20,60,52,1.669,3.876,0,Low
2026-08-12 23:20:21,19,59,51,1.669,3.936,0,Low
2026-08-12 23:24:07,19,58,50,1.669,3.816,0,Low
2026-08-12 23:30:15,18,54,46,1.669,3.929,0,Medium
2026-08-12 23:40:15,17,47,39,1.669,3.922,1,Low
2026-08-12 23:50:14,19,49,41,1.669,3.816,1,Medium
2026-08-13 00:00:23,16,45,37,1.669,3.711,1,Low
2026-08-13 00:10:16,18,48,39,1.669,3.85,0,Low
2026-08-13 00:20:13,18,46,38,1.669,3.792,1,Low
2026-08-13 00:30:17,19,48,40,1.669,3.816,1,Medium
2026-08-13 00:40:15,20,52,44,1.669,3.724,1,Low
2026-08-13 00:50:12,19,52,44,1.669,3.606,1,Medium
2026-08-13 01:00:22,20,53,45,1.669,3.629,1,Low
2026-08-13 01:10:14,20,53,45,1.669,3.604,1,Medium
2026-08-13 01:20:14,19,48,40,1.669,3.602,1,Low
2026-08-13 01:30:16,18,43,34,1.669,3.604,1,Low
2026-08-13 01:40:12,20,53,45,1.669,3.628,1,Low
2026-08-13 01:50:14,18,43,35,1.669,3.604,1,Medium
2026-08-13 02:00:19,19,51,43,1.669,3.602,1,Medium
2026-08-13 02:10:14,20,54,46,1.669,3.604,1,Medium
2026-08-13 02:20:16,19,47,39,1.669,3.646,1,Medium
2026-08-13 02:30:18,20,49,41,1.669,3.818,0,Medium
2026-08-13 02:40:21,19,49,41,1.669,3.806,0,Medium
2026-08-13 02:50:22,22,60,52,1.669,3.783,1,Medium
2026-08-13 03:00:22,23,55,47,1.669,3.749,1,Medium
2026-08-13 03:10:19,21,50,42,1.669,3.749,1,Medium
2026-08-13 03:20:16,22,52,44,1.669,3.698,1,Medium
2026-08-13 03:30:23,22,51,43,1.669,3.698,1,Medium
2026-08-13 03:40:14,19,47,39,1.669,3.646,0,Medium
2026-08-13 03:50:18,19,48,40,2.869,3.646,0,Medium
2026-08-13 04:00:18,19,46,38,2.869,3.611,0,Medium
2026-08-13 04:10:18,20,48,39,2.869,3.698,0,Medium
2026-08-13 04:20:16,19,46,38,2.869,3.646,0,Medium
2026-08-13 04:30:19,20,45,37,2.869,3.629,0,Medium
2026-08-13 04:40:18,21,47,39,2.869,3.647,0,Medium
2026-08-13 04:50:15,19,44,36,2.869,3.647,0,Medium
2026-08-13 05:00:24,21,48,40,2.869,3.647,0,Medium
2026-08-13 05:10:16,19,45,37,2.869,3.647,0,Medium
2026-08-13 05:20:22,20,49,41,2.869,3.629,0,Medium
2026-08-13 05:23:14,20,48,40,2.869,3.629,0,Medium
2026-08-13 05:30:21,21,50,41,2.869,3.647,0,Medium
2026-08-13 05:40:14,22,55,47,2.869,3.666,0,Medium
2026-08-13 05:50:16,22,59,51,2.869,3.666,0,Medium
2026-08-13 06:00:26,22,54,46,2.869,3.666,0,Medium
2026-08-13 06:10:20,23,59,51,2.869,3.685,0,Medium
2026-08-13 06:20:16,21,50,50,2.869,3.647,0,Medium
2026-08-13 06:30:15,20,46,46,2.869,3.629,0,Medium
2026-08-13 06:40:17,21,57,49,2.869,3.685,0,Medium
2026-08-13 06:50:22,19,52,44,2.869,3.685,0,Low
2026-08-13 07:00:20,17,49,41,2.869,3.685,0,Low
2026-08-13 07:10:21,19,47,39,2.869,3.685,0,Low
2026-08-13 07:20:16,19,47,39,2.869,3.685,0,Medium
2026-08-13 07:30:23,20,49,40,2.869,3.81,0,Medium
2026-08-13 07:40:16,20,49,41,2.869,3.81,0,Medium
2026-08-13 07:50:23,20,48,40,2.869,3.81,0,Low
2026-08-13 08:00:18,21,57,49,2.869,3.936,0,Low
2026-08-13 08:10:13,18,53,45,2.869,3.81,0,Low
2026-08-13 08:20:12,18,52,44,2.869,3.81,0,Low
2026-08-13 08:30:16,17,48,40,2.869,3.685,0,Low
2026-08-13 08:40:22,17,48,40,2.869,3.685,0,Low
2026-08-13 08:50:12,17,49,41,2.869,3.685,0,Low
2026-08-13 09:00:19,17,47,39,2.869,3.685,0,Low
2026-08-13 09:10:16,17,38,30,2.869,3.685,0,Low
2026-08-13 09:20:16,18,42,34,2.869,3.814,0,Low
2026-08-13 09:30:20,20,45,37,2.869,3.813,0,Low
2026-08-13 09:40:15,17,41,33,2.869,3.692,0,Low
2026-08-13 09:42:49,17,42,34,2.869,3.935,0,Low
2026-08-13 09:50:13,14,38,30,2.869,3.667,0,Low
2026-08-13 10:00:27,16,48,40,2.869,3.81,0,Low
2026-08-13 10:10:13,15,42,34,2.869,3.685,0,Low
2026-08-13 10:20:17,18,46,38,2.869,3.81,1,Medium
2026-08-13 10:30:16,17,45,37,2.869,3.685,0,Low
2026-08-13 10:40:16,19,47,39,2.869,3.935,0,Low
2026-08-13 10:50:14,18,46,38,2.869,3.81,0,Low
2026-08-13 11:00:27,17,42,34,2.869,3.935,0,Low
2026-08-13 11:10:15,18,43,35,2.869,3.935,0,Low
2026-08-13 11:20:12,16,41,33,2.869,3.792,0,Low
2026-08-13 11:30:18,14,36,28,2.869,3.792,0,Low
2026-08-13 11:40:15,14,36,28,2.869,3.792,0,Low
2026-08-13 11:50:15,15,40,32,2.869,3.935,0,Low
2026-08-13 12:00:19,15,40,32,2.869,3.685,0,Low
2026-08-13 12:09:09,17,42,34,2.869,3.935,0,Low
2026-08-13 12:10:14,15,40,32,2.869,3.685,0,Low
2026-08-13 12:20:18,16,41,33,2.869,3.81,1,Low
2026-08-13 12:30:20,16,41,33,2.869,3.935,0,Low
2026-08-13 12:40:21,15,40,32,2.869,3.935,1,Low
2026-08-13 12:50:21,17,45,37,2.869,3.685,1,Medium
2026-08-13 13:00:20,19,45,36,2.869,3.75,0,Medium
2026-08-13 13:10:14,20,48,40,2.869,3.667,0,Medium
2026-08-13 13:20:18,20,55,39,2.869,3.667,0,Low
2026-08-13 13:30:18,19,49,33,2.869,3.649,0,Medium
2026-08-13 13:40:17,18,45,29,2.869,3.786,0,Medium
2026-08-13 13:50:19,14,31,31,2.869,3.63,0,Low
2026-08-13 14:00:23,15,37,29,2.869,3.611,1,Low
2026-08-13 14:10:19,17,48,40,2.869,3.936,0,Low
2026-08-13 14:20:15,10,27,19,2.869,3.709,0,Low
2026-08-13 14:30:15,11,28,20,2.869,3.816,0,Low
2026-08-13 14:50:14,12,33,25,2.869,3.652,0,Low
2026-08-13 15:00:20,12,33,25,2.869,3.652,1,Low
2026-08-13 15:10:21,11,31,23,2.869,3.685,0,Medium
2026-08-13 15:20:21,12,39,23,2.869,3.75,0,Medium
2026-08-13 15:30:19,12,39,23,2.869,3.75,0,Medium
2026-08-13 15:34:47,12,39,23,2.869,3.75,1,Medium
2026-08-13 15:40:22,12,39,23,2.869,3.75,1,Medium
2026-08-13 15:50:27,12,39,23,2.869,3.75,0,Medium
2026-08-13 16:00:39,14,42,26,2.869,3.751,0,Medium
2026-08-13 16:10:16,14,42,34,2.869,3.751,0,Medium
2026-08-13 16:20:13,14,39,31,2.869,3.869,1,Medium
2026-08-13 16:30:22,13,31,23,2.869,3.817,0,Medium
2026-08-13 16:40:16,13,31,15,2.869,3.817,1,Medium
2026-08-13 16:50:16,12,26,18,2.869,3.688,1,Medium
2026-08-13 17:00:20,14,35,19,2.869,3.751,1,Medium
2026-08-13 17:10:20,15,38,30,2.869,3.692,0,Medium
2026-08-13 17:20:15,16,41,33,2.869,3.796,0,Medium
2026-08-13 17:30:18,15,40,32,2.869,3.816,0,Medium
2026-08-13 17:40:14,16,45,33,2.869,3.876,0,Medium
2026-08-13 17:50:17,12,38,26,2.869,3.882,0,Medium
2026-08-13 18:00:21,12,44,24,2.869,4.08,0,Medium
2026-08-13 18:10:17,13,46,26,2.869,4.079,0,Medium
2026-08-13 18:20:15,15,48,28,2.869,4.079,0,Low
2026-08-13 18:30:16,15,48,28,2.869,4.079,0,Medium
2026-08-13 18:40:14,14,40,28,2.869,4.008,0,Low
2026-08-13 18:41:21,14,40,28,2.869,4.008,0,Low
2026-08-13 18:50:19,14,40,20,2.869,3.979,0,Low
2026-08-13 19:00:28,14,42,22,2.869,3.939,0,Low
2026-08-13 19:10:14,14,42,22,2.869,3.877,0,Low
2026-08-13 19:20:16,15,50,30,2.869,3.936,0,Low
2026-08-13 19:30:17,14,51,31,2.869,3.944,0,Low
2026-08-13 19:40:21,15,59,39,2.869,3.816,0,Low
2026-08-13 19:50:16,18,65,45,2.869,4.008,0,Low
2026-08-13 20:00:24,18,62,42,2.869,4.008,0,Medium
2026-08-13 20:10:20,15,54,34,2.869,4.081,1,Medium
2026-08-13 20:20:17,13,51,31,2.869,4.211,0,Medium
2026-08-13 20:30:20,14,55,35,2.869,4.08,1,Medium
2026-08-13 20:40:17,15,53,33,2.869,4.081,1,Medium
2026-08-13 20:50:17,16,59,39,2.869,3.981,0,Medium
2026-08-13 21:00:22,15,55,35,2.869,3.816,0,Low
2026-08-13 21:10:14,16,59,47,2.869,3.755,1,Low
2026-08-13 21:20:18,17,61,49,2.869,3.936,1,Medium
2026-08-13 21:28:06,16,56,44,2.869,3.958,1,Low
2026-08-13 21:30:19,17,57,44,2.869,3.98,1,Low
2026-08-13 21:40:16,16,57,45,2.869,3.957,1,Medium
2026-08-13 21:50:13,18,66,54,2.869,4.04,1,Medium
2026-08-13 22:00:20,22,72,60,2.869,3.957,1,Medium
2026-08-13 22:10:13,22,73,61,2.869,3.957,1,Medium
2026-08-13 22:20:15,22,74,62,3.139,3.957,1,Medium
2026-08-13 22:30:20,20,67,59,2.869,3.875,1,Medium
2026-08-13 22:40:16,23,75,63,2.869,3.98,0,Medium
2026-08-13 22:50:13,24,77,65,3.139,3.957,1,Medium
2026-08-13 23:00:18,23,69,57,2.869,3.935,0,Medium
2026-08-13 23:10:14,22,66,54,2.869,3.935,0,Medium
2026-08-13 23:20:16,22,69,57,2.869,3.935,1,Medium
2026-08-13 23:27:03,22,69,57,3.139,3.929,0,Medium
2026-08-13 23:30:17,22,71,59,3.139,3.909,0,Medium
2026-08-13 23:40:13,21,68,56,2.469,3.816,0,Medium
2026-08-13 23:50:15,23,76,64,3.144,3.935,0,Medium
2026-08-14 00:00:24,24,77,65,3.144,3.935,0,Medium
2026-08-14 00:10:13,24,78,66,3.144,3.935,0,Medium
2026-08-14 00:20:14,22,68,56,3.362,3.875,0,Medium
2026-08-14 00:30:16,22,69,57,2.469,3.897,1,Low
2026-08-14 00:40:13,22,66,54,3.162,3.876,1,Low
2026-08-14 00:50:14,22,67,55,3.082,3.863,0,Medium
2026-08-14 01:00:18,24,67,55,2.469,3.863,1,Medium
2026-08-14 01:10:18,22,68,56,2.469,3.922,0,Medium
2026-08-14 01:20:12,25,68,56,2.469,3.886,1,Medium
2026-08-14 01:30:16,23,66,54,2.469,3.816,1,Medium
2026-08-14 01:40:16,23,67,55,3.144,3.816,1,Medium
2026-08-14 01:50:15,23,66,54,2.469,3.685,1,Medium
2026-08-14 02:00:16,24,68,56,2.469,3.75,0,Medium
2026-08-14 02:10:13,22,59,47,2.469,3.863,1,Medium
2026-08-14 02:20:16,21,57,45,2.469,3.816,1,Medium
2026-08-14 02:30:18,20,57,45,2.469,3.876,1,Medium
2026-08-14 02:40:13,21,57,45,3.336,3.857,1,Medium
2026-08-14 02:50:13,21,57,45,2.469,3.816,1,Medium
2026-08-14 03:00:20,21,57,45,3.374,3.816,0,Medium
2026-08-14 03:10:16,19,56,44,3.374,3.857,0,Medium
2026-08-14 03:20:15,18,54,42,2.469,3.837,0,Medium
2026-08-14 03:30:16,17,53,41,2.469,3.816,1,Medium
2026-08-14 03:40:20,18,61,49,3.374,3.813,0,Medium
2026-08-14 03:50:14,18,64,52,3.374,3.875,1,Low
2026-08-14 04:00:24,15,57,45,2.469,3.816,1,Low
2026-08-14 04:10:22,16,58,45,3.374,3.876,1,Medium
2026-08-14 04:20:14,17,59,47,3.374,3.816,0,Medium
2026-08-14 04:30:17,17,59,47,2.469,3.935,0,Medium
2026-08-14 04:40:15,17,59,47,2.469,3.935,0,Medium
2026-08-14 04:50:13,16,57,45,2.469,3.935,0,Medium
2026-08-14 05:00:20,16,58,46,3.374,3.935,1,Medium
2026-08-14 05:10:15,17,58,46,3.336,3.935,0,Medium
2026-08-14 05:19:55,18,53,41,3.144,3.766,1,Low
2026-08-14 05:30:17,20,61,49,2.469,3.766,0,Low
2026-08-14 05:40:15,21,55,43,2.469,3.816,0,Low
2026-08-14 05:50:15,21,57,44,3.144,3.816,0,Low
2026-08-14 06:00:17,22,57,45,3.144,3.743,0,Medium
2026-08-14 06:10:14,19,58,46,2.469,3.816,0,Medium
2026-08-14 06:20:16,19,55,43,2.469,3.816,0,Medium
2026-08-14 06:30:15,21,65,53,3.144,3.784,0,Medium
2026-08-14 06:40:12,18,54,42,2.469,3.615,0,Medium
2026-08-14 06:50:15,20,63,51,3.144,3.618,0,Low
2026-08-14 07:10:13,20,59,47,3.336,3.721,0,Medium
2026-08-14 07:20:16,17,54,42,3.18,3.817,1,Low
2026-08-14 07:30:18,20,58,46,3.336,3.714,0,Low
2026-08-14 07:40:13,19,57,45,2.469,3.817,0,Low
2026-08-14 07:50:12,17,51,39,2.469,3.817,0,Low
2026-08-14 08:00:26,17,51,39,3.374,3.935,1,Low
2026-08-14 08:10:12,18,59,47,2.469,3.935,0,Low
2026-08-14 08:20:13,19,58,46,3.374,3.935,0,Low
2026-08-14 08:30:17,17,56,44,2.469,3.935,1,Medium
2026-08-14 08:40:13,18,55,43,2.469,3.876,0,Low
2026-08-14 08:50:13,16,51,39,2.469,3.875,0,Low
2026-08-14 09:00:24,18,58,46,2.469,3.714,0,Low
2026-08-14 09:10:15,18,60,48,2.469,3.875,0,Low
2026-08-14 09:20:15,17,52,40,2.469,3.816,1,Low
2026-08-14 09:30:20,18,51,39,2.469,3.876,1,Medium
2026-08-14 09:40:17,18,54,42,2.469,3.875,1,Medium
2026-08-14 09:50:13,17,52,40,2.469,3.816,0,Medium
2026-08-14 10:00:18,19,56,44,3.144,3.816,1,Medium
2026-08-14 10:10:13,19,53,41,2.469,3.843,1,Low
2026-08-14 10:20:14,20,58,46,3.144,3.876,0,Low
2026-08-14 10:30:15,18,51,39,3.374,3.876,1,Low
2026-08-14 10:40:16,18,51,39,3.144,3.876,0,Low
2026-08-14 10:50:18,17,52,40,3.374,3.935,0,Low
2026-08-14 11:00:26,17,52,40,3.374,3.784,0,Low
2026-08-14 11:10:13,17,57,45,3.322,3.816,1,Low
2026-08-14 11:20:14,16,55,43,3.242,3.711,1,Low
2026-08-14 11:30:20,17,55,43,3.037,3.816,1,Low
2026-08-14 11:40:16,16,53,41,3.374,3.876,1,Low
2026-08-14 11:50:12,16,58,46,3.286,3.875,1,Low
2026-08-14 12:00:21,16,55,43,3.073,3.875,0,Low
2026-08-14 12:10:12,16,56,42,3.374,3.876,0,Low
2026-08-14 12:20:15,18,55,43,3.374,3.876,1,Low
2026-08-14 12:30:15,17,54,42,3.374,3.935,1,Low
2026-08-14 12:40:18,17,47,35,3.374,3.935,1,Low
2026-08-14 12:50:15,17,51,39,2.867,3.935,1,Low
2026-08-14 13:00:20,18,50,38,2.867,3.935,1,Low
2026-08-14 13:10:14,14,43,31,2.867,3.968,1,Low
2026-08-14 13:20:16,15,45,33,2.867,3.936,1,Low
2026-08-14 13:30:17,15,50,38,2.867,3.935,1,Low
2026-08-14 13:40:14,14,44,32,2.867,3.935,0,Medium
2026-08-14 13:50:16,14,46,34,2.867,3.875,1,Medium
2026-08-14 14:00:22,15,44,32,2.867,3.935,1,Medium
2026-08-14 14:10:20,15,45,37,2.867,3.816,1,Low
2026-08-14 14:20:16,13,37,29,2.867,3.816,1,Medium
2026-08-14 14:30:19,14,41,33,2.867,3.876,1,Low
2026-08-14 14:40:15,15,46,38,2.867,3.935,1,Medium
2026-08-14 14:50:19,16,51,43,2.867,3.929,0,Low
2026-08-14 15:00:24,14,48,40,2.867,3.968,0,Medium
2026-08-14 15:09:39,14,49,41,2.867,4.04,1,Medium
2026-08-14 15:20:21,13,45,37,2.867,4.001,0,Low
2026-08-14 15:30:18,16,51,43,2.867,4.04,0,Low
2026-08-14 15:40:14,15,47,43,2.867,4.079,0,Low
2026-08-14 15:50:21,14,42,38,2.867,3.968,0,Low
2026-08-14 16:00:24,13,40,32,2.867,4.001,0,Medium
2026-08-14 16:10:17,12,40,32,2.867,4.0,1,Low
2026-08-14 16:20:18,11,32,24,2.867,3.677,1,Medium
2026-08-14 16:30:15,13,41,33,2.867,4.001,0,Medium
2026-08-14 16:40:13,13,41,33,2.867,4.001,0,Medium
2026-08-14 16:50:19,13,41,33,2.867,4.001,0,Medium
2026-08-14 17:00:28,15,45,34,2.867,4.079,0,Medium
2026-08-14 17:10:17,15,49,33,2.469,4.079,1,Medium
2026-08-14 17:20:15,17,54,46,2.469,4.001,1,Medium
2026-08-14 17:30:20,18,55,47,2.469,4.04,0,Medium
2026-08-14 17:40:15,17,54,46,2.469,4.001,1,Medium
2026-08-14 17:50:14,19,56,48,2.469,3.998,0,Medium
2026-08-14 18:00:21,18,53,45,2.469,3.942,0,Medium
2026-08-14 18:09:30,19,59,51,2.867,4.001,0,Medium
2026-08-14 18:10:16,18,55,47,2.867,3.968,0,Medium
2026-08-14 18:20:27,17,48,40,2.469,3.936,1,Medium
2026-08-14 18:30:16,18,55,47,2.469,3.937,1,Medium
2026-08-14 18:40:14,17,51,43,2.469,3.848,1,Medium
2026-08-14 18:50:15,18,52,44,2.469,3.786,0,Medium
2026-08-14 19:00:20,16,49,41,2.867,3.806,0,Medium
2026-08-14 19:10:16,17,53,45,2.469,3.817,0,Medium
2026-08-14 19:20:20,15,49,41,2.469,3.936,0,Low
2026-08-14 19:30:17,16,58,50,2.469,3.968,0,Low
2026-08-14 19:40:16,16,66,58,2.469,3.982,0,Low
2026-08-14 19:50:14,16,64,56,2.469,3.935,0,Medium
2026-08-14 20:00:21,17,66,58,2.867,3.935,1,Medium
2026-08-14 20:04:00,17,66,58,2.469,3.936,1,High
2026-08-14 20:10:14,17,68,60,2.867,3.936,1,High
2026-08-14 20:20:13,19,71,63,2.867,3.935,1,High
2026-08-14 20:30:16,19,68,60,2.867,3.935,1,High
2026-08-14 20:40:15,19,66,58,2.867,3.935,1,Medium
2026-08-14 20:50:17,20,70,62,2.867,3.935,1,Medium
2026-08-14 21:00:21,18,65,57,2.867,3.876,1,Medium
2026-08-14 21:02:12,19,66,57,2.867,3.935,1,High
2026-08-14 21:10:14,21,68,59,2.867,3.936,1,High
2026-08-14 21:20:13,22,69,61,2.867,3.935,1,High
2026-08-14 21:30:16,21,64,56,2.867,3.935,1,High
2026-08-14 21:40:14,21,65,57,2.867,3.936,1,High
2026-08-14 21:50:16,22,70,62,2.867,3.935,0,High
2026-08-14 21:55:19,21,68,60,2.867,3.936,0,High
2026-08-14 22:00:23,21,68,60,2.867,3.936,0,High
2026-08-14 22:10:16,22,73,65,2.867,3.942,0,High
2026-08-14 22:20:13,23,76,60,2.867,4.001,1,High
2026-08-14 22:30:18,26,85,69,2.867,3.942,1,High
2026-08-14 22:40:15,24,82,66,2.867,3.935,1,High
2026-08-14 22:50:15,22,76,60,2.867,3.935,1,High
2026-08-14 22:53:37,24,81,65,2.867,3.942,0,High
2026-08-14 23:00:18,22,77,60,2.867,3.975,1,High
2026-08-14 23:10:13,21,67,51,2.867,3.935,1,High
2026-08-14 23:20:14,21,67,59,2.867,3.948,1,High
2026-08-14 23:30:20,22,64,56,2.867,3.935,1,High
2026-08-14 23:40:16,21,63,55,2.867,3.816,1,High
2026-08-14 23:50:14,23,69,61,2.867,3.883,1,High
2026-08-14 23:52:01,22,68,60,2.867,3.85,1,High
2026-08-15 00:00:22,20,63,55,2.867,3.793,1,High
2026-08-15 00:10:14,20,61,53,2.867,3.749,1,High
2026-08-15 00:20:14,22,67,59,2.867,3.731,1,High
2026-08-15 00:30:20,22,60,60,2.867,3.797,1,High
2026-08-15 00:40:16,22,59,59,2.867,3.731,1,High
2026-08-15 00:50:17,21,65,57,2.867,3.777,1,High
2026-08-15 01:00:24,22,67,59,2.867,3.771,1,High
2026-08-15 01:10:16,21,65,57,2.867,3.777,1,High
2026-08-15 01:20:13,19,54,46,2.867,3.685,1,High
2026-08-15 01:30:19,22,65,57,2.867,3.797,1,High
2026-08-15 01:40:13,19,64,56,2.867,3.816,1,High
2026-08-15 01:50:14,21,63,55,2.867,3.935,1,High
2026-08-15 02:00:27,22,62,54,2.867,3.85,0,High
2026-08-15 02:10:16,20,54,46,2.867,3.77,0,High
2026-08-15 02:20:15,20,53,45,2.867,3.646,0,High
2026-08-15 02:30:16,20,51,43,2.867,3.608,1,High
2026-08-15 02:40:15,21,52,44,2.867,3.611,1,High
2026-08-15 02:50:15,22,53,45,2.867,3.648,1,High
2026-08-15 03:00:19,20,44,36,2.867,3.611,1,High
2026-08-15 03:03:37,20,44,36,2.867,3.611,1,High
2026-08-15 03:10:14,20,48,40,2.867,3.611,1,High
2026-08-15 03:20:21,22,57,49,2.867,3.628,0,High
2026-08-15 03:30:16,19,47,39,2.867,3.611,0,High
2026-08-15 03:40:15,21,50,42,2.867,3.611,1,High
2026-08-15 03:50:13,18,40,32,2.867,3.611,1,High
2026-08-15 04:00:22,19,41,33,2.867,3.611,1,High
2026-08-15 04:10:15,18,39,31,2.867,3.611,1,High
2026-08-15 04:20:12,18,40,32,2.867,3.65,1,High
2026-08-15 04:27:18,20,45,37,2.867,3.646,1,Low
2026-08-15 04:30:16,19,43,35,2.867,3.611,1,Low
2026-08-15 04:40:16,18,40,32,2.867,3.611,0,Low
2026-08-15 04:50:17,21,51,43,2.867,3.856,1,Low
2026-08-15 04:57:24,19,41,33,2.867,3.689,1,High
2026-08-15 05:00:21,20,49,41,2.867,3.767,1,High
2026-08-15 05:10:14,21,51,43,2.867,3.766,0,High
2026-08-15 05:20:12,18,46,38,2.867,3.648,0,High
2026-08-15 05:27:45,18,46,38,2.867,3.608,1,High
2026-08-15 05:30:16,20,49,41,2.867,3.611,1,High
2026-08-15 05:40:16,18,47,39,2.867,3.608,1,High
2026-08-15 05:50:19,20,49,41,2.867,3.644,1,High
2026-08-15 05:52:17,19,49,41,2.867,3.677,1,High
2026-08-15 06:00:17,21,51,43,2.867,3.611,1,High
2026-08-15 06:10:15,18,47,39,2.867,3.611,1,Low
2026-08-15 06:20:16,18,51,43,2.867,3.65,1,High
2026-08-15 06:30:16,18,52,44,2.867,3.628,1,High
2026-08-15 06:34:00,20,54,46,2.867,3.628,1,High
2026-08-15 06:40:18,16,46,38,2.867,3.604,1,High
2026-08-15 06:50:15,20,58,50,2.867,3.611,1,High
2026-08-15 07:00:20,18,53,45,2.867,3.611,1,High
2026-08-15 07:10:13,18,56,48,2.867,3.753,1,High
2026-08-15 07:11:24,16,51,43,2.867,3.65,1,High
2026-08-15 07:20:13,17,52,44,2.867,3.689,1,High
2026-08-15 07:30:17,17,55,47,2.867,3.817,1,High
2026-08-15 07:40:12,15,50,42,2.867,3.817,1,High
2026-08-15 07:46:17,15,50,42,2.867,3.817,1,High
2026-08-15 07:50:14,15,50,42,2.867,3.817,1,High
2026-08-15 08:00:20,14,43,35,2.867,3.753,1,High
2026-08-15 08:02:41,13,43,35,2.867,3.689,1,High
2026-08-15 08:10:16,14,47,39,2.867,3.753,1,High
2026-08-15 08:20:16,13,48,40,2.867,3.816,1,High
2026-08-15 08:30:16,13,43,35,2.867,3.816,1,High
2026-08-15 08:40:16,14,51,43,2.867,3.876,1,High
2026-08-15 08:42:29,13,47,39,2.867,3.816,1,High
2026-08-15 08:50:13,11,45,37,2.867,3.816,1,Low
2026-08-15 09:00:18,12,49,41,2.867,3.876,1,Low
2026-08-15 09:08:58,10,44,36,2.867,3.876,1,Low
2026-08-15 09:10:12,10,44,36,2.867,3.876,1,Low
2026-08-15 09:20:13,14,52,44,2.867,3.876,1,Low
2026-08-15 09:30:16,14,52,44,2.867,3.876,0,Low
2026-08-15 09:38:19,13,47,39,2.867,3.816,0,Low
2026-08-15 09:40:13,14,49,41,2.867,3.876,0,Low
2026-08-15 09:50:12,13,47,39,2.867,3.816,0,High
2026-08-15 09:57:05,12,46,38,2.867,3.714,0,High
2026-08-15 10:00:20,13,47,39,2.867,3.816,0,High
2026-08-15 10:10:12,13,44,36,2.867,3.816,1,High
2026-08-15 10:20:16,13,42,34,2.867,3.817,1,High
2026-08-15 10:25:02,13,42,34,2.867,3.817,1,High
2026-08-15 10:30:14,12,38,30,2.867,3.711,1,High
2026-08-15 10:40:17,13,42,34,2.867,3.817,1,High
2026-08-15 10:47:29,13,42,34,2.867,3.817,1,High
2026-08-15 10:50:13,13,46,38,2.867,3.817,1,High
2026-08-15 11:00:20,14,47,31,2.867,3.711,1,High
2026-08-15 11:01:39,15,55,39,2.867,3.817,1,High
2026-08-15 11:10:13,16,53,37,2.867,3.876,1,Low
2026-08-15 11:20:16,16,53,37,2.867,3.876,1,High
2026-08-15 11:30:19,16,53,37,2.867,3.876,0,Low
2026-08-15 11:30:58,16,53,37,2.867,3.876,0,Low
2026-08-15 11:40:13,14,50,34,2.867,3.711,1,Low
2026-08-15 11:50:13,13,51,35,2.867,3.816,0,Low
2026-08-15 11:52:46,14,52,36,2.867,3.876,0,Low
2026-08-15 12:00:19,16,55,39,2.867,3.935,0,Low
2026-08-15 12:10:15,14,52,36,2.867,3.876,1,Low
2026-08-15 12:20:15,13,51,35,2.867,3.935,1,High
2026-08-15 12:30:18,14,52,36,2.867,3.941,1,High
2026-08-15 12:32:16,16,54,38,2.867,3.935,1,High
2026-08-15 12:40:22,14,53,37,2.867,3.941,1,High
2026-08-15 12:50:13,15,58,42,2.867,3.816,1,High
2026-08-15 13:00:20,15,58,42,2.867,3.816,1,High
2026-08-15 13:10:17,16,61,53,2.867,3.756,1,High
2026-08-15 13:15:27,17,61,53,2.867,3.695,1,High
2026-08-15 13:20:16,17,59,51,2.867,3.695,1,High
2026-08-15 13:30:16,19,65,57,2.867,3.817,1,High
2026-08-15 13:40:14,16,60,52,2.867,3.69,1,High
2026-08-15 13:45:33,15,58,50,2.867,3.685,1,High
2026-08-15 13:50:13,17,61,53,2.867,3.695,1,High
2026-08-15 14:00:21,17,59,51,2.867,3.816,1,High
2026-08-15 14:01:28,17,59,51,2.867,3.816,1,High
2026-08-15 14:10:18,15,56,48,2.867,3.685,1,High
2026-08-15 14:20:14,14,48,40,2.867,3.648,1,High
2026-08-15 14:30:18,15,56,48,2.867,3.685,1,High
2026-08-15 14:35:07,14,49,41,2.867,3.648,1,High
2026-08-15 14:40:14,15,49,41,2.867,3.685,1,High
2026-08-15 14:50:13,15,48,40,2.867,3.685,1,High
2026-08-15 14:55:17,15,47,39,2.867,3.685,1,High
2026-08-15 15:00:23,15,51,43,2.867,3.685,1,High
2026-08-15 15:10:16,12,46,38,2.867,3.876,1,Medium
2026-08-15 15:17:46,12,46,38,2.867,3.876,1,High
2026-08-15 15:20:13,12,43,35,2.867,3.876,1,High
2026-08-15 15:30:17,10,40,32,2.867,3.77,1,High
2026-08-15 15:39:18,12,44,36,2.867,3.771,1,High
2026-08-15 15:40:14,12,44,36,2.867,3.771,1,High
2026-08-15 15:50:16,13,50,42,2.867,3.817,1,High
2026-08-15 15:56:01,13,51,43,2.867,3.817,1,High
2026-08-15 16:00:22,14,52,44,2.867,3.876,1,High
2026-08-15 16:10:14,12,49,41,2.867,3.711,1,High
2026-08-15 16:20:15,14,54,46,2.867,3.711,1,High
2026-08-15 16:23:27,13,50,42,2.867,3.606,1,High
2026-08-15 16:30:18,15,52,44,2.867,3.606,1,High
2026-08-15 16:40:13,14,51,43,2.867,3.711,1,High
2026-08-15 16:49:35,14,51,43,2.867,3.709,1,High
2026-08-15 16:50:15,14,54,46,2.867,3.876,1,High
2026-08-15 17:00:18,13,52,44,2.867,3.936,1,High
2026-08-15 17:08:25,12,48,40,2.867,3.876,1,High
2026-08-15 17:10:14,13,52,44,2.867,3.936,1,High
2026-08-15 17:20:17,15,57,49,2.867,3.948,1,High
2026-08-15 17:30:19,14,47,43,2.867,3.994,1,High
2026-08-15 17:33:21,14,47,43,2.867,3.994,1,High
2026-08-15 17:40:15,14,51,47,2.867,3.994,1,High
2026-08-15 17:50:14,14,52,48,2.867,3.941,1,Low
2026-08-15 17:53:39,15,53,49,2.867,3.948,1,High
2026-08-15 18:00:19,14,51,47,2.867,3.941,1,High
2026-08-15 18:10:14,15,55,51,2.867,4.053,1,High
2026-08-15 18:20:14,16,64,56,2.867,3.994,1,High
2026-08-15 18:25:25,16,64,56,2.867,3.994,1,High
2026-08-15 18:30:16,17,68,60,2.867,4.053,1,High
2026-08-15 18:40:17,13,40,32,2.867,3.602,1,High
2026-08-15 18:50:14,16,64,56,2.867,3.994,1,High
2026-08-15 18:56:13,17,65,57,2.867,4.053,1,Low
2026-08-15 19:00:18,16,57,49,2.867,3.994,1,Low
2026-08-15 19:10:15,16,61,53,2.867,4.019,1,Low
2026-08-15 19:20:14,18,66,58,2.867,4.037,1,High
2026-08-15 19:21:12,17,60,52,2.867,3.982,1,High
2026-08-15 19:30:18,17,63,55,2.867,4.03,1,High
2026-08-15 19:40:15,16,54,46,2.867,3.95,1,High
2026-08-15 19:44:24,16,58,50,2.867,3.911,1,Low
2026-08-15 19:50:16,18,65,57,2.867,3.914,1,Low
2026-08-15 19:59:32,16,56,48,2.867,3.722,1,High
2026-08-15 20:00:21,16,56,48,2.867,3.705,1,High
2026-08-15 20:10:14,17,64,56,2.867,3.725,1,High
2026-08-15 20:20:18,17,67,59,2.867,3.658,1,High
2026-08-15 20:30:17,16,59,51,2.867,3.602,1,High
2026-08-15 20:31:31,17,61,53,2.867,3.602,1,High
2026-08-15 20:40:22,19,71,63,2.867,3.611,1,High
2026-08-15 20:50:14,19,71,63,2.867,3.611,1,Low
2026-08-15 20:54:49,18,70,62,2.867,3.769,1,Low
2026-08-15 21:00:18,15,65,57,2.867,3.935,1,Low
2026-08-15 21:10:15,16,66,57,2.867,3.935,1,High
2026-08-15 21:18:11,16,66,58,2.867,3.935,1,High
2026-08-15 21:20:15,17,70,62,2.867,3.935,1,High
2026-08-15 21:30:16,18,71,63,2.867,3.935,1,High
2026-08-15 21:39:58,17,70,62,2.867,3.935,1,High
2026-08-15 21:50:14,16,57,49,2.867,3.768,1,High
2026-08-15 21:56:28,14,48,40,2.867,3.768,1,High
2026-08-15 22:00:21,14,54,46,2.867,3.935,1,High
2026-08-15 22:10:15,14,55,46,2.867,4.04,1,High
2026-08-15 22:20:16,14,58,50,2.867,4.099,1,High
2026-08-15 22:21:52,15,59,51,2.867,4.053,1,High
2026-08-15 22:30:16,16,61,53,2.867,3.994,1,High
2026-08-15 22:40:16,15,59,51,2.867,4.053,1,High
2026-08-15 22:46:17,15,58,50,2.867,4.054,1,High
2026-08-15 22:50:16,15,60,52,2.867,4.053,1,High
2026-08-15 23:00:19,17,62,54,2.867,3.936,1,High
2026-08-15 23:01:07,16,60,52,2.867,3.913,1,High
2026-08-15 23:10:15,16,53,45,2.867,3.64,1,High
2026-08-15 23:20:15,16,54,46,2.867,3.769,1,Low
2026-08-15 23:30:16,16,55,47,2.867,3.876,1,High
2026-08-15 23:31:14,16,55,47,2.867,3.876,1,High
2026-08-15 23:40:12,17,57,49,2.867,3.935,1,High
2026-08-15 23:50:13,16,56,48,2.867,3.851,1,High
2026-08-15 23:53:04,17,58,50,2.867,3.846,1,High
2026-08-16 00:00:22,18,59,51,2.867,3.791,1,High
2026-08-16 00:10:15,15,51,43,2.867,3.817,1,High
2026-08-16 00:20:17,15,51,43,2.867,3.817,1,High
2026-08-16 00:30:15,17,60,52,2.867,3.817,1,High
2026-08-16 00:40:17,19,63,54,2.867,3.948,1,High
2026-08-16 00:50:14,18,62,54,2.867,4.001,1,High
2026-08-16 01:00:18,17,54,46,2.867,4.053,1,High
2026-08-16 01:09:16,16,53,45,2.867,3.942,1,High
2026-08-16 01:10:13,19,58,50,2.867,3.936,1,High
2026-08-16 01:20:13,17,55,47,2.867,3.935,1,High
2026-08-16 01:30:15,19,57,49,2.867,3.935,1,High
2026-08-16 01:40:15,17,55,47,2.867,3.817,1,High
2026-08-16 01:50:15,20,61,53,2.867,3.872,1,High
2026-08-16 02:00:17,19,61,53,2.867,3.935,1,High
2026-08-16 02:10:15,16,54,46,2.867,3.804,1,High
2026-08-16 02:20:13,16,47,39,2.867,3.771,1,High
2026-08-16 02:30:16,18,50,42,2.867,3.737,1,High
2026-08-16 02:34:33,19,58,42,2.867,3.817,1,High
2026-08-16 02:40:16,18,55,39,2.867,3.714,1,High
2026-08-16 02:50:17,20,60,51,2.867,3.876,1,High
2026-08-16 03:00:21,20,60,52,2.867,3.876,1,High
2026-08-16 03:10:13,19,59,51,2.867,3.935,1,High
2026-08-16 03:20:14,20,61,53,2.867,3.871,1,High
2026-08-16 03:29:56,17,56,48,2.867,3.806,1,High
2026-08-16 03:40:14,19,62,50,2.867,3.817,1,High
2026-08-16 03:50:14,19,59,42,2.867,3.817,1,High
2026-08-16 04:00:20,19,59,47,2.867,3.817,1,High
2026-08-16 04:10:16,17,47,39,2.867,3.611,1,High
2026-08-16 04:20:16,17,48,40,2.867,3.817,1,High
2026-08-16 04:30:14,19,53,37,2.867,3.817,1,High
2026-08-16 04:40:14,16,46,30,2.867,3.709,1,High
2026-08-16 04:50:12,18,61,45,2.867,3.876,1,High
2026-08-16 04:52:11,17,56,40,2.867,3.817,1,High
2026-08-16 05:00:19,19,62,46,2.867,3.817,1,High
2026-08-16 05:10:15,18,59,43,2.867,3.773,1,High
2026-08-16 05:20:16,16,54,46,2.867,3.773,1,High
2026-08-16 05:24:52,16,57,45,2.867,3.935,1,High
2026-08-16 05:30:17,16,58,42,2.867,3.935,1,High
2026-08-16 05:40:13,15,54,46,2.867,3.935,1,High
2026-08-16 05:50:16,16,55,39,2.867,3.935,1,High
2026-08-16 05:53:06,15,54,46,2.867,3.935,1,High
2026-08-16 06:00:17,16,55,39,2.867,3.935,1,High
2026-08-16 06:10:14,15,54,42,2.867,3.936,1,High
2026-08-16 06:20:17,15,52,44,2.867,3.611,1,High
2026-08-16 06:30:17,18,56,48,2.867,3.769,1,High
2026-08-16 06:35:22,17,55,47,2.867,3.611,1,High
2026-08-16 06:40:14,16,53,45,2.867,3.611,1,High
2026-08-16 06:50:15,17,59,43,2.867,3.611,1,High
2026-08-16 07:00:21,19,59,43,2.867,3.611,1,High
2026-08-16 07:10:14,18,55,47,2.867,3.611,1,High
2026-08-16 07:16:53,19,57,49,2.867,3.611,1,High
2026-08-16 07:20:14,16,53,45,2.867,3.607,1,High
2026-08-16 07:30:15,19,53,37,2.867,3.611,1,High
2026-08-16 07:40:15,17,56,48,2.867,3.611,1,High
2026-08-16 07:48:37,19,59,51,2.867,3.816,1,High
2026-08-16 07:50:15,21,64,48,2.867,3.935,1,High
2026-08-16 08:00:20,19,58,42,2.867,3.936,1,High
2026-08-16 08:10:16,18,58,50,2.867,3.935,1,High
2026-08-16 08:11:46,19,59,43,2.867,3.936,1,High
2026-08-16 08:20:13,19,58,42,2.867,3.935,1,High
2026-08-16 08:30:16,18,54,46,2.867,3.773,1,High
2026-08-16 08:40:18,18,56,44,2.867,3.751,1,High
2026-08-16 08:49:31,17,46,38,2.867,3.611,1,High
2026-08-16 08:50:15,17,45,37,2.867,3.611,1,High
2026-08-16 09:00:22,15,43,35,2.867,3.611,1,High
2026-08-16 09:10:13,17,48,40,2.867,3.611,1,High
2026-08-16 09:12:57,18,50,38,2.867,3.773,1,High
2026-08-16 09:20:15,17,47,39,2.867,3.611,1,High
2026-08-16 09:30:16,17,49,37,2.867,3.611,1,High
2026-08-16 09:40:15,15,45,37,2.867,3.611,1,High
2026-08-16 09:45:31,14,43,35,2.867,3.607,1,High
2026-08-16 09:50:14,15,47,31,2.867,3.611,1,High
2026-08-16 10:00:20,14,45,37,2.867,3.607,1,High
2026-08-16 10:01:56,14,45,29,2.867,3.607,1,High
2026-08-16 10:10:19,14,45,29,2.867,3.607,1,High
2026-08-16 10:20:15,15,46,38,2.867,3.602,1,High
2026-08-16 10:30:18,18,50,42,2.867,3.611,1,High
2026-08-16 10:35:35,16,47,39,2.867,3.607,1,High
2026-08-16 10:40:13,16,47,35,2.867,3.607,1,High
2026-08-16 10:50:15,16,47,31,2.867,3.607,1,High
2026-08-16 10:55:42,16,45,37,2.867,3.607,1,High
2026-08-16 11:00:18,16,44,36,2.867,3.607,1,High
2026-08-16 11:10:15,16,44,36,2.867,3.607,1,High
2026-08-16 11:19:06,15,42,34,2.867,3.602,1,High
2026-08-16 11:20:13,15,42,34,2.867,3.602,1,High
2026-08-16 11:30:23,17,48,32,2.867,3.611,1,High
2026-08-16 11:39:43,16,44,36,2.867,3.611,1,High
2026-08-16 11:50:15,16,47,31,2.867,3.611,1,High
2026-08-16 11:56:30,16,45,37,2.867,3.611,1,High
2026-08-16 12:00:21,16,45,29,2.867,3.611,1,High
2026-08-16 12:10:17,15,39,31,2.867,3.611,1,High
2026-08-16 12:20:16,14,38,30,2.867,3.607,1,High
2026-08-16 12:30:15,15,43,35,2.867,3.611,1,High
2026-08-16 12:39:56,13,41,33,2.867,3.611,1,High
2026-08-16 12:50:13,13,40,32,2.867,3.611,1,High
2026-08-16 13:00:17,12,40,32,2.867,3.766,1,High
2026-08-16 13:10:15,13,44,36,2.867,3.864,1,High
2026-08-16 13:18:29,11,39,31,2.867,3.602,1,High
2026-08-16 13:20:15,12,39,31,2.867,3.602,1,High
2026-08-16 13:30:17,13,37,29,2.867,3.936,1,High
2026-08-16 13:40:12,12,42,26,2.867,3.907,1,High
2026-08-16 13:48:01,13,43,27,2.867,3.611,1,High
2026-08-16 13:50:13,14,44,28,2.867,3.607,1,High
2026-08-16 14:00:19,14,41,25,2.867,3.607,1,High
2026-08-16 14:08:39,14,44,28,2.867,3.607,1,High
2026-08-16 14:10:12,11,38,22,2.867,3.602,1,High
2026-08-16 14:20:21,13,41,25,2.867,3.602,1,High
2026-08-16 14:30:19,14,43,27,2.867,3.874,1,High
2026-08-16 14:36:24,12,38,22,2.867,3.602,1,High
2026-08-16 14:40:12,12,38,22,2.867,3.602,1,High
2026-08-16 14:50:15,13,39,23,2.867,3.602,1,High
2026-08-16 14:56:25,16,45,29,2.867,3.995,1,High
2026-08-16 15:00:20,15,43,27,2.867,3.936,1,High
2026-08-16 15:10:15,14,42,26,2.867,4.074,1,High
2026-08-16 15:20:14,13,38,22,2.867,3.936,1,High
2026-08-16 15:22:07,13,38,22,2.867,3.936,1,High
2026-08-16 15:30:16,13,38,22,2.867,3.936,1,High
2026-08-16 15:40:15,13,41,25,2.867,3.816,1,High
2026-08-16 15:45:23,12,33,17,2.867,3.709,1,High
2026-08-16 15:50:13,14,38,22,2.867,3.8,1,High
2026-08-16 16:00:17,13,34,18,2.867,3.602,1,High
2026-08-16 16:10:17,12,40,24,2.867,3.709,1,High
2026-08-16 16:20:14,13,41,25,2.867,3.816,1,High
2026-08-16 16:30:17,15,46,29,2.867,3.936,1,High
2026-08-16 16:37:39,15,45,29,2.867,3.816,1,High
2026-08-16 16:40:13,15,45,29,2.867,3.816,1,High
2026-08-16 16:50:13,15,41,33,2.867,3.816,1,High
2026-08-16 16:58:14,16,42,34,2.867,3.709,1,High
2026-08-16 17:00:18,17,44,36,2.867,3.816,1,High
2026-08-16 17:10:12,14,33,21,2.867,3.602,1,High
2026-08-16 17:20:14,14,33,25,2.602,3.853,1,High
2026-08-16 17:24:14,14,39,23,2.602,3.8,1,High
2026-08-16 17:30:16,14,39,23,2.602,3.747,1,High
2026-08-16 17:40:17,12,28,20,2.602,3.698,1,High
2026-08-16 17:44:04,11,27,15,2.602,3.602,1,High
2026-08-16 17:50:14,13,29,21,2.602,3.817,1,High
2026-08-16 17:58:44,14,40,26,2.602,3.709,1,High
2026-08-16 18:00:18,15,42,28,2.602,3.817,1,High
2026-08-16 18:10:14,14,38,30,2.602,3.876,1,High
2026-08-16 18:20:14,13,28,24,2.602,3.611,1,High
2026-08-16 18:30:19,15,40,32,2.602,3.816,1,High
2026-08-16 18:38:12,16,48,32,2.602,3.876,1,High
2026-08-16 18:40:14,16,48,28,2.602,3.876,1,High
2026-08-16 18:50:15,16,49,29,2.602,3.876,1,High
2026-08-16 19:00:16,16,49,33,2.602,3.747,1,High
2026-08-16 19:10:22,15,45,29,2.602,3.816,1,High
2026-08-16 19:20:13,15,47,27,2.602,3.816,1,High
2026-08-16 19:29:17,15,51,35,2.602,3.816,1,Medium
2026-08-16 19:30:16,15,51,35,2.602,3.816,1,Medium
2026-08-16 19:40:13,16,52,36,2.602,3.876,1,High
2026-08-16 19:47:31,17,56,40,2.602,3.935,1,High
2026-08-16 19:50:14,18,60,44,2.602,3.935,1,High
2026-08-16 19:59:47,16,57,41,2.602,3.875,1,High
2026-08-16 20:10:14,16,59,43,2.602,3.875,1,Medium
2026-08-16 20:20:13,14,46,30,2.602,3.714,1,Medium
2026-08-16 20:30:16,16,49,29,2.602,3.994,1,Medium
2026-08-16 20:31:46,15,47,31,2.602,3.935,1,High
2026-08-16 20:40:16,15,45,25,2.602,3.935,1,High
2026-08-16 20:50:13,15,45,29,2.602,3.935,1,Low
2026-08-16 20:54:26,16,46,26,2.602,3.995,1,Low
2026-08-16 21:00:18,15,42,26,2.602,3.935,1,Low
2026-08-16 21:10:13,16,46,26,2.602,3.935,1,Low
2026-08-16 21:17:11,16,50,34,2.602,3.995,1,Low
2026-08-16 21:20:13,16,50,34,2.602,3.995,1,Low
2026-08-16 21:30:14,17,54,38,2.602,4.054,1,High
2026-08-16 21:38:42,16,46,30,2.602,3.995,1,High
2026-08-16 21:40:14,16,46,30,2.602,3.935,1,High
2026-08-16 21:50:13,15,38,26,2.602,3.935,1,High
2026-08-16 21:54:55,16,39,27,2.602,3.995,1,High
2026-08-16 22:00:23,15,38,30,2.602,3.935,1,Low
2026-08-16 22:10:13,17,46,30,2.602,3.936,1,Low
2026-08-16 22:17:39,17,48,32,2.602,4.014,1,Low
2026-08-16 22:20:12,16,47,31,2.602,4.058,1,Low
2026-08-16 22:30:16,17,45,29,2.602,3.936,1,Medium
2026-08-16 22:40:12,18,56,40,2.602,3.933,1,Medium
2026-08-16 22:41:10,18,56,40,2.602,3.933,1,Medium
2026-08-16 22:50:24,18,59,43,2.602,3.899,1,Medium
2026-08-16 22:59:57,18,59,43,2.602,3.93,1,Medium
2026-08-16 23:10:14,14,55,39,2.602,3.831,1,Medium
2026-08-16 23:20:12,18,57,41,2.602,3.676,1,Medium
2026-08-16 23:28:35,22,64,48,2.602,3.648,1,Medium
2026-08-16 23:30:15,20,59,43,2.602,3.611,1,Medium
2026-08-16 23:40:14,22,61,45,2.602,3.611,1,Medium
2026-08-16 23:47:37,22,61,45,2.602,3.611,1,Medium
2026-08-16 23:50:14,23,66,50,2.602,3.611,1,Medium
2026-08-17 00:00:20,21,60,44,2.602,3.611,1,Low
2026-08-17 00:10:16,24,70,54,2.602,3.876,1,Medium
2026-08-17 00:20:19,25,67,58,2.469,3.936,1,Medium
2026-08-17 00:30:19,25,70,62,2.469,3.694,1,Low
2026-08-17 00:40:15,26,69,61,2.469,3.755,1,Medium
2026-08-17 00:50:14,23,58,50,2.469,3.69,1,High
2026-08-17 01:00:20,24,60,51,2.469,3.717,1,High
2026-08-17 01:10:15,22,57,49,2.469,3.755,1,High
2026-08-17 01:20:15,21,49,40,2.469,3.694,1,High
2026-08-17 01:30:16,20,48,40,2.469,3.755,1,High
2026-08-17 01:40:12,19,47,39,2.469,3.816,1,High
2026-08-17 01:50:15,18,43,35,2.469,3.714,1,High
2026-08-17 01:52:09,19,44,36,2.469,3.816,1,High
2026-08-17 02:00:21,18,43,35,2.469,3.714,1,High
2026-08-17 02:10:14,18,45,37,2.469,3.849,1,High
2026-08-17 02:20:20,19,46,38,2.469,3.816,1,High
2026-08-17 02:30:15,18,43,35,2.469,3.747,1,High
2026-08-17 02:40:15,19,44,36,2.469,3.611,1,Low
2026-08-17 02:50:18,18,44,35,2.867,3.805,1,High
2026-08-17 02:57:07,18,46,38,2.867,3.805,1,High
2026-08-17 03:00:16,18,47,39,2.867,3.805,1,High
2026-08-17 03:10:13,18,47,39,2.469,3.805,1,High
2026-08-17 03:20:14,20,52,44,2.469,3.935,1,Low
2026-08-17 03:30:17,18,49,41,2.469,3.875,1,Low
2026-08-17 03:40:12,19,48,40,2.469,3.935,1,Low
2026-08-17 03:50:13,17,46,38,2.469,3.936,1,High
2026-08-17 03:52:25,19,49,41,2.469,3.816,1,High
2026-08-17 04:00:16,18,48,40,2.469,3.876,1,High
2026-08-17 04:10:14,17,46,38,2.469,3.816,1,High
2026-08-17 04:20:14,17,51,35,2.469,3.816,1,High
2026-08-17 04:30:18,18,52,36,2.469,3.734,1,High
2026-08-17 04:38:44,18,52,36,2.469,3.694,1,High
2026-08-17 04:40:13,20,57,41,2.469,3.694,1,High
2026-08-17 04:50:13,17,50,34,2.469,3.611,1,High
2026-08-17 05:00:18,18,52,36,2.469,3.779,1,Medium
2026-08-17 05:10:14,18,49,33,2.469,3.677,1,High
2026-08-17 05:20:14,21,54,38,2.469,3.611,1,High
2026-08-17 05:30:20,19,48,32,2.469,3.606,1,High
2026-08-17 05:40:14,20,52,44,2.469,3.608,1,High
2026-08-17 05:50:15,18,50,42,2.469,3.608,1,High
2026-08-17 05:59:14,18,46,38,2.469,3.608,1,High
2026-08-17 06:00:21,16,41,33,2.469,3.608,1,High
2026-08-17 06:10:15,16,53,37,2.469,3.674,1,High
2026-08-17 06:20:15,15,51,35,2.867,3.936,1,High
2026-08-17 06:30:16,15,51,35,2.867,3.948,1,High
2026-08-17 06:40:15,19,59,43,2.867,3.936,1,High
2026-08-17 06:50:13,17,49,33,2.867,3.611,1,High
2026-08-17 07:00:23,17,45,37,2.867,3.611,1,High
2026-08-17 07:09:48,15,45,29,2.867,3.606,1,High
2026-08-17 07:20:14,16,51,35,2.867,3.608,1,Medium
2026-08-17 07:30:17,17,52,36,2.867,3.611,1,Medium
2026-08-17 07:40:17,18,53,36,2.867,3.714,1,Medium
2026-08-17 07:50:14,19,55,39,2.867,3.816,1,Medium
2026-08-17 07:59:29,19,52,36,2.867,3.816,1,Medium
2026-08-17 08:00:22,18,48,32,2.867,3.714,1,Medium
2026-08-17 08:10:21,20,47,31,2.867,3.714,1,Medium
2026-08-17 08:20:15,19,43,35,2.867,3.816,1,Medium
2026-08-17 08:30:18,18,41,33,2.867,3.714,1,Medium
2026-08-17 08:40:13,16,36,36,2.867,3.714,1,Medium
2026-08-17 08:50:16,16,38,38,2.867,3.714,1,Medium
2026-08-17 08:53:25,15,38,38,2.867,3.611,1,Medium
2026-08-17 09:00:22,15,42,34,2.867,3.611,1,Medium
2026-08-17 09:10:17,18,48,40,2.867,3.836,1,Medium
2026-08-17 09:20:13,17,45,37,2.867,3.816,1,Medium
2026-08-17 09:30:19,16,44,36,2.867,3.896,1,Medium
2026-08-17 09:38:09,14,39,31,2.867,3.836,1,Medium
2026-08-17 09:40:13,15,40,32,2.867,3.856,1,Medium
2026-08-17 09:50:13,17,51,35,2.469,3.856,1,High
2026-08-17 10:00:21,19,63,47,2.469,3.935,1,High
2026-08-17 10:10:17,17,46,30,2.469,3.856,1,High
2026-08-17 10:14:33,17,46,30,2.469,3.856,1,High
2026-08-17 10:20:13,17,48,32,2.469,3.856,1,High
2026-08-17 10:30:16,19,53,36,2.469,3.931,1,Medium
2026-08-17 10:40:16,18,47,31,2.469,3.843,1,Medium
2026-08-17 10:50:13,19,51,35,2.469,3.816,1,Medium
2026-08-17 11:00:20,19,51,43,2.469,3.816,1,Medium
2026-08-17 11:10:16,19,49,40,2.469,3.816,1,Medium
2026-08-17 11:20:15,17,44,36,2.469,3.816,1,Medium
2026-08-17 11:22:02,17,44,36,2.469,3.816,1,Medium
2026-08-17 11:30:17,17,44,36,2.469,3.816,1,Medium
2026-08-17 11:40:17,17,40,32,2.469,3.816,1,Medium
2026-08-17 11:49:42,17,37,28,2.469,3.816,1,Medium
2026-08-17 12:00:22,16,36,28,2.469,3.836,1,Low
2026-08-17 12:10:13,17,40,32,2.469,3.816,1,Low
2026-08-17 12:14:16,18,46,30,2.469,3.836,1,Medium
2026-08-17 12:20:15,19,50,34,2.469,3.856,1,Medium
2026-08-17 12:30:18,16,45,29,2.469,3.836,1,Medium
2026-08-17 12:40:17,16,45,29,2.469,3.714,1,Medium
2026-08-17 12:50:17,17,49,33,2.469,3.816,1,Medium
2026-08-17 13:00:20,15,46,30,2.469,3.816,1,Medium
2026-08-17 13:09:05,14,39,31,2.469,3.836,1,Medium
2026-08-17 13:10:14,14,39,31,2.469,3.836,1,Medium
2026-08-17 13:20:16,15,42,34,2.469,3.856,1,Medium
2026-08-17 13:30:17,16,44,36,2.469,3.902,1,Medium
2026-08-17 13:40:14,15,42,34,2.469,3.856,1,Medium
2026-08-17 13:50:13,15,45,37,2.469,3.856,1,Medium
2026-08-17 13:51:34,15,45,37,2.469,3.856,1,Medium
2026-08-17 14:00:20,16,41,33,2.469,3.896,1,Low
2026-08-17 14:10:14,14,38,30,2.469,3.942,1,Medium
2026-08-17 14:20:25,12,37,29,2.469,3.98,1,Medium
2026-08-17 14:24:20,11,31,23,2.469,4.011,1,Medium
2026-08-17 14:30:15,12,32,24,2.469,3.973,1,Medium
2026-08-17 14:40:14,11,28,19,2.469,3.936,1,Medium
2026-08-17 14:50:14,10,20,20,2.469,3.876,1,Medium
2026-08-17 14:53:29,11,21,21,2.469,3.816,1,Medium
2026-08-17 15:00:21,11,21,20,2.469,3.816,1,Medium
2026-08-17 15:10:13,11,22,22,2.469,3.816,1,Medium
2026-08-17 15:20:15,10,18,18,2.469,3.914,1,Low
2026-08-17 15:22:40,10,18,18,2.469,3.914,1,Low
2026-08-17 15:30:15,9,16,16,2.469,3.816,1,Low
2026-08-17 15:40:14,9,22,14,2.469,3.817,1,Medium
2026-08-17 15:49:02,10,22,14,2.469,3.84,1,Low
2026-08-17 15:50:17,10,23,15,2.469,3.839,1,Medium
2026-08-17 16:00:18,10,23,15,2.469,3.804,1,Medium
2026-08-17 16:09:48,9,21,13,2.469,3.691,1,Low
2026-08-17 16:20:13,11,25,17,2.469,3.817,1,Low
2026-08-17 16:30:17,12,29,21,2.469,3.876,1,Low
2026-08-17 16:44:45,12,28,20,2.469,3.845,1,Low
2026-08-17 16:50:16,10,29,21,2.469,3.845,1,Low
2026-08-17 17:00:21,10,29,21,2.469,3.845,1,Low
2026-08-17 17:10:17,10,27,19,2.469,3.845,1,Medium
2026-08-17 17:11:39,10,27,19,2.469,3.838,1,Medium
2026-08-17 17:40:17,10,28,20,2.469,3.845,1,Medium
2026-08-17 17:47:32,11,32,24,2.469,3.874,1,Medium
2026-08-17 18:10:20,8,24,16,2.469,3.845,1,Medium
2026-08-17 18:15:49,11,28,20,2.469,3.816,1,Medium
2026-08-17 18:20:19,10,23,19,2.469,3.905,1,Medium
2026-08-17 18:30:19,10,20,16,2.469,3.865,1,Low
2026-08-17 18:50:14,11,22,18,2.469,3.874,1,Medium
2026-08-17 19:00:21,13,26,18,2.469,3.874,1,Medium
2026-08-17 19:01:25,13,28,20,2.469,3.874,1,Medium
2026-08-17 19:10:13,12,26,18,2.469,3.865,1,Medium
2026-08-17 19:20:23,11,24,16,2.469,3.856,1,Medium
2026-08-17 19:30:18,11,28,16,2.469,3.856,1,Medium
2026-08-17 19:36:21,12,29,17,2.469,3.865,1,Medium
2026-08-17 19:40:15,12,29,17,2.469,3.865,1,Low
2026-08-17 19:50:15,11,29,17,2.469,3.856,1,Medium
2026-08-17 19:56:14,13,36,24,2.469,3.874,1,Low
2026-08-17 20:00:19,13,36,24,2.469,3.874,1,Low
2026-08-17 20:10:15,12,34,22,2.469,3.905,1,Low
2026-08-17 20:20:17,10,31,19,2.469,3.845,1,Medium
2026-08-17 20:27:09,12,34,22,2.469,3.845,1,Low
2026-08-17 20:30:18,12,34,22,2.469,3.845,1,Low
2026-08-17 20:40:14,11,33,21,2.469,3.816,1,Low
2026-08-17 20:50:16,11,35,23,2.469,3.816,1,High
2026-08-17 20:54:54,11,35,23,2.469,3.816,1,High
2026-08-17 21:00:27,11,35,23,2.469,3.816,1,High
2026-08-17 21:10:15,12,36,24,2.469,3.836,1,High
2026-08-17 21:20:18,12,34,22,2.469,3.836,1,Low
2026-08-17 21:23:01,12,34,22,2.469,3.836,1,High
2026-08-17 21:30:20,12,34,22,2.469,3.836,1,Low
2026-08-17 21:40:12,10,27,15,2.469,3.711,1,High
2026-08-17 21:49:49,9,23,15,2.469,3.606,1,Low
2026-08-17 22:00:24,9,27,19,2.469,3.606,1,Medium
2026-08-17 22:09:19,10,28,20,2.469,3.711,1,Medium
2026-08-17 22:10:14,10,28,20,2.469,3.711,1,Medium
2026-08-17 22:20:14,11,30,22,2.469,3.606,1,Medium
2026-08-17 22:30:16,11,29,21,2.469,3.606,1,Low
2026-08-17 22:39:10,10,25,17,2.469,3.709,1,High
2026-08-17 22:40:15,10,27,19,2.469,3.709,1,High
2026-08-17 22:50:15,11,26,18,2.469,3.816,1,Medium
2026-08-17 22:59:00,12,27,19,2.469,3.836,1,Medium
2026-08-17 23:00:18,12,25,17,2.469,3.836,1,Medium
2026-08-17 23:10:22,12,24,16,2.469,3.733,1,Medium
2026-08-17 23:20:17,14,32,24,2.469,3.836,1,Medium
2026-08-17 23:29:12,14,32,24,2.469,3.836,1,Low
2026-08-17 23:30:17,14,31,23,2.469,3.836,1,Low
2026-08-17 23:40:13,14,29,21,2.469,3.836,1,Low
2026-08-17 23:50:02,16,38,22,2.469,3.893,1,Low
2026-08-18 00:00:18,16,40,24,2.469,3.893,1,Low
2026-08-18 00:10:15,16,42,26,2.469,3.893,1,Medium
2026-08-18 00:20:15,16,42,26,2.469,3.893,1,Low
2026-08-18 00:24:16,15,41,25,2.868,3.93,1,Low
2026-08-18 00:30:28,15,49,25,2.868,3.93,1,Low
2026-08-18 00:40:16,15,49,25,2.868,3.93,1,Low
2026-08-18 00:50:15,17,54,30,2.868,3.935,1,Low
2026-08-18 01:00:22,16,50,34,2.868,3.932,1,Low
2026-08-18 01:10:15,16,52,36,2.868,3.928,1,Low
2026-08-18 01:20:13,16,51,35,2.868,3.858,1,Low
2026-08-18 01:30:18,17,57,41,2.867,3.856,1,Low
2026-08-18 01:40:13,22,94,78,2.867,3.941,1,Low
2026-08-18 01:50:14,21,83,67,2.867,3.936,1,Low
2026-08-18 01:57:31,21,81,65,2.867,3.936,1,Low
2026-08-18 02:00:20,20,79,63,2.867,3.933,1,Low
2026-08-18 02:10:13,22,85,77,2.867,3.935,1,High
2026-08-18 02:20:15,20,78,70,2.867,3.933,1,High
2026-08-18 02:30:15,21,77,69,2.867,3.93,1,Medium
2026-08-18 02:40:19,21,82,74,2.867,3.93,1,Medium
2026-08-18 02:50:15,23,91,83,2.867,3.935,1,Low
2026-08-18 02:58:39,21,80,72,2.867,3.948,1,Low
2026-08-18 03:00:20,20,79,71,2.867,3.942,1,Low
2026-08-18 03:10:14,23,86,78,2.469,3.935,1,Low
2026-08-18 03:20:13,21,76,68,2.469,3.838,1,High
2026-08-18 03:30:18,19,72,64,2.867,3.838,1,Low
2026-08-18 03:40:14,19,72,64,2.867,3.817,1,Low
2026-08-18 03:50:15,20,75,67,2.867,3.849,1,Low
2026-08-18 04:00:19,16,63,55,2.867,3.803,1,Low
2026-08-18 04:10:19,18,68,60,2.867,3.876,1,Medium
2026-08-18 04:20:17,18,64,56,2.867,3.876,1,Medium
2026-08-18 04:30:17,20,80,68,2.867,3.909,1,Medium
2026-08-18 04:32:40,18,68,60,2.867,3.85,1,Medium
2026-08-18 04:40:16,19,72,60,2.867,3.883,1,Medium
2026-08-18 04:50:16,18,61,53,2.867,3.796,1,Low
2026-08-18 05:00:19,19,63,55,2.867,3.817,1,Low
2026-08-18 05:05:17,18,68,60,2.867,3.85,1,Low
2026-08-18 05:10:14,16,58,50,2.867,3.796,1,Low
2026-08-18 05:20:18,18,62,50,2.867,3.876,1,Low
2026-08-18 05:30:16,16,53,45,2.962,3.876,1,Low
2026-08-18 05:40:16,16,53,45,2.962,3.876,1,Low
2026-08-18 05:50:13,17,57,49,2.961,3.935,1,Low
2026-08-18 06:00:20,15,45,37,2.962,3.936,1,Low
2026-08-18 06:10:18,14,39,31,2.961,3.876,1,Low
2026-08-18 06:16:00,17,56,47,2.867,3.935,1,Low
2026-08-18 06:20:14,16,53,45,2.867,3.876,1,Low
2026-08-18 06:30:24,16,61,53,2.867,3.876,1,Low
2026-08-18 06:40:18,13,35,35,2.867,3.817,1,Low
2026-08-18 06:50:13,15,44,44,2.867,3.817,1,Low
2026-08-18 07:00:22,15,50,42,2.867,3.936,1,Low
2026-08-18 07:08:12,13,47,39,2.867,3.936,1,Low
2026-08-18 07:10:16,13,47,39,2.867,3.817,1,Medium
2026-08-18 07:20:16,14,53,44,2.867,3.876,1,Low
2026-08-18 07:30:17,13,52,40,2.867,3.936,1,Medium
2026-08-18 07:40:15,13,52,44,2.867,3.936,1,Medium
2026-08-18 07:50:15,14,60,52,2.867,3.995,1,Low
2026-08-18 07:51:25,15,62,54,2.867,4.054,1,Low
2026-08-18 08:00:23,14,54,46,2.867,3.995,1,Low
2026-08-18 08:10:15,15,62,54,2.867,4.015,1,Low
2026-08-18 08:20:16,16,67,59,2.867,3.975,1,Low
2026-08-18 08:30:16,16,68,60,2.867,4.034,1,Low
2026-08-18 08:33:29,15,58,50,2.867,4.054,1,Low
2026-08-18 08:40:13,14,47,39,2.867,3.935,1,Low
2026-08-18 08:50:12,14,44,36,2.867,3.995,1,Low
2026-08-18 09:00:21,14,42,34,2.867,3.995,1,Low
2026-08-18 09:06:32,14,42,34,2.867,3.909,1,Low
2026-08-18 09:10:13,14,51,43,2.867,4.067,1,Low
2026-08-18 09:20:15,15,55,47,2.867,4.054,1,Low
2026-08-18 09:30:18,15,53,45,2.867,4.033,1,Low
2026-08-18 09:40:14,13,49,41,2.867,3.935,1,Low
2026-08-18 09:46:00,12,49,41,2.867,3.931,1,Low
2026-08-18 09:50:15,12,49,41,2.867,3.914,1,Low
2026-08-18 10:00:20,10,38,30,2.962,3.876,1,Low
2026-08-18 10:10:14,13,41,32,2.962,3.936,1,Low
2026-08-18 10:12:03,13,41,32,2.962,3.936,1,Low
2026-08-18 10:20:17,14,42,34,2.962,3.876,1,Low
2026-08-18 10:30:20,14,36,28,2.962,3.876,1,Low
2026-08-18 10:40:14,16,45,37,2.962,3.876,1,Low
2026-08-18 10:49:16,15,48,40,2.961,3.936,1,Low
2026-08-18 10:50:15,15,48,40,2.961,3.936,1,Low
2026-08-18 11:00:22,15,43,35,2.961,3.936,1,Low
2026-08-18 11:10:16,14,41,33,2.869,3.876,1,Medium
2026-08-18 11:11:53,14,41,33,2.869,3.876,1,Medium
2026-08-18 11:20:15,12,39,31,2.869,3.783,1,Low
2026-08-18 11:30:16,12,38,30,2.869,3.876,1,Medium
2026-08-18 11:40:15,12,37,29,2.869,3.842,1,Low
2026-08-18 11:44:01,12,37,29,2.869,3.842,1,Medium
2026-08-18 11:50:31,13,48,32,2.869,3.935,1,Low
2026-08-18 12:00:23,15,49,41,2.869,3.817,1,Low
2026-08-18 12:10:15,12,42,26,2.869,3.876,1,Medium
2026-08-18 12:13:48,12,42,26,2.869,3.876,1,Medium
2026-08-18 12:20:17,11,42,26,2.869,3.935,1,Medium
2026-08-18 12:30:17,14,46,30,2.869,3.876,1,Low
2026-08-18 12:40:16,14,52,36,2.869,3.876,1,Low
2026-08-18 12:50:14,14,46,38,2.869,3.876,1,Low
2026-08-18 13:00:24,14,53,45,2.869,3.935,1,Low
2026-08-18 13:10:14,14,52,44,2.869,3.942,1,Medium
2026-08-18 13:11:23,14,52,44,2.869,3.942,1,Low
2026-08-18 13:20:13,12,50,42,2.869,3.942,1,Low
2026-08-18 13:30:18,12,50,42,2.869,3.942,1,Low
2026-08-18 13:40:33,12,52,44,2.869,3.942,1,Low
2026-08-18 13:50:16,11,36,28,2.869,3.902,1,Low
2026-08-18 13:59:13,11,35,27,2.869,3.902,1,Low
2026-08-18 14:00:19,11,35,27,2.869,3.902,1,Medium
2026-08-18 14:10:14,11,47,39,2.869,3.902,1,Low
2026-08-18 14:20:22,12,47,35,2.869,3.942,1,Low
2026-08-18 14:30:19,11,35,23,2.869,3.936,1,Low
2026-08-18 14:40:20,10,37,25,2.869,3.942,1,Low
2026-08-18 14:41:22,11,38,26,2.869,3.936,1,Low
2026-08-18 14:50:16,11,39,27,2.869,3.936,1,Low
2026-08-18 15:00:25,10,38,26,2.869,3.935,1,Low
2026-08-18 15:10:19,9,34,21,2.869,3.936,1,Low
2026-08-18 15:14:58,10,35,22,2.869,3.876,1,Low
2026-08-18 15:20:16,10,42,30,2.869,3.883,1,Low
2026-08-18 15:30:15,10,42,30,2.869,3.942,1,Low
2026-08-18 15:40:18,11,43,30,2.869,4.015,1,Low
2026-08-18 15:49:08,10,37,25,2.869,3.916,1,Low
2026-08-18 15:50:36,10,37,25,2.869,3.916,1,Low
2026-08-18 16:00:20,11,35,27,2.869,3.958,1,Low
2026-08-18 16:10:20,11,37,25,2.869,3.949,1,Medium
2026-08-18 16:14:13,14,49,37,2.869,3.942,1,Low
2026-08-18 16:20:15,12,47,35,2.869,4.014,1,Low
2026-08-18 16:30:18,13,48,36,2.869,3.958,1,Low
2026-08-18 16:40:15,13,48,36,2.962,3.949,1,Medium
2026-08-18 16:50:17,15,53,41,2.963,4.015,1,Low
2026-08-18 16:52:07,14,45,33,2.963,3.984,1,Low
2026-08-18 17:00:20,13,43,31,2.963,3.953,1,Low
2026-08-18 17:10:14,13,40,28,2.736,4.079,1,Low
2026-08-18 17:20:15,12,37,25,2.736,4.017,1,Low
2026-08-18 17:24:21,12,37,25,2.736,4.0,1,Low
2026-08-18 17:30:18,11,36,24,2.736,4.006,1,Low
2026-08-18 17:40:15,13,39,27,2.736,3.953,1,Low
2026-08-18 17:50:15,13,42,30,2.736,3.953,1,Low
2026-08-18 17:53:54,11,40,28,2.736,3.995,1,Low
2026-08-18 18:00:20,11,40,28,2.736,3.953,1,Low
2026-08-18 18:10:15,12,40,28,2.736,3.918,1,Low
2026-08-18 18:20:13,12,39,27,2.736,3.944,1,Low
2026-08-18 18:30:21,10,34,26,2.736,3.979,1,Low
2026-08-18 18:34:32,10,34,26,2.736,3.979,1,Low
2026-08-18 18:40:27,10,34,26,2.736,3.944,1,Low
2026-08-18 18:50:17,10,34,26,2.736,3.944,1,Low
2026-08-18 19:00:21,10,31,21,2.736,3.979,1,Low
2026-08-18 19:10:16,10,33,25,2.736,3.979,1,Low
2026-08-18 19:11:50,10,33,25,2.736,3.979,1,Low
2026-08-18 19:20:18,11,34,26,2.469,3.953,1,Low
2026-08-18 19:30:20,11,33,25,2.469,3.953,1,Low
2026-08-18 19:40:18,12,41,33,2.469,3.979,1,Medium
2026-08-18 19:43:04,13,45,37,2.469,4.006,1,Low
2026-08-18 19:50:15,14,48,40,2.469,3.979,1,Low
2026-08-18 20:00:19,16,51,43,2.469,3.979,1,Low
2026-08-18 20:10:14,16,47,39,2.469,3.979,1,Medium
2026-08-18 20:20:18,16,47,39,2.469,4.01,1,Medium
2026-08-18 20:30:19,16,47,39,2.469,4.01,1,Medium
2026-08-18 20:36:23,16,47,39,2.469,4.01,1,Medium
2026-08-18 20:40:16,17,46,38,2.469,4.006,1,Low
2026-08-18 20:50:14,16,47,39,2.469,4.01,1,Low
2026-08-18 20:56:59,15,47,39,2.469,4.014,1,Low
2026-08-18 21:00:23,15,47,39,2.469,4.014,1,Low
2026-08-18 21:10:21,14,41,33,2.469,4.012,1,Low
2026-08-18 21:20:17,13,37,29,2.469,4.011,1,Low
2026-08-18 21:26:50,12,33,25,2.469,3.92,1,Low
2026-08-18 21:30:17,12,31,23,2.469,3.903,1,Medium
2026-08-18 21:40:14,15,40,28,2.469,3.936,1,Medium
2026-08-18 21:48:45,14,40,28,2.469,3.973,1,Medium
2026-08-18 21:50:14,13,39,27,2.469,3.936,1,Medium
2026-08-18 22:00:20,14,42,30,2.469,3.973,1,Low
2026-08-18 22:01:47,14,42,30,2.469,3.973,1,Medium
2026-08-18 22:10:15,15,43,31,2.469,4.011,1,Low
2026-08-18 22:20:14,18,48,36,2.469,3.936,1,Low
2026-08-18 22:30:17,19,50,38,2.469,3.936,1,Low
2026-08-18 22:37:09,17,45,33,2.469,3.816,1,Low
2026-08-18 22:40:19,18,50,38,2.469,3.85,1,Low
2026-08-18 22:50:26,18,50,38,2.469,3.81,1,Medium
2026-08-18 22:57:59,17,49,37,2.469,3.722,1,Low
2026-08-18 23:00:21,16,48,36,2.469,3.666,1,Low
2026-08-18 23:10:17,17,49,37,2.469,3.611,1,Low
2026-08-18 23:20:16,17,53,41,2.469,3.611,1,Low
2026-08-18 23:26:21,16,43,39,2.469,3.611,1,Low
2026-08-18 23:30:19,16,46,42,2.469,3.611,1,Low
2026-08-18 23:40:15,15,38,34,2.469,3.611,1,Low
2026-08-18 23:47:25,16,45,41,2.469,3.714,1,Low
2026-08-18 23:50:14,17,42,38,2.469,3.816,1,Low
2026-08-19 00:00:29,18,44,40,2.469,3.876,1,Low
2026-08-19 00:01:46,17,44,40,2.469,3.611,1,Low
2026-08-19 00:10:17,18,51,39,2.336,3.714,1,Low
2026-08-19 00:20:13,17,50,38,2.336,3.935,1,Low
2026-08-19 00:30:18,15,50,38,2.336,3.883,1,Low
2026-08-19 00:40:13,16,50,38,2.336,3.838,1,Low
2026-08-19 00:50:13,17,52,44,2.336,3.816,1,Low
2026-08-19 01:00:24,16,48,40,2.336,3.754,1,Low
2026-08-19 01:10:26,17,47,39,2.336,3.611,1,Low
2026-08-19 01:20:15,16,43,35,2.336,3.611,1,Low
2026-08-19 01:30:18,16,43,35,2.336,3.611,1,Low
2026-08-19 01:40:14,15,38,30,2.336,3.611,1,Low
2026-08-19 01:49:28,17,44,36,2.336,3.611,1,Low
2026-08-19 01:50:13,17,44,36,2.336,3.611,1,Low
2026-08-19 02:00:19,18,49,41,2.336,3.648,1,Medium
2026-08-19 02:10:14,19,50,42,2.336,3.685,1,Low
2026-08-19 02:20:18,19,56,40,2.336,3.685,1,Low
2026-08-19 02:30:18,19,59,43,2.336,3.816,1,Low
2026-08-19 02:40:16,20,60,44,2.336,3.849,1,Low
2026-08-19 02:45:34,22,63,46,2.336,3.909,1,Low
2026-08-19 02:50:14,22,62,46,2.336,3.909,1,Low
2026-08-19 03:00:19,22,63,47,2.336,3.909,1,Low
2026-08-19 03:10:14,22,63,47,2.336,3.935,1,Medium
2026-08-19 03:20:15,20,64,48,2.336,3.909,1,Medium
2026-08-19 03:30:17,20,64,48,2.336,3.909,1,Low
2026-08-19 03:32:13,20,64,48,2.336,3.909,1,Low
2026-08-19 03:40:16,20,64,48,2.336,3.882,1,Low
2026-08-19 03:50:13,21,67,51,2.336,3.882,1,Medium
2026-08-19 04:00:19,23,66,50,2.336,3.882,1,Medium
2026-08-19 04:10:16,21,65,49,2.336,3.882,1,Low
2026-08-19 04:19:17,17,56,40,2.336,3.936,1,Medium
2026-08-19 04:20:16,18,58,50,2.336,3.935,1,Medium
2026-08-19 04:30:15,15,45,37,2.336,3.936,1,Medium
2026-08-19 04:40:14,16,51,43,2.336,3.909,1,Low
2026-08-19 04:50:14,18,53,45,2.336,3.909,1,Medium
2026-08-19 04:56:18,17,52,44,2.336,3.936,1,Low
2026-08-19 05:00:22,17,52,44,2.336,3.927,1,Low
2026-08-19 05:10:13,17,50,42,2.336,3.861,1,Low
2026-08-19 05:20:13,18,51,43,2.336,3.787,1,Low
2026-08-19 05:30:18,18,50,42,2.336,3.755,1,Low
2026-08-19 05:31:09,19,51,43,2.336,3.685,1,Low
2026-08-19 05:40:13,18,50,42,2.336,3.714,1,Low
2026-08-19 05:50:13,17,51,43,2.336,3.611,1,Low
2026-08-19 05:59:46,17,50,42,2.336,3.611,1,Low
2026-08-19 06:10:12,14,34,26,2.336,3.608,1,Low
2026-08-19 06:20:20,15,35,27,2.336,3.606,1,Medium
2026-08-19 06:30:24,14,34,26,2.336,3.604,1,Low
2026-08-19 06:40:13,15,35,27,2.336,3.606,1,Low
2026-08-19 06:50:15,14,33,25,2.336,3.608,1,Medium
2026-08-19 06:58:16,12,31,23,2.336,3.586,1,Low
2026-08-19 07:00:22,12,31,23,2.336,3.543,1,Low
2026-08-19 07:10:16,11,29,20,2.336,3.606,1,Low
2026-08-19 07:20:13,10,28,20,2.336,3.611,1,Low
2026-08-19 07:30:16,11,30,22,2.336,3.611,1,Low
2026-08-19 07:40:13,10,34,26,2.336,3.811,1,Low
2026-08-19 07:43:48,12,36,28,2.336,3.973,1,Low
2026-08-19 07:50:15,15,43,35,2.336,3.935,1,Low
2026-08-19 08:00:21,15,35,27,2.336,3.883,1,Low
2026-08-19 08:10:16,15,35,27,2.336,3.936,1,Low
2026-08-19 08:17:00,15,35,27,2.336,3.936,1,Low
2026-08-19 08:20:13,16,36,28,2.336,3.909,1,Low
2026-08-19 08:30:16,16,40,32,2.336,3.909,1,Low
2026-08-19 08:43:25,19,47,39,2.336,3.883,1,Low
2026-08-19 08:50:23,21,56,48,2.336,3.89,1,Low
2026-08-19 08:58:22,18,46,38,2.336,3.784,1,Low
2026-08-19 09:00:22,19,47,39,2.336,3.883,1,Low
2026-08-19 09:10:15,17,38,38,2.336,3.685,1,Low
2026-08-19 09:20:16,17,38,38,2.336,3.935,1,Low
2026-08-19 09:30:19,17,45,37,2.336,3.883,1,Low
2026-08-19 09:39:37,17,42,34,2.336,3.883,1,Low
2026-08-19 09:40:15,18,44,36,2.336,3.935,1,Low
2026-08-19 09:50:13,16,43,35,2.336,3.909,1,Medium
2026-08-19 10:00:20,16,44,36,2.336,3.946,1,Low
2026-08-19 10:03:20,16,44,36,2.336,3.909,1,Low
2026-08-19 10:10:17,16,44,36,2.336,3.909,1,Low
2026-08-19 10:20:20,17,49,41,2.336,3.883,1,Low
2026-08-19 10:30:17,16,54,46,2.336,3.973,1,Medium
2026-08-19 10:40:24,20,58,50,2.336,3.909,1,Medium
2026-08-19 10:42:06,19,56,48,2.336,3.936,1,Medium
2026-08-19 10:50:13,20,60,52,2.336,3.909,1,Medium
2026-08-19 11:00:30,20,60,52,2.336,3.883,1,Low
2026-08-19 11:07:16,18,52,44,2.336,3.881,1,Low
2026-08-19 11:10:13,18,52,44,2.336,3.881,1,Low
2026-08-19 11:20:20,19,47,39,2.336,3.936,1,Low
2026-08-19 11:30:17,19,47,39,2.336,3.936,1,Low
2026-08-19 11:36:23,18,47,39,2.336,3.88,1,Low
2026-08-19 11:40:14,20,55,47,2.336,3.88,1,Low
2026-08-19 11:50:18,20,56,48,2.336,3.88,1,Low
2026-08-19 11:58:04,22,60,52,2.336,3.935,1,Low
2026-08-19 12:00:21,20,58,50,2.336,3.88,1,Low
2026-08-19 12:10:14,19,57,49,2.336,3.936,1,Medium
2026-08-19 12:20:16,16,51,43,2.336,3.947,1,Low
2026-08-19 12:30:17,19,61,53,2.336,3.936,1,Low
2026-08-19 12:40:23,17,43,35,2.336,3.936,1,Low
2026-08-19 12:50:17,19,47,39,2.336,3.936,1,Low
2026-08-19 12:56:45,17,43,35,2.336,3.927,1,Low
2026-08-19 13:00:25,17,43,35,2.336,3.826,1,Low
2026-08-19 13:10:18,17,37,29,2.336,3.611,1,Low
2026-08-19 13:20:16,16,38,30,2.336,3.67,1,Low
2026-08-19 13:30:20,18,40,32,2.336,3.678,1,Low
2026-08-19 13:40:15,16,35,27,2.336,3.653,1,Low
2026-08-19 13:45:37,17,36,28,2.336,3.611,1,Low
2026-08-19 13:50:17,16,37,29,2.336,3.607,1,Low
2026-08-19 14:00:40,16,36,28,2.336,3.653,1,Low
2026-08-19 14:10:14,15,35,27,2.336,3.826,1,Low
2026-08-19 14:18:37,13,32,24,2.336,3.611,1,Low
2026-08-19 14:20:25,14,33,25,2.336,3.719,1,Low
2026-08-19 14:30:19,13,32,24,3.278,3.694,1,Low
2026-08-19 14:40:14,11,29,21,3.401,3.883,1,Low
2026-08-19 14:50:41,8,26,18,2.336,3.947,1,Low
2026-08-19 14:57:10,9,29,21,2.336,4.011,1,Low
2026-08-19 15:00:22,8,28,20,2.336,4.032,1,Low
2026-08-19 15:10:16,10,37,29,2.336,4.032,1,Low
2026-08-19 15:20:17,9,36,28,2.336,4.011,1,Low
2026-08-19 15:30:25,7,29,21,2.336,4.011,1,Low
2026-08-19 15:39:04,8,25,17,2.336,4.177,1,Low
2026-08-19 15:40:16,8,25,17,2.336,4.177,1,Low
2026-08-19 15:50:15,9,32,24,2.336,4.343,1,Low
2026-08-19 16:00:20,9,33,25,2.336,4.343,1,Low
2026-08-19 16:01:08,9,33,25,2.336,4.343,1,Low
2026-08-19 16:10:14,12,37,29,2.336,4.146,1,Low
2026-08-19 16:20:15,9,31,23,2.602,4.08,1,Low
2026-08-19 16:30:19,10,33,25,2.602,4.343,1,Low
2026-08-19 16:40:26,12,34,26,2.602,4.343,1,Low
2026-08-19 16:43:33,11,32,24,2.602,4.343,1,Low
2026-08-19 16:50:49,8,26,18,2.602,4.212,1,Low
2026-08-19 17:00:21,9,27,18,2.602,4.08,1,Low
2026-08-19 17:10:19,7,24,16,2.602,4.08,1,Low
2026-08-19 17:10:57,7,24,16,2.602,4.08,1,Low
2026-08-19 17:20:18,12,30,22,2.602,4.032,1,Low
2026-08-19 17:30:17,11,28,20,2.602,4.011,1,Low
2026-08-19 17:40:13,12,29,21,2.602,3.973,1,Low
2026-08-19 17:43:49,12,29,21,2.602,3.973,1,Low
2026-08-19 17:50:14,11,28,20,2.602,4.011,1,Low
2026-08-19 18:00:34,8,25,17,2.602,4.212,1,Low
2026-08-19 18:02:30,7,24,16,3.401,4.343,1,Low
2026-08-19 18:10:17,7,25,17,3.401,4.08,1,Low
2026-08-19 18:20:20,11,29,20,2.602,4.08,1,Low
2026-08-19 18:30:21,12,30,22,2.602,3.947,1,Low
2026-08-19 18:40:17,13,32,24,2.602,3.998,1,Low
2026-08-19 18:50:14,15,34,25,2.602,4.011,1,Low
2026-08-19 19:00:20,15,34,26,2.602,4.011,1,Low
2026-08-19 19:10:27,15,34,25,2.602,4.011,1,Low
2026-08-19 19:20:16,16,37,29,2.602,4.032,1,Low
2026-08-19 19:22:28,16,37,29,2.602,4.032,1,Low
2026-08-19 19:30:16,16,40,32,2.602,4.067,1,Medium
2026-08-19 19:40:17,14,37,29,2.602,3.936,1,Low
2026-08-19 19:48:50,13,37,29,2.602,4.011,1,Low
2026-08-19 19:50:14,13,37,29,2.602,3.936,1,Low
2026-08-19 20:00:20,14,45,37,2.602,3.935,1,Low
2026-08-19 20:10:12,15,46,38,2.602,3.936,1,Low
2026-08-19 20:20:18,16,47,39,2.602,3.909,1,Low
2026-08-19 20:30:19,16,54,38,2.602,3.935,1,Low
2026-08-19 20:40:15,15,45,37,2.602,3.935,1,Low
2026-08-19 20:44:33,14,43,35,2.602,3.935,1,Low
2026-08-19 20:50:15,16,45,36,2.602,3.973,1,Low
2026-08-19 21:00:25,15,44,35,2.602,4.221,1,Low
2026-08-19 21:10:15,14,44,36,2.602,4.111,1,Low
2026-08-19 21:20:14,17,46,38,2.602,4.011,1,Medium
2026-08-19 21:30:25,17,48,40,2.602,4.011,1,Low
2026-08-19 21:40:17,18,52,44,2.602,3.929,1,Low
2026-08-19 21:43:41,17,46,38,2.602,3.883,1,Low
2026-08-19 21:50:17,17,52,44,2.602,3.883,1,Low
2026-08-19 22:00:19,15,45,37,2.602,3.883,1,Medium
2026-08-19 22:02:50,14,45,37,2.602,3.876,1,Low
2026-08-19 22:10:14,14,44,36,2.336,3.816,1,Medium
2026-08-19 22:20:15,15,45,37,2.336,3.618,1,Medium
2026-08-19 22:30:16,16,43,35,2.336,3.714,1,Medium
2026-08-19 22:36:47,16,47,39,2.336,3.714,1,Low
2026-08-19 22:40:14,16,47,39,2.336,3.697,1,Medium
2026-08-19 22:50:15,14,45,37,2.336,3.608,1,Medium
2026-08-19 22:57:48,15,47,39,2.336,3.611,1,Medium
2026-08-19 23:00:34,15,49,41,2.336,3.611,1,Medium
2026-08-19 23:10:17,14,49,41,2.336,3.608,1,Low
2026-08-19 23:20:17,16,52,44,2.336,3.711,1,Low
2026-08-19 23:26:39,15,49,41,2.336,3.606,1,Medium
2026-08-19 23:30:15,15,49,41,2.336,3.606,1,Medium
2026-08-19 23:40:14,17,52,44,2.336,3.763,1,Medium
2026-08-19 23:47:40,15,50,42,2.336,3.935,1,Low
2026-08-19 23:50:14,15,51,43,2.336,3.935,1,Low
2026-08-20 00:00:20,15,50,42,2.336,3.935,1,Medium
2026-08-20 00:10:15,16,51,42,2.336,3.935,1,Medium
2026-08-20 00:20:13,15,44,44,2.336,3.935,1,Medium
2026-08-20 00:23:31,15,44,44,2.336,3.935,1,Medium
2026-08-20 00:30:20,16,45,45,2.336,3.935,1,Medium
2026-08-20 00:40:14,18,53,45,2.336,3.935,1,Medium
2026-08-20 00:50:12,16,49,41,2.336,3.77,1,Medium
2026-08-20 01:00:17,16,48,40,2.336,3.913,1,Medium
2026-08-20 01:10:18,16,46,38,2.336,3.935,1,Medium
2026-08-20 01:20:17,17,46,38,2.336,3.935,1,Medium
2026-08-20 01:30:18,17,46,38,2.336,3.883,1,Medium
2026-08-20 01:40:17,17,47,39,2.336,3.883,1,Low
2026-08-20 01:50:15,19,52,44,2.336,3.883,1,Low
2026-08-20 01:58:14,17,47,39,2.336,3.927,1,Low
2026-08-20 02:00:22,17,47,39,2.336,3.927,1,Low
2026-08-20 02:10:14,18,48,40,2.336,3.854,1,Low
2026-08-20 02:20:18,19,56,48,2.336,3.935,1,Low
2026-08-20 02:30:18,18,51,43,2.336,3.935,1,Low
2026-08-20 02:40:15,19,53,45,2.336,3.935,1,High
2026-08-20 02:50:15,17,53,45,2.336,3.935,1,High
2026-08-20 03:00:18,19,56,48,2.336,3.936,1,High
2026-08-20 03:02:22,19,55,47,2.336,3.936,1,High
2026-08-20 03:10:17,19,55,47,2.336,3.936,1,Low
2026-08-20 03:20:14,18,51,43,2.336,3.935,1,Low
2026-08-20 03:30:18,20,61,53,2.336,3.849,1,High
2026-08-20 03:40:17,20,59,51,2.336,3.717,1,High
2026-08-20 03:50:15,20,57,49,2.336,3.709,1,High
2026-08-20 03:54:52,19,56,48,2.336,3.816,1,High
2026-08-20 04:00:21,18,54,46,2.336,3.876,1,High
2026-08-20 04:10:17,18,54,46,2.336,3.876,1,High
2026-08-20 04:20:13,16,46,38,2.336,3.876,1,High
2026-08-20 04:30:19,16,47,39,2.336,3.876,1,Medium
2026-08-20 04:34:07,16,46,38,2.336,3.876,1,Medium
2026-08-20 04:40:12,17,47,39,2.336,3.816,1,Medium
2026-08-20 04:50:13,16,43,35,2.336,3.77,1,Medium
2026-08-20 05:00:21,15,38,30,2.336,3.816,1,Medium
2026-08-20 05:07:30,18,46,30,2.336,3.891,1,Medium
2026-08-20 05:10:17,18,46,30,2.336,3.876,1,Medium
2026-08-20 05:20:19,20,46,38,2.336,3.876,1,Medium
2026-08-20 05:30:16,23,50,41,2.336,3.935,1,Medium
2026-08-20 05:40:14,20,44,36,2.336,3.935,1,Medium
2026-08-20 05:43:59,22,49,41,2.336,3.876,1,Medium
2026-08-20 05:50:16,21,48,40,2.336,3.935,1,High
2026-08-20 06:00:22,19,43,35,2.336,3.935,1,High
2026-08-20 06:10:14,20,45,37,2.336,3.815,1,Medium
2026-08-20 06:17:43,21,55,47,2.336,3.816,1,Medium
2026-08-20 06:20:12,21,52,44,2.336,3.935,1,Medium
2026-08-20 06:30:15,23,57,49,2.336,3.935,1,Medium
2026-08-20 06:40:14,21,54,46,2.336,3.935,1,Medium
2026-08-20 06:50:15,21,54,45,2.336,3.936,1,Medium
2026-08-20 07:00:20,20,53,45,2.336,3.942,1,Low
2026-08-20 07:10:16,21,53,45,2.336,3.936,1,Low
2026-08-20 07:11:10,21,53,45,2.336,3.936,1,Low
2026-08-20 07:20:15,19,49,41,2.336,3.936,1,Low
2026-08-20 07:30:16,21,53,45,2.336,3.936,1,Low
2026-08-20 07:40:12,19,51,43,2.336,3.935,1,Low
2026-08-20 07:50:15,20,51,43,2.336,3.935,1,Low
2026-08-20 07:59:09,20,52,44,2.336,3.936,1,Low
2026-08-20 08:00:21,20,52,44,2.336,3.936,1,Low
2026-08-20 08:10:15,20,52,44,2.336,3.936,1,Low
2026-08-20 08:20:18,19,48,40,2.336,3.936,1,Low
2026-08-20 08:30:17,20,49,41,2.336,3.936,1,Low
2026-08-20 08:40:14,18,45,37,2.336,3.773,1,Low
2026-08-20 08:49:18,17,45,37,2.336,3.936,1,Low
2026-08-20 08:50:13,17,44,36,2.336,3.936,1,Low
2026-08-20 09:00:20,18,45,37,2.336,3.942,1,Low
2026-08-20 09:10:14,16,43,35,2.336,3.942,1,Low
2026-08-20 09:19:36,17,44,36,2.336,3.949,1,Low
2026-08-20 09:20:16,17,44,36,2.336,3.949,1,Low
